Workbook

Sheet 401
A1: BT401
A2: Faculty Name: | C2: Prof. Neetu Verma
A3: Subject Name : | C3: M-III
A4: Subject Code : | C4: BT401
A5: Start Date | C5: 46104
A6: End Date
H7: 1 | I7: 2 | J7: 3 | K7: 4 | L7: 5 | O7: 1 | P7: 2 | Q7: 3 | R7: 4 | S7: 5 | T7: 6 | U7: 7 | V7: 8 | W7: 9 | X7: 10 | Y7: 11 | Z7: 12 | AA7: 13 | AB7: 14 | AC7: 15 | AD7: 16 | AE7: 17 | AF7: 18 | AG7: 19 | AH7: 20 | AI7: 21 | AL7: 1 | AM7: 2 | AN7: 3 | AO7: 4 | AP7: 5 | AQ7: 6 | AR7: 7 | AS7: 8 | AT7: 9 | AU7: 10 | AV7: 11 | AW7: 12 | AX7: 13 | AY7: 14 | AZ7: 15 | BA7: 16 | BB7: 17 | BC7: 18 | BD7: 19 | BE7: 20 | BF7: 21 | BI7: 1 | BJ7: 2 | BK7: 3 | BL7: 4 | BM7: 5 | BN7: 6 | BO7: 7 | BP7: 8 | BQ7: 9 | BR7: 10 | BS7: 11 | BT7: 12 | BU7: 13 | BV7: 14 | BW7: 15 | BX7: 16 | BY7: 17 | BZ7: 18 | CA7: 19 | CB7: 20 | CC7: 21 | CD7: 22 | CG7: 1 | CH7: 2 | CI7: 3 | CJ7: 4 | CK7: 5 | CL7: 6 | CM7: 7 | CN7: 8 | CO7: 9 | CP7: 10 | CQ7: 11 | CR7: 12 | CS7: 13 | CT7: 14 | CU7: 15 | CV7: 16
D8: Total Class | E8: OverAll Att. % | F8: Att. 50% | G8: Att. 30% | H8: 46104 | I8: 46105 | J8: 46106 | K8: 46107 | L8: 46111 | M8: MAR CLASS | N8: MARCH % | O8: 46113 | P8: 46114 | Q8: 46115 | R8: 46118 | S8: 46119 | T8: 46120 | U8: 46121 | V8: 46122 | W8: 46125 | X8: 46127 | Y8: 46128 | Z8: 46129 | AA8: 46132 | AB8: 46133 | AC8: 46134 | AD8: 46135 | AE8: 46136 | AF8: 46139 | AG8: 46140 | AH8: 46141 | AI8: 46142 | AJ8: APRIL CLASS | AK8: APRIL % | AL8: 46143 | AM8: 46146 | AN8: 46147 | AO8: 46148 | AP8: 46149 | AQ8: 46150 | AR8: 46153 | AS8: 46154 | AT8: 46155 | AU8: 46156 | AV8: 46157 | AW8: 46160 | AX8: 46161 | AY8: 46162 | AZ8: 46163 | BA8: 46164 | BB8: 46167 | BC8: 46168 | BD8: 46169 | BE8: 46170 | BF8: 46171 | BG8: MAY CLASS | BH8: MAY% | BI8: 46174 | BJ8: 46175 | BK8: 46176 | BL8: 46177 | BM8: 46178 | BN8: 46181 | BO8: 46182 | BP8: 46183 | BQ8: 46184 | BR8: 46185 | BS8: 46188 | BT8: 46189 | BU8: 46190 | BV8: 46191 | BW8: 46192 | BX8: 46195 | BY8: 46196 | BZ8: 46197 | CA8: 46198 | CB8: 46199 | CC8: 46202 | CD8: 46203 | CE8: JUNE CLASS | CF8: JUNE % | CG8: 46205 | CH8: 46209 | CI8: 46210 | CW8: JULY CLASS | CX8: JULY% | DK8: AUG CLASS | DL8: AUG%
A9: s.no. | B9: Enrollment NO. | C9: Student Name | D9: =SUM(M9+AJ9+BG9+CE9+CW9+DK9) -> 44 | H9: =SUM(H11:H92) -> 4 | I9: =SUM(I11:I92) -> 3 | J9: =SUM(J11:J92) -> 3 | K9: =SUM(K11:K92) -> 3 | L9: =SUM(L11:L92) -> 0 | M9: =COUNTIF(H9:L9,">0") -> 4 | N9: =COUNTIF(H9:K9,">0") -> 4 | O9: =SUM(O11:O92) -> 3 | P9: =SUM(P11:P92) -> 5 | Q9: =SUM(Q11:Q92) -> 0 | R9: =SUM(R11:R92) -> 0 | S9: =SUM(S11:S92) -> 0 | T9: =SUM(T11:T92) -> 0 | U9: =SUM(U11:U92) -> 0 | V9: =SUM(V11:V92) -> 0 | ... AI9: =SUM(AI11:AI92) -> 44 | AJ9: =COUNTIF(O9:AI9,">0") -> 13 | AK9: =SUM(M9+AJ9) -> 17 | AL9: =SUM(AL11:AL92) -> 0 | AM9: =SUM(AM12:AM92) -> 45 | AN9: =SUM(AN12:AN92) -> 42 | AO9: =SUM(AO12:AO92) -> 39 | AP9: =SUM(AP12:AP92) -> 52 | AQ9: =SUM(AQ11:AQ92) -> 0 | AR9: =SUM(AR11:AR92) -> 44 | AS9: =SUM(AS11:AS92) -> 28 | AT9: =SUM(AT11:AT92) -> 35 | AU9: =SUM(AU11:AU92) -> 48 | AV9: =SUM(AV11:AV92) -> 0 | AW9: =SUM(AW11:AW92) -> 0 | AX9: =SUM(AX11:AX92) -> 0 | ... BF9: =SUM(BF11:BF92) -> 0 | BG9: =COUNTIF(AM9:BF9,">0") -> 12 | BH9: =SUM(AK9+BG9) -> 29 | BI9: =SUM(BI11:BI92) -> 41 | BJ9: =SUM(BJ11:BJ92) -> 49 | BK9: =SUM(BK11:BK92) -> 0 | BL9: =SUM(BL11:BL92) -> 50 | BM9: =SUM(BM11:BM92) -> 0 | BN9: =SUM(BN11:BN92) -> 0 | BO9: =SUM(BO11:BO92) -> 49 | BP9: =SUM(BP11:BP92) -> 58 | ... CD9: =SUM(CD11:CD92) -> 0 | CE9: =COUNTIF(BI9:CD9,">0") -> 13 | CF9: =SUM(BH9+CE9) -> 42 | CH9: =SUM(CH11:CH85) -> 15 | CI9: =SUM(CI11:CI85) -> 17 | CJ9: =SUM(CJ11:CJ85) -> 0 | CK9: =SUM(CK11:CK85) -> 0 | CL9: =SUM(CL11:CL85) -> 0 | CM9: =SUM(CM11:CM85) -> 0 | CN9: =SUM(CN11:CN85) -> 0 | CO9: =SUM(CO11:CO85) -> 0 | ... CR9: =SUM(CR11:CR85) -> 0 | CS9: =SUM(CS10:CS92) -> 0 | CT9: =SUM(CT10:CT92) -> 0 | CU9: =SUM(CU11:CU92) -> 0 | CV9: =SUM(CV11:CV85) -> 0 | CW9: =COUNTIF(CG9:CV9,">0") -> 2 | CX9: =SUM(CF9+CW9) -> 44 | CY9: =SUM(CY11:CY85) -> 0 | CZ9: =SUM(CZ11:CZ85) -> 0 | DA9: =SUM(DA11:DA85) -> 0 | DB9: =SUM(DB11:DB85) -> 0 | DC9: =SUM(DC11:DC85) -> 0 | DD9: =SUM(DD11:DD85) -> 0 | DE9: =SUM(DE11:DE85) -> 0 | DF9: =SUM(DF11:DF85) -> 0 | ... DJ9: =SUM(DJ11:DJ85) -> 0 | DK9: =COUNTIF(CY9:DJ9,">0") -> 0 | DL9: =SUM(CX9+DK9) -> 44
A10: 1 | B10: 0827CI231006 | C10: ABHINAV KOURAV | D10: =SUM(M10+AJ10+BG10+CE10+CW10+DK10) -> 0 | E10: =(D10)/D$9*100 -> 0 | F10: =IF(E10<50,E10, " ") -> 0 | G10: =IF(E10<30,E10, " ") -> 0 | M10: =SUM(H10:L10) -> 0 | N10: =M10/M$9*100 -> 0 | AJ10: =SUM(O10:AI10) -> 0 | AK10: =AJ10/AJ$9*100 -> 0 | BG10: =SUM(AM10:BF10) -> 0 | BH10: =BG10/BG$9*100 -> 0 | CE10: =SUM(BI10:CD10) -> 0 | CF10: =CE10/CE$9*100 -> 0 | CW10: =SUM(CG10:CV10) -> 0 | CX10: =CW10/CW$9*100 -> 0 | DK10: =SUM(CY10:DJ10) -> 0 | DL10: =DK10/DK$9*100 -> #DIV/0!
A11: 2 | B11: 0827CI241001 | C11: AANCHAL GUTA | D11: =SUM(M11+AJ11+BG11+CE11+CW11+DK11) -> 29 | E11: =(D11)/D$9*100 -> 65.909091 | F11: =IF(E11<50,E11, " ") | G11: =IF(E11<30,E11, " ") | M11: =SUM(H11:L11) -> 0 | N11: =M11/M$9*100 -> 0 | W11: 1 | X11: 1 | Y11: 1 | AB11: 1 | AD11: 1 | AF11: 1 | AG11: 1 | AH11: 1 | AI11: 1 | AJ11: =SUM(O11:AI11) -> 9 | AK11: =AJ11/AJ$9*100 -> 69.230769 | AM11: 1 | AN11: 1 | AP11: 1 | AR11: 1 | AT11: 1 | BB11: 1 | BD11: 1 | BE11: 1 | BG11: =SUM(AM11:BF11) -> 8 | BH11: =BG11/BG$9*100 -> 66.666667 | BI11: 1 | BJ11: 1 | BL11: 1 | BP11: 1 | BS11: 1 | BT11: 1 | BU11: 1 | BV11: 1 | BX11: 1 | BY11: 1 | CA11: 1 | CE11: =SUM(BI11:CD11) -> 11 | CF11: =CE11/CE$9*100 -> 84.615385 | CI11: 1 | CW11: =SUM(CG11:CV11) -> 1 | CX11: =CW11/CW$9*100 -> 50 | DK11: =SUM(CY11:DJ11) -> 0 | DL11: =DK11/DK$9*100 -> #DIV/0!
A12: 3 | B12: 0827CI241002 | C12: AARDRA TRIVEDI | D12: =SUM(M12+AJ12+BG12+CE12+CW12+DK12) -> 18 | E12: =(D12)/D$9*100 -> 40.909091 | F12: =IF(E12<50,E12, " ") -> 40.909091 | G12: =IF(E12<30,E12, " ") | M12: =SUM(H12:L12) -> 0 | N12: =M12/M$9*100 -> 0 | X12: 1 | Y12: 1 | AA12: 1 | AB12: 1 | AC12: 1 | AF12: 1 | AH12: 1 | AJ12: =SUM(O12:AI12) -> 7 | AK12: =AJ12/AJ$9*100 -> 53.846154 | AM12: 1 | AN12: 1 | AO12: 1 | AP12: 1 | AR12: 1 | AU12: 1 | BG12: =SUM(AM12:BF12) -> 6 | BH12: =BG12/BG$9*100 -> 50 | BL12: 1 | BP12: 1 | BT12: 1 | BU12: 1 | BV12: 1 | CE12: =SUM(BI12:CD12) -> 5 | CF12: =CE12/CE$9*100 -> 38.461538 | CW12: =SUM(CG12:CV12) -> 0 | CX12: =CW12/CW$9*100 -> 0 | DK12: =SUM(CY12:DJ12) -> 0 | DL12: =DK12/DK$9*100 -> #DIV/0!
A13: 4 | B13: 0827CI241003 | C13: AARNA DUBEY | D13: =SUM(M13+AJ13+BG13+CE13+CW13+DK13) -> 24 | E13: =(D13)/D$9*100 -> 54.545455 | F13: =IF(E13<50,E13, " ") | G13: =IF(E13<30,E13, " ") | M13: =SUM(H13:L13) -> 0 | N13: =M13/M$9*100 -> 0 | Y13: 1 | AB13: 1 | AC13: 1 | AD13: 1 | AF13: 1 | AG13: 1 | AH13: 1 | AJ13: =SUM(O13:AI13) -> 7 | AK13: =AJ13/AJ$9*100 -> 53.846154 | AM13: 1 | AN13: 1 | AO13: 1 | AP13: 1 | AR13: 1 | AU13: 1 | BB13: 1 | BC13: 1 | BD13: 1 | BE13: 1 | BG13: =SUM(AM13:BF13) -> 10 | BH13: =BG13/BG$9*100 -> 83.333333 | BJ13: 1 | BL13: 1 | BP13: 1 | BT13: 1 | BU13: 1 | BV13: 1 | BY13: 1 | CE13: =SUM(BI13:CD13) -> 7 | CF13: =CE13/CE$9*100 -> 53.846154 | CW13: =SUM(CG13:CV13) -> 0 | CX13: =CW13/CW$9*100 -> 0 | DK13: =SUM(CY13:DJ13) -> 0 | DL13: =DK13/DK$9*100 -> #DIV/0!
A14: 5 | B14: 0827CI241004 | C14: AASHI BINDAL | D14: =SUM(M14+AJ14+BG14+CE14+CW14+DK14) -> 26 | E14: =(D14)/D$9*100 -> 59.090909 | F14: =IF(E14<50,E14, " ") | G14: =IF(E14<30,E14, " ") | M14: =SUM(H14:L14) -> 0 | N14: =M14/M$9*100 -> 0 | W14: 1 | Y14: 1 | AA14: 1 | AB14: 1 | AC14: 1 | AF14: 1 | AG14: 1 | AH14: 1 | AI14: 1 | AJ14: =SUM(O14:AI14) -> 9 | AK14: =AJ14/AJ$9*100 -> 69.230769 | AM14: 1 | AT14: 1 | AU14: 1 | BC14: 1 | BD14: 1 | BE14: 1 | BG14: =SUM(AM14:BF14) -> 6 | BH14: =BG14/BG$9*100 -> 50 | BI14: 1 | BJ14: 1 | BL14: 1 | BO14: 1 | BP14: 1 | BS14: 1 | BT14: 1 | BU14: 1 | BX14: 1 | BY14: 1 | CE14: =SUM(BI14:CD14) -> 10 | CF14: =CE14/CE$9*100 -> 76.923077 | CH14: 1 | CW14: =SUM(CG14:CV14) -> 1 | CX14: =CW14/CW$9*100 -> 50 | DK14: =SUM(CY14:DJ14) -> 0 | DL14: =DK14/DK$9*100 -> #DIV/0!
A15: 6 | B15: 0827CI241005 | C15: AASHI SAJJAN | D15: =SUM(M15+AJ15+BG15+CE15+CW15+DK15) -> 28 | E15: =(D15)/D$9*100 -> 63.636364 | F15: =IF(E15<50,E15, " ") | G15: =IF(E15<30,E15, " ") | M15: =SUM(H15:L15) -> 0 | N15: =M15/M$9*100 -> 0 | X15: 1 | Y15: 1 | AA15: 1 | AB15: 1 | AC15: 1 | AD15: 1 | AF15: 1 | AG15: 1 | AH15: 1 | AI15: 1 | AJ15: =SUM(O15:AI15) -> 10 | AK15: =AJ15/AJ$9*100 -> 76.923077 | AM15: 1 | AN15: 1 | AP15: 1 | AR15: 1 | AT15: 1 | AU15: 1 | BD15: 1 | BG15: =SUM(AM15:BF15) -> 7 | BH15: =BG15/BG$9*100 -> 58.333333 | BI15: 1 | BJ15: 1 | BL15: 1 | BO15: 1 | BP15: 1 | BS15: 1 | BU15: 1 | BV15: 1 | BY15: 1 | CE15: =SUM(BI15:CD15) -> 9 | CF15: =CE15/CE$9*100 -> 69.230769 | CH15: 1 | CI15: 1 | CW15: =SUM(CG15:CV15) -> 2 | CX15: =CW15/CW$9*100 -> 100 | DK15: =SUM(CY15:DJ15) -> 0 | DL15: =DK15/DK$9*100 -> #DIV/0!
A16: 7 | B16: 0827CI241006 | C16: AAYUSH DHAKAD | D16: =SUM(M16+AJ16+BG16+CE16+CW16+DK16) -> 8 | E16: =(D16)/D$9*100 -> 18.181818 | F16: =IF(E16<50,E16, " ") -> 18.181818 | G16: =IF(E16<30,E16, " ") -> 18.181818 | M16: =SUM(H16:L16) -> 0 | N16: =M16/M$9*100 -> 0 | X16: 1 | Y16: 1 | AB16: 1 | AC16: 1 | AJ16: =SUM(O16:AI16) -> 4 | AK16: =AJ16/AJ$9*100 -> 30.769231 | AM16: 1 | AO16: 1 | BG16: =SUM(AM16:BF16) -> 2 | BH16: =BG16/BG$9*100 -> 16.666667 | BT16: 1 | BV16: 1 | CE16: =SUM(BI16:CD16) -> 2 | CF16: =CE16/CE$9*100 -> 15.384615 | CW16: =SUM(CG16:CV16) -> 0 | CX16: =CW16/CW$9*100 -> 0 | DK16: =SUM(CY16:DJ16) -> 0 | DL16: =DK16/DK$9*100 -> #DIV/0!
A17: 8 | B17: 0827CI241007 | C17: ADARSH PATHADE | D17: =SUM(M17+AJ17+BG17+CE17+CW17+DK17) -> 17 | E17: =(D17)/D$9*100 -> 38.636364 | F17: =IF(E17<50,E17, " ") -> 38.636364 | G17: =IF(E17<30,E17, " ") | M17: =SUM(H17:L17) -> 0 | N17: =M17/M$9*100 -> 0 | X17: 1 | Y17: 1 | AB17: 1 | AC17: 1 | AD17: 1 | AF17: 1 | AH17: 1 | AI17: 1 | AJ17: =SUM(O17:AI17) -> 8 | AK17: =AJ17/AJ$9*100 -> 61.538462 | AU17: 1 | BG17: =SUM(AM17:BF17) -> 1 | BH17: =BG17/BG$9*100 -> 8.3333333 | BI17: 1 | BJ17: 1 | BP17: 1 | BT17: 1 | BY17: 1 | CA17: 1 | CE17: =SUM(BI17:CD17) -> 6 | CF17: =CE17/CE$9*100 -> 46.153846 | CG17: 1 | CH17: 1 | CW17: =SUM(CG17:CV17) -> 2 | CX17: =CW17/CW$9*100 -> 100 | DK17: =SUM(CY17:DJ17) -> 0 | DL17: =DK17/DK$9*100 -> #DIV/0!
A18: 9 | B18: 0827CI241008 | C18: ADITI MISHRA | D18: =SUM(M18+AJ18+BG18+CE18+CW18+DK18) -> 20 | E18: =(D18)/D$9*100 -> 45.454545 | F18: =IF(E18<50,E18, " ") -> 45.454545 | G18: =IF(E18<30,E18, " ") | M18: =SUM(H18:L18) -> 0 | N18: =M18/M$9*100 -> 0 | X18: 1 | Y18: 1 | AA18: 1 | AC18: 1 | AD18: 1 | AG18: 1 | AI18: 1 | AJ18: =SUM(O18:AI18) -> 7 | AK18: =AJ18/AJ$9*100 -> 53.846154 | AM18: 1 | AO18: 1 | AP18: 1 | AR18: 1 | AU18: 1 | BG18: =SUM(AM18:BF18) -> 5 | BH18: =BG18/BG$9*100 -> 41.666667 | BI18: 1 | BL18: 1 | BO18: 1 | BS18: 1 | BV18: 1 | BY18: 1 | CE18: =SUM(BI18:CD18) -> 6 | CF18: =CE18/CE$9*100 -> 46.153846 | CG18: 1 | CI18: 1 | CW18: =SUM(CG18:CV18) -> 2 | CX18: =CW18/CW$9*100 -> 100 | DK18: =SUM(CY18:DJ18) -> 0 | DL18: =DK18/DK$9*100 -> #DIV/0!
A19: 10 | B19: 0827CI241009 | C19: ADITYA TRIPATHI | D19: =SUM(M19+AJ19+BG19+CE19+CW19+DK19) -> 26 | E19: =(D19)/D$9*100 -> 59.090909 | F19: =IF(E19<50,E19, " ") | G19: =IF(E19<30,E19, " ") | M19: =SUM(H19:L19) -> 0 | N19: =M19/M$9*100 -> 0 | X19: 1 | Y19: 1 | AA19: 1 | AB19: 1 | AC19: 1 | AD19: 1 | AF19: 1 | AG19: 1 | AH19: 1 | AI19: 1 | AJ19: =SUM(O19:AI19) -> 10 | AK19: =AJ19/AJ$9*100 -> 76.923077 | AM19: 1 | AN19: 1 | AO19: 1 | AP19: 1 | AR19: 1 | AS19: 1 | BC19: 1 | BD19: 1 | BG19: =SUM(AM19:BF19) -> 8 | BH19: =BG19/BG$9*100 -> 66.666667 | BO19: 1 | BP19: 1 | BS19: 1 | BT19: 1 | BU19: 1 | BX19: 1 | BY19: 1 | CE19: =SUM(BI19:CD19) -> 7 | CF19: =CE19/CE$9*100 -> 53.846154 | CI19: 1 | CW19: =SUM(CG19:CV19) -> 1 | CX19: =CW19/CW$9*100 -> 50 | DK19: =SUM(CY19:DJ19) -> 0 | DL19: =DK19/DK$9*100 -> #DIV/0!
A20: 11 | B20: 0827CI241010 | C20: ADWITIYA VERMA | D20: =SUM(M20+AJ20+BG20+CE20+CW20+DK20) -> 35 | E20: =(D20)/D$9*100 -> 79.545455 | F20: =IF(E20<50,E20, " ") | G20: =IF(E20<30,E20, " ") | M20: =SUM(H20:L20) -> 0 | N20: =M20/M$9*100 -> 0 | P20: 1 | W20: 1 | X20: 1 | Y20: 1 | AA20: 1 | AB20: 1 | AC20: 1 | AD20: 1 | AF20: 1 | AG20: 1 | AH20: 1 | AI20: 1 | AJ20: =SUM(O20:AI20) -> 12 | AK20: =AJ20/AJ$9*100 -> 92.307692 | AM20: 1 | AO20: 1 | AP20: 1 | AR20: 1 | AS20: 1 | AT20: 1 | AU20: 1 | BC20: 1 | BD20: 1 | BE20: 1 | BG20: =SUM(AM20:BF20) -> 10 | BH20: =BG20/BG$9*100 -> 83.333333 | BI20: 1 | BJ20: 1 | BL20: 1 | BO20: 1 | BP20: 1 | BS20: 1 | BT20: 1 | BU20: 1 | BV20: 1 | BX20: 1 | BY20: 1 | CE20: =SUM(BI20:CD20) -> 11 | CF20: =CE20/CE$9*100 -> 84.615385 | CG20: 1 | CI20: 1 | CW20: =SUM(CG20:CV20) -> 2 | CX20: =CW20/CW$9*100 -> 100 | DK20: =SUM(CY20:DJ20) -> 0 | DL20: =DK20/DK$9*100 -> #DIV/0!
A21: 12 | B21: 0827CI241011 | C21: AKSHADA ANDHALE | D21: =SUM(M21+AJ21+BG21+CE21+CW21+DK21) -> 19 | E21: =(D21)/D$9*100 -> 43.181818 | F21: =IF(E21<50,E21, " ") -> 43.181818 | G21: =IF(E21<30,E21, " ") | M21: =SUM(H21:L21) -> 0 | N21: =M21/M$9*100 -> 0 | W21: 1 | X21: 1 | Y21: 1 | AB21: 1 | AC21: 1 | AD21: 1 | AF21: 1 | AG21: 1 | AH21: 1 | AJ21: =SUM(O21:AI21) -> 9 | AK21: =AJ21/AJ$9*100 -> 69.230769 | AM21: 1 | AO21: 1 | AP21: 1 | AT21: 1 | AU21: 1 | BG21: =SUM(AM21:BF21) -> 5 | BH21: =BG21/BG$9*100 -> 41.666667 | BO21: 1 | BP21: 1 | BS21: 1 | BY21: 1 | CE21: =SUM(BI21:CD21) -> 4 | CF21: =CE21/CE$9*100 -> 30.769231 | CI21: 1 | CW21: =SUM(CG21:CV21) -> 1 | CX21: =CW21/CW$9*100 -> 50 | DK21: =SUM(CY21:DJ21) -> 0 | DL21: =DK21/DK$9*100 -> #DIV/0!
A22: 13 | B22: 0827CI241012 | C22: AKSHARA MANDLIYA | D22: =SUM(M22+AJ22+BG22+CE22+CW22+DK22) -> 22 | E22: =(D22)/D$9*100 -> 50 | F22: =IF(E22<50,E22, " ") | G22: =IF(E22<30,E22, " ") | M22: =SUM(H22:L22) -> 0 | N22: =M22/M$9*100 -> 0 | X22: 1 | Y22: 1 | AA22: 1 | AC22: 1 | AD22: 1 | AG22: 1 | AI22: 1 | AJ22: =SUM(O22:AI22) -> 7 | AK22: =AJ22/AJ$9*100 -> 53.846154 | AM22: 1 | AO22: 1 | AP22: 1 | AR22: 1 | AU22: 1 | BG22: =SUM(AM22:BF22) -> 5 | BH22: =BG22/BG$9*100 -> 41.666667 | BI22: 1 | BJ22: 1 | BL22: 1 | BO22: 1 | BP22: 1 | BS22: 1 | BT22: 1 | BY22: 1 | CE22: =SUM(BI22:CD22) -> 8 | CF22: =CE22/CE$9*100 -> 61.538462 | CG22: 1 | CI22: 1 | CW22: =SUM(CG22:CV22) -> 2 | CX22: =CW22/CW$9*100 -> 100 | DK22: =SUM(CY22:DJ22) -> 0 | DL22: =DK22/DK$9*100 -> #DIV/0!
A23: 14 | B23: 0827CI241013 | C23: ALOK KUMAWAT | D23: =SUM(M23+AJ23+BG23+CE23+CW23+DK23) -> 15 | E23: =(D23)/D$9*100 -> 34.090909 | F23: =IF(E23<50,E23, " ") -> 34.090909 | G23: =IF(E23<30,E23, " ") | M23: =SUM(H23:L23) -> 0 | N23: =M23/M$9*100 -> 0 | X23: 1 | AA23: 1 | AB23: 1 | AD23: 1 | AF23: 1 | AI23: 1 | AJ23: =SUM(O23:AI23) -> 6 | AK23: =AJ23/AJ$9*100 -> 46.153846 | AM23: 1 | AT23: 1 | AU23: 1 | BC23: 1 | BG23: =SUM(AM23:BF23) -> 4 | BH23: =BG23/BG$9*100 -> 33.333333 | BJ23: 1 | BL23: 1 | BX23: 1 | BY23: 1 | CE23: =SUM(BI23:CD23) -> 4 | CF23: =CE23/CE$9*100 -> 30.769231 | CG23: 1 | CW23: =SUM(CG23:CV23) -> 1 | CX23: =CW23/CW$9*100 -> 50 | DK23: =SUM(CY23:DJ23) -> 0 | DL23: =DK23/DK$9*100 -> #DIV/0!
A24: 15 | B24: 0827CI241014 | C24: ANANYA AGRAWAL | D24: =SUM(M24+AJ24+BG24+CE24+CW24+DK24) -> 17 | E24: =(D24)/D$9*100 -> 38.636364 | F24: =IF(E24<50,E24, " ") -> 38.636364 | G24: =IF(E24<30,E24, " ") | M24: =SUM(H24:L24) -> 0 | N24: =M24/M$9*100 -> 0 | Y24: 1 | AB24: 1 | AC24: 1 | AD24: 1 | AG24: 1 | AH24: 1 | AI24: 1 | AJ24: =SUM(O24:AI24) -> 7 | AK24: =AJ24/AJ$9*100 -> 53.846154 | AM24: 1 | AO24: 1 | AT24: 1 | AU24: 1 | BG24: =SUM(AM24:BF24) -> 4 | BH24: =BG24/BG$9*100 -> 33.333333 | BO24: 1 | BP24: 1 | BS24: 1 | BY24: 1 | CE24: =SUM(BI24:CD24) -> 4 | CF24: =CE24/CE$9*100 -> 30.769231 | CG24: 1 | CI24: 1 | CW24: =SUM(CG24:CV24) -> 2 | CX24: =CW24/CW$9*100 -> 100 | DK24: =SUM(CY24:DJ24) -> 0 | DL24: =DK24/DK$9*100 -> #DIV/0!
A25: 16 | B25: 0827CI241015 | C25: ANANYA YADAV | D25: =SUM(M25+AJ25+BG25+CE25+CW25+DK25) -> 21 | E25: =(D25)/D$9*100 -> 47.727273 | F25: =IF(E25<50,E25, " ") -> 47.727273 | G25: =IF(E25<30,E25, " ") | M25: =SUM(H25:L25) -> 0 | N25: =M25/M$9*100 -> 0 | X25: 1 | Y25: 1 | AA25: 1 | AB25: 1 | AC25: 1 | AD25: 1 | AF25: 1 | AG25: 1 | AJ25: =SUM(O25:AI25) -> 8 | AK25: =AJ25/AJ$9*100 -> 61.538462 | AM25: 1 | AP25: 1 | AR25: 1 | AT25: 1 | AU25: 1 | BG25: =SUM(AM25:BF25) -> 5 | BH25: =BG25/BG$9*100 -> 41.666667 | BI25: 1 | BJ25: 1 | BO25: 1 | BP25: 1 | BX25: 1 | BY25: 1 | CE25: =SUM(BI25:CD25) -> 6 | CF25: =CE25/CE$9*100 -> 46.153846 | CG25: 1 | CI25: 1 | CW25: =SUM(CG25:CV25) -> 2 | CX25: =CW25/CW$9*100 -> 100 | DK25: =SUM(CY25:DJ25) -> 0 | DL25: =DK25/DK$9*100 -> #DIV/0!
A26: 17 | B26: 0827CI241016 | C26: ANJALI KHANDELWAL | D26: =SUM(M26+AJ26+BG26+CE26+CW26+DK26) -> 22 | E26: =(D26)/D$9*100 -> 50 | F26: =IF(E26<50,E26, " ") | G26: =IF(E26<30,E26, " ") | M26: =SUM(H26:L26) -> 0 | N26: =M26/M$9*100 -> 0 | W26: 1 | X26: 1 | Y26: 1 | AB26: 1 | AC26: 1 | AD26: 1 | AI26: 1 | AJ26: =SUM(O26:AI26) -> 7 | AK26: =AJ26/AJ$9*100 -> 53.846154 | AR26: 1 | AS26: 1 | AT26: 1 | AU26: 1 | BC26: 1 | BD26: 1 | BE26: 1 | BG26: =SUM(AM26:BF26) -> 7 | BH26: =BG26/BG$9*100 -> 58.333333 | BI26: 1 | BJ26: 1 | BP26: 1 | BS26: 1 | BU26: 1 | BX26: 1 | BY26: 1 | CA26: 1 | CE26: =SUM(BI26:CD26) -> 8 | CF26: =CE26/CE$9*100 -> 61.538462 | CW26: =SUM(CG26:CV26) -> 0 | CX26: =CW26/CW$9*100 -> 0 | DK26: =SUM(CY26:DJ26) -> 0 | DL26: =DK26/DK$9*100 -> #DIV/0!
A27: 18 | B27: 0827CI241017 | C27: ANMOL MANDLAWADIA | D27: =SUM(M27+AJ27+BG27+CE27+CW27+DK27) -> 20 | E27: =(D27)/D$9*100 -> 45.454545 | F27: =IF(E27<50,E27, " ") -> 45.454545 | G27: =IF(E27<30,E27, " ") | M27: =SUM(H27:L27) -> 0 | N27: =M27/M$9*100 -> 0 | X27: 1 | Y27: 1 | AB27: 1 | AC27: 1 | AF27: 1 | AG27: 1 | AH27: 1 | AJ27: =SUM(O27:AI27) -> 7 | AK27: =AJ27/AJ$9*100 -> 53.846154 | AM27: 1 | AR27: 1 | BG27: =SUM(AM27:BF27) -> 2 | BH27: =BG27/BG$9*100 -> 16.666667 | BI27: 1 | BL27: 1 | BO27: 1 | BP27: 1 | BS27: 1 | BT27: 1 | BU27: 1 | BV27: 1 | BX27: 1 | BZ27: 1 | CE27: =SUM(BI27:CD27) -> 10 | CF27: =CE27/CE$9*100 -> 76.923077 | CG27: 1 | CW27: =SUM(CG27:CV27) -> 1 | CX27: =CW27/CW$9*100 -> 50 | DK27: =SUM(CY27:DJ27) -> 0 | DL27: =DK27/DK$9*100 -> #DIV/0!
A28: 19 | B28: 0827CI241018 | C28: ANMOL SINGH BASSAN | D28: =SUM(M28+AJ28+BG28+CE28+CW28+DK28) -> 25 | E28: =(D28)/D$9*100 -> 56.818182 | F28: =IF(E28<50,E28, " ") | G28: =IF(E28<30,E28, " ") | M28: =SUM(H28:L28) -> 0 | N28: =M28/M$9*100 -> 0 | AA28: 1 | AD28: 1 | AF28: 1 | AG28: 1 | AH28: 1 | AI28: 1 | AJ28: =SUM(O28:AI28) -> 6 | AK28: =AJ28/AJ$9*100 -> 46.153846 | AM28: 1 | AN28: 1 | AO28: 1 | AP28: 1 | AT28: 1 | AU28: 1 | BC28: 1 | BD28: 1 | BG28: =SUM(AM28:BF28) -> 8 | BH28: =BG28/BG$9*100 -> 66.666667 | BJ28: 1 | BL28: 1 | BO28: 1 | BP28: 1 | BS28: 1 | BT28: 1 | BV28: 1 | BX28: 1 | BY28: 1 | CE28: =SUM(BI28:CD28) -> 9 | CF28: =CE28/CE$9*100 -> 69.230769 | CG28: 1 | CI28: 1 | CW28: =SUM(CG28:CV28) -> 2 | CX28: =CW28/CW$9*100 -> 100 | DK28: =SUM(CY28:DJ28) -> 0 | DL28: =DK28/DK$9*100 -> #DIV/0!
A29: 20 | B29: 0827CI241019 | C29: ANSHIKA KHARE | D29: =SUM(M29+AJ29+BG29+CE29+CW29+DK29) -> 22 | E29: =(D29)/D$9*100 -> 50 | F29: =IF(E29<50,E29, " ") | G29: =IF(E29<30,E29, " ") | M29: =SUM(H29:L29) -> 0 | N29: =M29/M$9*100 -> 0 | X29: 1 | Y29: 1 | AA29: 1 | AB29: 1 | AC29: 1 | AD29: 1 | AF29: 1 | AI29: 1 | AJ29: =SUM(O29:AI29) -> 8 | AK29: =AJ29/AJ$9*100 -> 61.538462 | AM29: 1 | AO29: 1 | AP29: 1 | AS29: 1 | AU29: 1 | BC29: 1 | BG29: =SUM(AM29:BF29) -> 6 | BH29: =BG29/BG$9*100 -> 50 | BI29: 1 | BJ29: 1 | BO29: 1 | BP29: 1 | BT29: 1 | BV29: 1 | BX29: 1 | BY29: 1 | CE29: =SUM(BI29:CD29) -> 8 | CF29: =CE29/CE$9*100 -> 61.538462 | CW29: =SUM(CG29:CV29) -> 0 | CX29: =CW29/CW$9*100 -> 0 | DK29: =SUM(CY29:DJ29) -> 0 | DL29: =DK29/DK$9*100 -> #DIV/0!
A30: 21 | B30: 0827CI241020 | C30: ANSHIKA SHRIVASTAV | D30: =SUM(M30+AJ30+BG30+CE30+CW30+DK30) -> 0 | E30: =(D30)/D$9*100 -> 0 | F30: =IF(E30<50,E30, " ") -> 0 | G30: =IF(E30<30,E30, " ") -> 0 | M30: =SUM(H30:L30) -> 0 | N30: =M30/M$9*100 -> 0 | AJ30: =SUM(O30:AI30) -> 0 | AK30: =AJ30/AJ$9*100 -> 0 | BG30: =SUM(AM30:BF30) -> 0 | BH30: =BG30/BG$9*100 -> 0 | CE30: =SUM(BI30:CD30) -> 0 | CF30: =CE30/CE$9*100 -> 0 | CW30: =SUM(CG30:CV30) -> 0 | CX30: =CW30/CW$9*100 -> 0 | DK30: =SUM(CY30:DJ30) -> 0 | DL30: =DK30/DK$9*100 -> #DIV/0!
A31: 22 | B31: 0827CI241021 | C31: ANUJ MALVIYA | D31: =SUM(M31+AJ31+BG31+CE31+CW31+DK31) -> 18 | E31: =(D31)/D$9*100 -> 40.909091 | F31: =IF(E31<50,E31, " ") -> 40.909091 | G31: =IF(E31<30,E31, " ") | M31: =SUM(H31:L31) -> 0 | N31: =M31/M$9*100 -> 0 | X31: 1 | AH31: 1 | AI31: 1 | AJ31: =SUM(O31:AI31) -> 3 | AK31: =AJ31/AJ$9*100 -> 23.076923 | AN31: 1 | AP31: 1 | AR31: 1 | AS31: 1 | AU31: 1 | BG31: =SUM(AM31:BF31) -> 5 | BH31: =BG31/BG$9*100 -> 41.666667 | BJ31: 1 | BL31: 1 | BO31: 1 | BP31: 1 | BT31: 1 | BV31: 1 | BX31: 1 | BZ31: 1 | CE31: =SUM(BI31:CD31) -> 8 | CF31: =CE31/CE$9*100 -> 61.538462 | CG31: 1 | CI31: 1 | CW31: =SUM(CG31:CV31) -> 2 | CX31: =CW31/CW$9*100 -> 100 | DK31: =SUM(CY31:DJ31) -> 0 | DL31: =DK31/DK$9*100 -> #DIV/0!
A32: 23 | B32: 0827CI241022 | C32: ANURAG CHOUDHARY | D32: =SUM(M32+AJ32+BG32+CE32+CW32+DK32) -> 23 | E32: =(D32)/D$9*100 -> 52.272727 | F32: =IF(E32<50,E32, " ") | G32: =IF(E32<30,E32, " ") | M32: =SUM(H32:L32) -> 0 | N32: =M32/M$9*100 -> 0 | W32: 1 | X32: 1 | Y32: 1 | AB32: 1 | AC32: 1 | AD32: 1 | AF32: 1 | AG32: 1 | AH32: 1 | AJ32: =SUM(O32:AI32) -> 9 | AK32: =AJ32/AJ$9*100 -> 69.230769 | AM32: 1 | AP32: 1 | AR32: 1 | BD32: 1 | BE32: 1 | BG32: =SUM(AM32:BF32) -> 5 | BH32: =BG32/BG$9*100 -> 41.666667 | BI32: 1 | BL32: 1 | BP32: 1 | BS32: 1 | BT32: 1 | BU32: 1 | BV32: 1 | BX32: 1 | BZ32: 1 | CE32: =SUM(BI32:CD32) -> 9 | CF32: =CE32/CE$9*100 -> 69.230769 | CW32: =SUM(CG32:CV32) -> 0 | CX32: =CW32/CW$9*100 -> 0 | DK32: =SUM(CY32:DJ32) -> 0 | DL32: =DK32/DK$9*100 -> #DIV/0!
A33: 24 | B33: 0827CI241023 | C33: ANUSHKA SISODIYA | D33: =SUM(M33+AJ33+BG33+CE33+CW33+DK33) -> 20 | E33: =(D33)/D$9*100 -> 45.454545 | F33: =IF(E33<50,E33, " ") -> 45.454545 | G33: =IF(E33<30,E33, " ") | M33: =SUM(H33:L33) -> 0 | N33: =M33/M$9*100 -> 0 | X33: 1 | Y33: 1 | AA33: 1 | AB33: 1 | AC33: 1 | AF33: 1 | AG33: 1 | AH33: 1 | AJ33: =SUM(O33:AI33) -> 8 | AK33: =AJ33/AJ$9*100 -> 61.538462 | AM33: 1 | AN33: 1 | AO33: 1 | AP33: 1 | AR33: 1 | AU33: 1 | BG33: =SUM(AM33:BF33) -> 6 | BH33: =BG33/BG$9*100 -> 50 | BL33: 1 | BO33: 1 | BP33: 1 | BT33: 1 | BV33: 1 | BY33: 1 | CE33: =SUM(BI33:CD33) -> 6 | CF33: =CE33/CE$9*100 -> 46.153846 | CW33: =SUM(CG33:CV33) -> 0 | CX33: =CW33/CW$9*100 -> 0 | DK33: =SUM(CY33:DJ33) -> 0 | DL33: =DK33/DK$9*100 -> #DIV/0!
A34: 25 | B34: 0827CI241024 | C34: ARNAV TIWARI | D34: =SUM(M34+AJ34+BG34+CE34+CW34+DK34) -> 30 | E34: =(D34)/D$9*100 -> 68.181818 | F34: =IF(E34<50,E34, " ") | G34: =IF(E34<30,E34, " ") | M34: =SUM(H34:L34) -> 0 | N34: =M34/M$9*100 -> 0 | W34: 1 | Y34: 1 | AA34: 1 | AB34: 1 | AC34: 1 | AD34: 1 | AF34: 1 | AG34: 1 | AH34: 1 | AI34: 1 | AJ34: =SUM(O34:AI34) -> 10 | AK34: =AJ34/AJ$9*100 -> 76.923077 | AM34: 1 | AN34: 1 | AO34: 1 | AP34: 1 | AR34: 1 | AT34: 1 | AU34: 1 | BC34: 1 | BG34: =SUM(AM34:BF34) -> 8 | BH34: =BG34/BG$9*100 -> 66.666667 | BI34: 1 | BJ34: 1 | BL34: 1 | BO34: 1 | BP34: 1 | BS34: 1 | BT34: 1 | BV34: 1 | BY34: 1 | BZ34: 1 | CE34: =SUM(BI34:CD34) -> 10 | CF34: =CE34/CE$9*100 -> 76.923077 | CG34: 1 | CI34: 1 | CW34: =SUM(CG34:CV34) -> 2 | CX34: =CW34/CW$9*100 -> 100 | DK34: =SUM(CY34:DJ34) -> 0 | DL34: =DK34/DK$9*100 -> #DIV/0!
A35: 26 | B35: 0827CI241025 | C35: ARVIND RUHELA | D35: =SUM(M35+AJ35+BG35+CE35+CW35+DK35) -> 18 | E35: =(D35)/D$9*100 -> 40.909091 | F35: =IF(E35<50,E35, " ") -> 40.909091 | G35: =IF(E35<30,E35, " ") | M35: =SUM(H35:L35) -> 0 | N35: =M35/M$9*100 -> 0 | W35: 1 | X35: 1 | Y35: 1 | AB35: 1 | AC35: 1 | AF35: 1 | AH35: 1 | AJ35: =SUM(O35:AI35) -> 7 | AK35: =AJ35/AJ$9*100 -> 53.846154 | AR35: 1 | BD35: 1 | BE35: 1 | BG35: =SUM(AM35:BF35) -> 3 | BH35: =BG35/BG$9*100 -> 25 | BI35: 1 | BL35: 1 | BP35: 1 | BS35: 1 | BT35: 1 | BU35: 1 | BX35: 1 | BZ35: 1 | CE35: =SUM(BI35:CD35) -> 8 | CF35: =CE35/CE$9*100 -> 61.538462 | CW35: =SUM(CG35:CV35) -> 0 | CX35: =CW35/CW$9*100 -> 0 | DK35: =SUM(CY35:DJ35) -> 0 | DL35: =DK35/DK$9*100 -> #DIV/0!
A36: 27 | B36: 0827CI241026 | C36: ASHU GARG | D36: =SUM(M36+AJ36+BG36+CE36+CW36+DK36) -> 26 | E36: =(D36)/D$9*100 -> 59.090909 | F36: =IF(E36<50,E36, " ") | G36: =IF(E36<30,E36, " ") | M36: =SUM(H36:L36) -> 0 | N36: =M36/M$9*100 -> 0 | Y36: 1 | AA36: 1 | AB36: 1 | AC36: 1 | AD36: 1 | AF36: 1 | AG36: 1 | AH36: 1 | AI36: 1 | AJ36: =SUM(O36:AI36) -> 9 | AK36: =AJ36/AJ$9*100 -> 69.230769 | AM36: 1 | AN36: 1 | AO36: 1 | AP36: 1 | AR36: 1 | AS36: 1 | BC36: 1 | BD36: 1 | BE36: 1 | BG36: =SUM(AM36:BF36) -> 9 | BH36: =BG36/BG$9*100 -> 75 | BI36: 1 | BO36: 1 | BP36: 1 | BS36: 1 | BT36: 1 | BU36: 1 | BX36: 1 | BY36: 1 | CE36: =SUM(BI36:CD36) -> 8 | CF36: =CE36/CE$9*100 -> 61.538462 | CW36: =SUM(CG36:CV36) -> 0 | CX36: =CW36/CW$9*100 -> 0 | DK36: =SUM(CY36:DJ36) -> 0 | DL36: =DK36/DK$9*100 -> #DIV/0!
A37: 28 | B37: 0827CI241027 | C37: ASHWIN PATEL | D37: =SUM(M37+AJ37+BG37+CE37+CW37+DK37) -> 13 | E37: =(D37)/D$9*100 -> 29.545455 | F37: =IF(E37<50,E37, " ") -> 29.545455 | G37: =IF(E37<30,E37, " ") -> 29.545455 | M37: =SUM(H37:L37) -> 0 | N37: =M37/M$9*100 -> 0 | AH37: 1 | AI37: 1 | AJ37: =SUM(O37:AI37) -> 2 | AK37: =AJ37/AJ$9*100 -> 15.384615 | AN37: 1 | AO37: 1 | AP37: 1 | AT37: 1 | AU37: 1 | BC37: 1 | BD37: 1 | BG37: =SUM(AM37:BF37) -> 7 | BH37: =BG37/BG$9*100 -> 58.333333 | BL37: 1 | BO37: 1 | BP37: 1 | BV37: 1 | CE37: =SUM(BI37:CD37) -> 4 | CF37: =CE37/CE$9*100 -> 30.769231 | CW37: =SUM(CG37:CV37) -> 0 | CX37: =CW37/CW$9*100 -> 0 | DK37: =SUM(CY37:DJ37) -> 0 | DL37: =DK37/DK$9*100 -> #DIV/0!
A38: 29 | B38: 0827CI241028 | C38: AYUSH CHOUHAN | D38: =SUM(M38+AJ38+BG38+CE38+CW38+DK38) -> 22 | E38: =(D38)/D$9*100 -> 50 | F38: =IF(E38<50,E38, " ") | G38: =IF(E38<30,E38, " ") | M38: =SUM(H38:L38) -> 0 | N38: =M38/M$9*100 -> 0 | AB38: 1 | AC38: 1 | AD38: 1 | AF38: 1 | AG38: 1 | AH38: 1 | AI38: 1 | AJ38: =SUM(O38:AI38) -> 7 | AK38: =AJ38/AJ$9*100 -> 53.846154 | AM38: 1 | AN38: 1 | AO38: 1 | AP38: 1 | AR38: 1 | AT38: 1 | AU38: 1 | BG38: =SUM(AM38:BF38) -> 7 | BH38: =BG38/BG$9*100 -> 58.333333 | BS38: 1 | BT38: 1 | BU38: 1 | BX38: 1 | BY38: 1 | BZ38: 1 | CE38: =SUM(BI38:CD38) -> 6 | CF38: =CE38/CE$9*100 -> 46.153846 | CG38: 1 | CI38: 1 | CW38: =SUM(CG38:CV38) -> 2 | CX38: =CW38/CW$9*100 -> 100 | DK38: =SUM(CY38:DJ38) -> 0 | DL38: =DK38/DK$9*100 -> #DIV/0!
A39: 30 | B39: 0827CI241029 | C39: AYUSHI DOSHI | D39: =SUM(M39+AJ39+BG39+CE39+CW39+DK39) -> 29 | E39: =(D39)/D$9*100 -> 65.909091 | F39: =IF(E39<50,E39, " ") | G39: =IF(E39<30,E39, " ") | M39: =SUM(H39:L39) -> 0 | N39: =M39/M$9*100 -> 0 | X39: 1 | Y39: 1 | AF39: 1 | AG39: 1 | AH39: 1 | AI39: 1 | AJ39: =SUM(O39:AI39) -> 6 | AK39: =AJ39/AJ$9*100 -> 46.153846 | AM39: 1 | AN39: 1 | AO39: 1 | AP39: 1 | AR39: 1 | AS39: 1 | AT39: 1 | AU39: 1 | BB39: 1 | BD39: 1 | BG39: =SUM(AM39:BF39) -> 10 | BH39: =BG39/BG$9*100 -> 83.333333 | BI39: 1 | BJ39: 1 | BL39: 1 | BO39: 1 | BS39: 1 | BT39: 1 | BU39: 1 | BV39: 1 | BY39: 1 | BZ39: 1 | CA39: 1 | CE39: =SUM(BI39:CD39) -> 11 | CF39: =CE39/CE$9*100 -> 84.615385 | CG39: 1 | CI39: 1 | CW39: =SUM(CG39:CV39) -> 2 | CX39: =CW39/CW$9*100 -> 100 | DK39: =SUM(CY39:DJ39) -> 0 | DL39: =DK39/DK$9*100 -> #DIV/0!
A40: 31 | B40: 0827CI241030 | C40: BHAGYESH JAIN | D40: =SUM(M40+AJ40+BG40+CE40+CW40+DK40) -> 23 | E40: =(D40)/D$9*100 -> 52.272727 | F40: =IF(E40<50,E40, " ") | G40: =IF(E40<30,E40, " ") | M40: =SUM(H40:L40) -> 0 | N40: =M40/M$9*100 -> 0 | W40: 1 | AA40: 1 | AB40: 1 | AD40: 1 | AF40: 1 | AG40: 1 | AH40: 1 | AI40: 1 | AJ40: =SUM(O40:AI40) -> 8 | AK40: =AJ40/AJ$9*100 -> 61.538462 | AP40: 1 | AR40: 1 | BE40: 1 | BG40: =SUM(AM40:BF40) -> 3 | BH40: =BG40/BG$9*100 -> 25 | BI40: 1 | BJ40: 1 | BL40: 1 | BO40: 1 | BP40: 1 | BS40: 1 | BT40: 1 | BU40: 1 | BX40: 1 | BY40: 1 | CA40: 1 | CE40: =SUM(BI40:CD40) -> 11 | CF40: =CE40/CE$9*100 -> 84.615385 | CG40: 1 | CW40: =SUM(CG40:CV40) -> 1 | CX40: =CW40/CW$9*100 -> 50 | DK40: =SUM(CY40:DJ40) -> 0 | DL40: =DK40/DK$9*100 -> #DIV/0!
A41: 32 | B41: 0827CI241031 | C41: CHAVAN SHAIFALI KARTIK | D41: =SUM(M41+AJ41+BG41+CE41+CW41+DK41) -> 22 | E41: =(D41)/D$9*100 -> 50 | F41: =IF(E41<50,E41, " ") | G41: =IF(E41<30,E41, " ") | M41: =SUM(H41:L41) -> 0 | N41: =M41/M$9*100 -> 0 | W41: 1 | AA41: 1 | AB41: 1 | AC41: 1 | AF41: 1 | AG41: 1 | AH41: 1 | AJ41: =SUM(O41:AI41) -> 7 | AK41: =AJ41/AJ$9*100 -> 53.846154 | AM41: 1 | AN41: 1 | AO41: 1 | AR41: 1 | AU41: 1 | BC41: 1 | BG41: =SUM(AM41:BF41) -> 6 | BH41: =BG41/BG$9*100 -> 50 | BI41: 1 | BJ41: 1 | BO41: 1 | BP41: 1 | BS41: 1 | BX41: 1 | BY41: 1 | BZ41: 1 | CE41: =SUM(BI41:CD41) -> 8 | CF41: =CE41/CE$9*100 -> 61.538462 | CG41: 1 | CW41: =SUM(CG41:CV41) -> 1 | CX41: =CW41/CW$9*100 -> 50 | DK41: =SUM(CY41:DJ41) -> 0 | DL41: =DK41/DK$9*100 -> #DIV/0!
A42: 33 | B42: 0827CI241032 | C42: DAKSH OJHA | D42: =SUM(M42+AJ42+BG42+CE42+CW42+DK42) -> 9 | E42: =(D42)/D$9*100 -> 20.454545 | F42: =IF(E42<50,E42, " ") -> 20.454545 | G42: =IF(E42<30,E42, " ") -> 20.454545 | M42: =SUM(H42:L42) -> 0 | N42: =M42/M$9*100 -> 0 | AB42: 1 | AD42: 1 | AJ42: =SUM(O42:AI42) -> 2 | AK42: =AJ42/AJ$9*100 -> 15.384615 | AN42: 1 | AP42: 1 | AR42: 1 | AS42: 1 | BG42: =SUM(AM42:BF42) -> 4 | BH42: =BG42/BG$9*100 -> 33.333333 | BV42: 1 | BX42: 1 | BY42: 1 | CE42: =SUM(BI42:CD42) -> 3 | CF42: =CE42/CE$9*100 -> 23.076923 | CW42: =SUM(CG42:CV42) -> 0 | CX42: =CW42/CW$9*100 -> 0 | DK42: =SUM(CY42:DJ42) -> 0 | DL42: =DK42/DK$9*100 -> #DIV/0!
A43: 34 | B43: 0827CI241033 | C43: DEVKRISHNA PUROHIT | D43: =SUM(M43+AJ43+BG43+CE43+CW43+DK43) -> 1 | E43: =(D43)/D$9*100 -> 2.2727273 | F43: =IF(E43<50,E43, " ") -> 2.2727273 | G43: =IF(E43<30,E43, " ") -> 2.2727273 | M43: =SUM(H43:L43) -> 0 | N43: =M43/M$9*100 -> 0 | AJ43: =SUM(O43:AI43) -> 0 | AK43: =AJ43/AJ$9*100 -> 0 | AP43: 1 | BG43: =SUM(AM43:BF43) -> 1 | BH43: =BG43/BG$9*100 -> 8.3333333 | CE43: =SUM(BI43:CD43) -> 0 | CF43: =CE43/CE$9*100 -> 0 | CW43: =SUM(CG43:CV43) -> 0 | CX43: =CW43/CW$9*100 -> 0 | DK43: =SUM(CY43:DJ43) -> 0 | DL43: =DK43/DK$9*100 -> #DIV/0!
A44: 35 | B44: 0827CI241034 | C44: DEWANSHI GAIKWAD | D44: =SUM(M44+AJ44+BG44+CE44+CW44+DK44) -> 21 | E44: =(D44)/D$9*100 -> 47.727273 | F44: =IF(E44<50,E44, " ") -> 47.727273 | G44: =IF(E44<30,E44, " ") | M44: =SUM(H44:L44) -> 0 | N44: =M44/M$9*100 -> 0 | X44: 1 | Y44: 1 | AB44: 1 | AC44: 1 | AG44: 1 | AH44: 1 | AI44: 1 | AJ44: =SUM(O44:AI44) -> 7 | AK44: =AJ44/AJ$9*100 -> 53.846154 | AO44: 1 | AP44: 1 | AR44: 1 | AS44: 1 | BC44: 1 | BD44: 1 | BE44: 1 | BG44: =SUM(AM44:BF44) -> 7 | BH44: =BG44/BG$9*100 -> 58.333333 | BI44: 1 | BL44: 1 | BO44: 1 | BP44: 1 | BT44: 1 | BV44: 1 | CE44: =SUM(BI44:CD44) -> 6 | CF44: =CE44/CE$9*100 -> 46.153846 | CG44: 1 | CW44: =SUM(CG44:CV44) -> 1 | CX44: =CW44/CW$9*100 -> 50 | DK44: =SUM(CY44:DJ44) -> 0 | DL44: =DK44/DK$9*100 -> #DIV/0!
A45: 36 | B45: 0827CI241035 | C45: DHRUV KUSHWAH | D45: =SUM(M45+AJ45+BG45+CE45+CW45+DK45) -> 27 | E45: =(D45)/D$9*100 -> 61.363636 | F45: =IF(E45<50,E45, " ") | G45: =IF(E45<30,E45, " ") | M45: =SUM(H45:L45) -> 0 | N45: =M45/M$9*100 -> 0 | W45: 1 | X45: 1 | Y45: 1 | AA45: 1 | AB45: 1 | AC45: 1 | AF45: 1 | AG45: 1 | AJ45: =SUM(O45:AI45) -> 8 | AK45: =AJ45/AJ$9*100 -> 61.538462 | AO45: 1 | AP45: 1 | AR45: 1 | AT45: 1 | AU45: 1 | BB45: 1 | BC45: 1 | BG45: =SUM(AM45:BF45) -> 7 | BH45: =BG45/BG$9*100 -> 58.333333 | BI45: 1 | BJ45: 1 | BL45: 1 | BO45: 1 | BP45: 1 | BS45: 1 | BT45: 1 | BU45: 1 | BV45: 1 | BY45: 1 | BZ45: 1 | CE45: =SUM(BI45:CD45) -> 11 | CF45: =CE45/CE$9*100 -> 84.615385 | CG45: 1 | CW45: =SUM(CG45:CV45) -> 1 | CX45: =CW45/CW$9*100 -> 50 | DK45: =SUM(CY45:DJ45) -> 0 | DL45: =DK45/DK$9*100 -> #DIV/0!
A46: 37 | B46: 0827CI241036 | C46: DISHA BHAWSAR | D46: =SUM(M46+AJ46+BG46+CE46+CW46+DK46) -> 22 | E46: =(D46)/D$9*100 -> 50 | F46: =IF(E46<50,E46, " ") | G46: =IF(E46<30,E46, " ") | M46: =SUM(H46:L46) -> 0 | N46: =M46/M$9*100 -> 0 | AA46: 1 | AB46: 1 | AF46: 1 | AG46: 1 | AH46: 1 | AI46: 1 | AJ46: =SUM(O46:AI46) -> 6 | AK46: =AJ46/AJ$9*100 -> 46.153846 | AM46: 1 | AN46: 1 | AP46: 1 | AR46: 1 | AS46: 1 | AU46: 1 | BG46: =SUM(AM46:BF46) -> 6 | BH46: =BG46/BG$9*100 -> 50 | BI46: 1 | BJ46: 1 | BL46: 1 | BO46: 1 | BP46: 1 | BS46: 1 | BT46: 1 | BV46: 1 | BX46: 1 | BZ46: 1 | CE46: =SUM(BI46:CD46) -> 10 | CF46: =CE46/CE$9*100 -> 76.923077 | CW46: =SUM(CG46:CV46) -> 0 | CX46: =CW46/CW$9*100 -> 0 | DK46: =SUM(CY46:DJ46) -> 0 | DL46: =DK46/DK$9*100 -> #DIV/0!
A47: 38 | B47: 0827CI241037 | C47: DIVY SHAH | D47: =SUM(M47+AJ47+BG47+CE47+CW47+DK47) -> 18 | E47: =(D47)/D$9*100 -> 40.909091 | F47: =IF(E47<50,E47, " ") -> 40.909091 | G47: =IF(E47<30,E47, " ") | M47: =SUM(H47:L47) -> 0 | N47: =M47/M$9*100 -> 0 | W47: 1 | X47: 1 | Y47: 1 | AB47: 1 | AC47: 1 | AF47: 1 | AH47: 1 | AJ47: =SUM(O47:AI47) -> 7 | AK47: =AJ47/AJ$9*100 -> 53.846154 | AM47: 1 | AO47: 1 | AR47: 1 | AT47: 1 | BD47: 1 | BG47: =SUM(AM47:BF47) -> 5 | BH47: =BG47/BG$9*100 -> 41.666667 | BP47: 1 | BT47: 1 | BV47: 1 | BY47: 1 | BZ47: 1 | CE47: =SUM(BI47:CD47) -> 5 | CF47: =CE47/CE$9*100 -> 38.461538 | CG47: 1 | CW47: =SUM(CG47:CV47) -> 1 | CX47: =CW47/CW$9*100 -> 50 | DK47: =SUM(CY47:DJ47) -> 0 | DL47: =DK47/DK$9*100 -> #DIV/0!
A48: 39 | B48: 0827CI241038 | C48: FARHIN KHAN | D48: =SUM(M48+AJ48+BG48+CE48+CW48+DK48) -> 27 | E48: =(D48)/D$9*100 -> 61.363636 | F48: =IF(E48<50,E48, " ") | G48: =IF(E48<30,E48, " ") | M48: =SUM(H48:L48) -> 0 | N48: =M48/M$9*100 -> 0 | P48: 1 | W48: 1 | X48: 1 | Y48: 1 | AC48: 1 | AD48: 1 | AF48: 1 | AG48: 1 | AH48: 1 | AI48: 1 | AJ48: =SUM(O48:AI48) -> 10 | AK48: =AJ48/AJ$9*100 -> 76.923077 | AM48: 1 | AN48: 1 | AO48: 1 | AP48: 1 | AS48: 1 | AT48: 1 | AU48: 1 | BC48: 1 | BD48: 1 | BG48: =SUM(AM48:BF48) -> 9 | BH48: =BG48/BG$9*100 -> 75 | BI48: 1 | BJ48: 1 | BP48: 1 | BT48: 1 | BU48: 1 | BY48: 1 | BZ48: 1 | CA48: 1 | CE48: =SUM(BI48:CD48) -> 8 | CF48: =CE48/CE$9*100 -> 61.538462 | CW48: =SUM(CG48:CV48) -> 0 | CX48: =CW48/CW$9*100 -> 0 | DK48: =SUM(CY48:DJ48) -> 0 | DL48: =DK48/DK$9*100 -> #DIV/0!
A49: 40 | B49: 0827CI241039 | C49: GANESH KUSHWAH | D49: =SUM(M49+AJ49+BG49+CE49+CW49+DK49) -> 1 | E49: =(D49)/D$9*100 -> 2.2727273 | F49: =IF(E49<50,E49, " ") -> 2.2727273 | G49: =IF(E49<30,E49, " ") -> 2.2727273 | M49: =SUM(H49:L49) -> 0 | N49: =M49/M$9*100 -> 0 | AJ49: =SUM(O49:AI49) -> 0 | AK49: =AJ49/AJ$9*100 -> 0 | BG49: =SUM(AM49:BF49) -> 0 | BH49: =BG49/BG$9*100 -> 0 | CE49: =SUM(BI49:CD49) -> 0 | CF49: =CE49/CE$9*100 -> 0 | CG49: 1 | CW49: =SUM(CG49:CV49) -> 1 | CX49: =CW49/CW$9*100 -> 50 | DK49: =SUM(CY49:DJ49) -> 0 | DL49: =DK49/DK$9*100 -> #DIV/0!
A50: 41 | B50: 0827CI241040 | C50: GARVIT KALA | D50: =SUM(M50+AJ50+BG50+CE50+CW50+DK50) -> 22 | E50: =(D50)/D$9*100 -> 50 | F50: =IF(E50<50,E50, " ") | G50: =IF(E50<30,E50, " ") | M50: =SUM(H50:L50) -> 0 | N50: =M50/M$9*100 -> 0 | X50: 1 | Y50: 1 | AA50: 1 | AB50: 1 | AF50: 1 | AG50: 1 | AI50: 1 | AJ50: =SUM(O50:AI50) -> 7 | AK50: =AJ50/AJ$9*100 -> 53.846154 | AM50: 1 | AN50: 1 | AO50: 1 | AR50: 1 | BC50: 1 | BG50: =SUM(AM50:BF50) -> 5 | BH50: =BG50/BG$9*100 -> 41.666667 | BI50: 1 | BJ50: 1 | BL50: 1 | BS50: 1 | BT50: 1 | BU50: 1 | BX50: 1 | BY50: 1 | BZ50: 1 | CE50: =SUM(BI50:CD50) -> 9 | CF50: =CE50/CE$9*100 -> 69.230769 | CG50: 1 | CW50: =SUM(CG50:CV50) -> 1 | CX50: =CW50/CW$9*100 -> 50 | DK50: =SUM(CY50:DJ50) -> 0 | DL50: =DK50/DK$9*100 -> #DIV/0!
A51: 42 | B51: 0827CI241041 | C51: GOURANSH UJJAINIYA | D51: =SUM(M51+AJ51+BG51+CE51+CW51+DK51) -> 18 | E51: =(D51)/D$9*100 -> 40.909091 | F51: =IF(E51<50,E51, " ") -> 40.909091 | G51: =IF(E51<30,E51, " ") | M51: =SUM(H51:L51) -> 0 | N51: =M51/M$9*100 -> 0 | X51: 1 | Y51: 1 | AA51: 1 | AB51: 1 | AC51: 1 | AD51: 1 | AF51: 1 | AH51: 1 | AI51: 1 | AJ51: =SUM(O51:AI51) -> 9 | AK51: =AJ51/AJ$9*100 -> 69.230769 | AN51: 1 | AP51: 1 | AR51: 1 | BB51: 1 | BC51: 1 | BG51: =SUM(AM51:BF51) -> 5 | BH51: =BG51/BG$9*100 -> 41.666667 | BL51: 1 | BS51: 1 | BV51: 1 | CA51: 1 | CE51: =SUM(BI51:CD51) -> 4 | CF51: =CE51/CE$9*100 -> 30.769231 | CW51: =SUM(CG51:CV51) -> 0 | CX51: =CW51/CW$9*100 -> 0 | DK51: =SUM(CY51:DJ51) -> 0 | DL51: =DK51/DK$9*100 -> #DIV/0!
A52: 43 | B52: 0827CI241042 | C52: GOURAV PARMAR | D52: =SUM(M52+AJ52+BG52+CE52+CW52+DK52) -> 23 | E52: =(D52)/D$9*100 -> 52.272727 | F52: =IF(E52<50,E52, " ") | G52: =IF(E52<30,E52, " ") | M52: =SUM(H52:L52) -> 0 | N52: =M52/M$9*100 -> 0 | X52: 1 | Y52: 1 | AA52: 1 | AF52: 1 | AG52: 1 | AH52: 1 | AI52: 1 | AJ52: =SUM(O52:AI52) -> 7 | AK52: =AJ52/AJ$9*100 -> 53.846154 | AN52: 1 | AO52: 1 | AP52: 1 | AR52: 1 | AT52: 1 | AU52: 1 | BG52: =SUM(AM52:BF52) -> 6 | BH52: =BG52/BG$9*100 -> 50 | BL52: 1 | BO52: 1 | BP52: 1 | BS52: 1 | BT52: 1 | BU52: 1 | BV52: 1 | BY52: 1 | BZ52: 1 | CE52: =SUM(BI52:CD52) -> 9 | CF52: =CE52/CE$9*100 -> 69.230769 | CG52: 1 | CW52: =SUM(CG52:CV52) -> 1 | CX52: =CW52/CW$9*100 -> 50 | DK52: =SUM(CY52:DJ52) -> 0 | DL52: =DK52/DK$9*100 -> #DIV/0!
A53: 44 | B53: 0827CI241043 | C53: GUNJAN KOSE | D53: =SUM(M53+AJ53+BG53+CE53+CW53+DK53) -> 20 | E53: =(D53)/D$9*100 -> 45.454545 | F53: =IF(E53<50,E53, " ") -> 45.454545 | G53: =IF(E53<30,E53, " ") | M53: =SUM(H53:L53) -> 0 | N53: =M53/M$9*100 -> 0 | W53: 1 | X53: 1 | Y53: 1 | AA53: 1 | AD53: 1 | AF53: 1 | AG53: 1 | AI53: 1 | AJ53: =SUM(O53:AI53) -> 8 | AK53: =AJ53/AJ$9*100 -> 61.538462 | AN53: 1 | AR53: 1 | AS53: 1 | AU53: 1 | BD53: 1 | BG53: =SUM(AM53:BF53) -> 5 | BH53: =BG53/BG$9*100 -> 41.666667 | BI53: 1 | BL53: 1 | BO53: 1 | BP53: 1 | BS53: 1 | BY53: 1 | BZ53: 1 | CE53: =SUM(BI53:CD53) -> 7 | CF53: =CE53/CE$9*100 -> 53.846154 | CW53: =SUM(CG53:CV53) -> 0 | CX53: =CW53/CW$9*100 -> 0 | DK53: =SUM(CY53:DJ53) -> 0 | DL53: =DK53/DK$9*100 -> #DIV/0!
A54: 45 | B54: 0827CI241044 | C54: HARIPRIYA GUPTA | D54: =SUM(M54+AJ54+BG54+CE54+CW54+DK54) -> 23 | E54: =(D54)/D$9*100 -> 52.272727 | F54: =IF(E54<50,E54, " ") | G54: =IF(E54<30,E54, " ") | M54: =SUM(H54:L54) -> 0 | N54: =M54/M$9*100 -> 0 | W54: 1 | X54: 1 | Y54: 1 | AA54: 1 | AD54: 1 | AF54: 1 | AG54: 1 | AH54: 1 | AI54: 1 | AJ54: =SUM(O54:AI54) -> 9 | AK54: =AJ54/AJ$9*100 -> 69.230769 | AR54: 1 | AS54: 1 | AT54: 1 | AU54: 1 | BD54: 1 | BE54: 1 | BG54: =SUM(AM54:BF54) -> 6 | BH54: =BG54/BG$9*100 -> 50 | BO54: 1 | BP54: 1 | BS54: 1 | BT54: 1 | BU54: 1 | BV54: 1 | BZ54: 1 | CA54: 1 | CE54: =SUM(BI54:CD54) -> 8 | CF54: =CE54/CE$9*100 -> 61.538462 | CW54: =SUM(CG54:CV54) -> 0 | CX54: =CW54/CW$9*100 -> 0 | DK54: =SUM(CY54:DJ54) -> 0 | DL54: =DK54/DK$9*100 -> #DIV/0!
A55: 46 | B55: 0827CI241045 | C55: HARSH VARDHAN SINGH | D55: =SUM(M55+AJ55+BG55+CE55+CW55+DK55) -> 28 | E55: =(D55)/D$9*100 -> 63.636364 | F55: =IF(E55<50,E55, " ") | G55: =IF(E55<30,E55, " ") | M55: =SUM(H55:L55) -> 0 | N55: =M55/M$9*100 -> 0 | X55: 1 | Y55: 1 | AA55: 1 | AB55: 1 | AC55: 1 | AD55: 1 | AF55: 1 | AG55: 1 | AH55: 1 | AI55: 1 | AJ55: =SUM(O55:AI55) -> 10 | AK55: =AJ55/AJ$9*100 -> 76.923077 | AM55: 1 | AN55: 1 | AO55: 1 | AP55: 1 | BC55: 1 | BD55: 1 | BE55: 1 | BG55: =SUM(AM55:BF55) -> 7 | BH55: =BG55/BG$9*100 -> 58.333333 | BI55: 1 | BL55: 1 | BO55: 1 | BP55: 1 | BS55: 1 | BV55: 1 | BX55: 1 | BY55: 1 | BZ55: 1 | CE55: =SUM(BI55:CD55) -> 9 | CF55: =CE55/CE$9*100 -> 69.230769 | CH55: 1 | CI55: 1 | CW55: =SUM(CG55:CV55) -> 2 | CX55: =CW55/CW$9*100 -> 100 | DK55: =SUM(CY55:DJ55) -> 0 | DL55: =DK55/DK$9*100 -> #DIV/0!
A56: 47 | B56: 0827CI241046 | C56: HARSHIT SINGHI | D56: =SUM(M56+AJ56+BG56+CE56+CW56+DK56) -> 28 | E56: =(D56)/D$9*100 -> 63.636364 | F56: =IF(E56<50,E56, " ") | G56: =IF(E56<30,E56, " ") | M56: =SUM(H56:L56) -> 0 | N56: =M56/M$9*100 -> 0 | W56: 1 | X56: 1 | Y56: 1 | AA56: 1 | AB56: 1 | AC56: 1 | AD56: 1 | AF56: 1 | AG56: 1 | AH56: 1 | AI56: 1 | AJ56: =SUM(O56:AI56) -> 11 | AK56: =AJ56/AJ$9*100 -> 84.615385 | AN56: 1 | AO56: 1 | AP56: 1 | AR56: 1 | BC56: 1 | BE56: 1 | BG56: =SUM(AM56:BF56) -> 6 | BH56: =BG56/BG$9*100 -> 50 | BJ56: 1 | BL56: 1 | BO56: 1 | BP56: 1 | BT56: 1 | BU56: 1 | BV56: 1 | BX56: 1 | BY56: 1 | BZ56: 1 | CE56: =SUM(BI56:CD56) -> 10 | CF56: =CE56/CE$9*100 -> 76.923077 | CG56: 1 | CW56: =SUM(CG56:CV56) -> 1 | CX56: =CW56/CW$9*100 -> 50 | DK56: =SUM(CY56:DJ56) -> 0 | DL56: =DK56/DK$9*100 -> #DIV/0!
A57: 48 | B57: 0827CI241047 | C57: JAGRATI RAJPOOT | D57: =SUM(M57+AJ57+BG57+CE57+CW57+DK57) -> 23 | E57: =(D57)/D$9*100 -> 52.272727 | F57: =IF(E57<50,E57, " ") | G57: =IF(E57<30,E57, " ") | M57: =SUM(H57:L57) -> 0 | N57: =M57/M$9*100 -> 0 | W57: 1 | X57: 1 | Y57: 1 | AA57: 1 | AB57: 1 | AC57: 1 | AD57: 1 | AF57: 1 | AG57: 1 | AJ57: =SUM(O57:AI57) -> 9 | AK57: =AJ57/AJ$9*100 -> 69.230769 | AT57: 1 | AU57: 1 | BC57: 1 | BE57: 1 | BG57: =SUM(AM57:BF57) -> 4 | BH57: =BG57/BG$9*100 -> 33.333333 | BI57: 1 | BJ57: 1 | BL57: 1 | BO57: 1 | BP57: 1 | BS57: 1 | BV57: 1 | BX57: 1 | BY57: 1 | CE57: =SUM(BI57:CD57) -> 9 | CF57: =CE57/CE$9*100 -> 69.230769 | CG57: 1 | CW57: =SUM(CG57:CV57) -> 1 | CX57: =CW57/CW$9*100 -> 50 | DK57: =SUM(CY57:DJ57) -> 0 | DL57: =DK57/DK$9*100 -> #DIV/0!
A58: 49 | B58: 0827CI241048 | C58: JANHVI VYAS | D58: =SUM(M58+AJ58+BG58+CE58+CW58+DK58) -> 24 | E58: =(D58)/D$9*100 -> 54.545455 | F58: =IF(E58<50,E58, " ") | G58: =IF(E58<30,E58, " ") | M58: =SUM(H58:L58) -> 0 | N58: =M58/M$9*100 -> 0 | AB58: 1 | AD58: 1 | AF58: 1 | AG58: 1 | AH58: 1 | AI58: 1 | AJ58: =SUM(O58:AI58) -> 6 | AK58: =AJ58/AJ$9*100 -> 46.153846 | AM58: 1 | AN58: 1 | AR58: 1 | AS58: 1 | AU58: 1 | BC58: 1 | BG58: =SUM(AM58:BF58) -> 6 | BH58: =BG58/BG$9*100 -> 50 | BI58: 1 | BJ58: 1 | BL58: 1 | BO58: 1 | BP58: 1 | BS58: 1 | BV58: 1 | BX58: 1 | BZ58: 1 | CE58: =SUM(BI58:CD58) -> 9 | CF58: =CE58/CE$9*100 -> 69.230769 | CG58: 1 | CH58: 1 | CI58: 1 | CW58: =SUM(CG58:CV58) -> 3 | CX58: =CW58/CW$9*100 -> 150 | DK58: =SUM(CY58:DJ58) -> 0 | DL58: =DK58/DK$9*100 -> #DIV/0!
A59: 50 | B59: 0827CI241049 | C59: JAYANT SENGAR | D59: =SUM(M59+AJ59+BG59+CE59+CW59+DK59) -> 30 | E59: =(D59)/D$9*100 -> 68.181818 | F59: =IF(E59<50,E59, " ") | G59: =IF(E59<30,E59, " ") | M59: =SUM(H59:L59) -> 0 | N59: =M59/M$9*100 -> 0 | W59: 1 | X59: 1 | Y59: 1 | AA59: 1 | AB59: 1 | AC59: 1 | AD59: 1 | AF59: 1 | AG59: 1 | AH59: 1 | AI59: 1 | AJ59: =SUM(O59:AI59) -> 11 | AK59: =AJ59/AJ$9*100 -> 84.615385 | AM59: 1 | AO59: 1 | AP59: 1 | AR59: 1 | AS59: 1 | AT59: 1 | AU59: 1 | BB59: 1 | BC59: 1 | BD59: 1 | BG59: =SUM(AM59:BF59) -> 10 | BH59: =BG59/BG$9*100 -> 83.333333 | BJ59: 1 | BL59: 1 | BO59: 1 | BT59: 1 | BU59: 1 | BX59: 1 | BY59: 1 | BZ59: 1 | CE59: =SUM(BI59:CD59) -> 8 | CF59: =CE59/CE$9*100 -> 61.538462 | CH59: 1 | CW59: =SUM(CG59:CV59) -> 1 | CX59: =CW59/CW$9*100 -> 50 | DK59: =SUM(CY59:DJ59) -> 0 | DL59: =DK59/DK$9*100 -> #DIV/0!
A60: 51 | B60: 0827CI241050 | C60: JAYESH SAGAR | D60: =SUM(M60+AJ60+BG60+CE60+CW60+DK60) -> 14 | E60: =(D60)/D$9*100 -> 31.818182 | F60: =IF(E60<50,E60, " ") -> 31.818182 | G60: =IF(E60<30,E60, " ") | M60: =SUM(H60:L60) -> 0 | N60: =M60/M$9*100 -> 0 | AD60: 1 | AF60: 1 | AG60: 1 | AH60: 1 | AJ60: =SUM(O60:AI60) -> 4 | AK60: =AJ60/AJ$9*100 -> 30.769231 | AN60: 1 | AO60: 1 | AP60: 1 | AS60: 1 | BG60: =SUM(AM60:BF60) -> 4 | BH60: =BG60/BG$9*100 -> 33.333333 | BI60: 1 | BJ60: 1 | BL60: 1 | BX60: 1 | BZ60: 1 | CA60: 1 | CE60: =SUM(BI60:CD60) -> 6 | CF60: =CE60/CE$9*100 -> 46.153846 | CW60: =SUM(CG60:CV60) -> 0 | CX60: =CW60/CW$9*100 -> 0 | DK60: =SUM(CY60:DJ60) -> 0 | DL60: =DK60/DK$9*100 -> #DIV/0!
A61: 52 | B61: 0827CI241051 | C61: JIYA PAGARE | D61: =SUM(M61+AJ61+BG61+CE61+CW61+DK61) -> 14 | E61: =(D61)/D$9*100 -> 31.818182 | F61: =IF(E61<50,E61, " ") -> 31.818182 | G61: =IF(E61<30,E61, " ") | M61: =SUM(H61:L61) -> 0 | N61: =M61/M$9*100 -> 0 | AA61: 1 | AB61: 1 | AC61: 1 | AG61: 1 | AH61: 1 | AI61: 1 | AJ61: =SUM(O61:AI61) -> 6 | AK61: =AJ61/AJ$9*100 -> 46.153846 | AM61: 1 | AN61: 1 | BG61: =SUM(AM61:BF61) -> 2 | BH61: =BG61/BG$9*100 -> 16.666667 | BJ61: 1 | BT61: 1 | BZ61: 1 | CA61: 1 | CE61: =SUM(BI61:CD61) -> 4 | CF61: =CE61/CE$9*100 -> 30.769231 | CG61: 1 | CH61: 1 | CW61: =SUM(CG61:CV61) -> 2 | CX61: =CW61/CW$9*100 -> 100 | DK61: =SUM(CY61:DJ61) -> 0 | DL61: =DK61/DK$9*100 -> #DIV/0!
A62: 53 | B62: 0827CI241052 | C62: KANAK GOYAL | D62: =SUM(M62+AJ62+BG62+CE62+CW62+DK62) -> 23 | E62: =(D62)/D$9*100 -> 52.272727 | F62: =IF(E62<50,E62, " ") | G62: =IF(E62<30,E62, " ") | M62: =SUM(H62:L62) -> 0 | N62: =M62/M$9*100 -> 0 | Y62: 1 | AA62: 1 | AB62: 1 | AC62: 1 | AD62: 1 | AJ62: =SUM(O62:AI62) -> 5 | AK62: =AJ62/AJ$9*100 -> 38.461538 | AM62: 1 | AN62: 1 | AP62: 1 | AR62: 1 | AU62: 1 | BC62: 1 | BG62: =SUM(AM62:BF62) -> 6 | BH62: =BG62/BG$9*100 -> 50 | BI62: 1 | BJ62: 1 | BL62: 1 | BO62: 1 | BP62: 1 | BS62: 1 | BT62: 1 | BX62: 1 | BY62: 1 | BZ62: 1 | CE62: =SUM(BI62:CD62) -> 10 | CF62: =CE62/CE$9*100 -> 76.923077 | CG62: 1 | CH62: 1 | CW62: =SUM(CG62:CV62) -> 2 | CX62: =CW62/CW$9*100 -> 100 | DK62: =SUM(CY62:DJ62) -> 0 | DL62: =DK62/DK$9*100 -> #DIV/0!
A63: 54 | B63: 0827CI241053 | C63: KARAN SINGH BHADORIYA | D63: =SUM(M63+AJ63+BG63+CE63+CW63+DK63) -> 20 | E63: =(D63)/D$9*100 -> 45.454545 | F63: =IF(E63<50,E63, " ") -> 45.454545 | G63: =IF(E63<30,E63, " ") | M63: =SUM(H63:L63) -> 0 | N63: =M63/M$9*100 -> 0 | X63: 1 | Y63: 1 | AC63: 1 | AD63: 1 | AF63: 1 | AH63: 1 | AI63: 1 | AJ63: =SUM(O63:AI63) -> 7 | AK63: =AJ63/AJ$9*100 -> 53.846154 | AN63: 1 | AP63: 1 | AU63: 1 | BB63: 1 | BC63: 1 | BG63: =SUM(AM63:BF63) -> 5 | BH63: =BG63/BG$9*100 -> 41.666667 | BJ63: 1 | BL63: 1 | BS63: 1 | BT63: 1 | BX63: 1 | BY63: 1 | BZ63: 1 | CE63: =SUM(BI63:CD63) -> 7 | CF63: =CE63/CE$9*100 -> 53.846154 | CG63: 1 | CW63: =SUM(CG63:CV63) -> 1 | CX63: =CW63/CW$9*100 -> 50 | DK63: =SUM(CY63:DJ63) -> 0 | DL63: =DK63/DK$9*100 -> #DIV/0!
A64: 55 | B64: 0827CI241054 | C64: KHUSHAL MISHRA | D64: =SUM(M64+AJ64+BG64+CE64+CW64+DK64) -> 18 | E64: =(D64)/D$9*100 -> 40.909091 | F64: =IF(E64<50,E64, " ") -> 40.909091 | G64: =IF(E64<30,E64, " ") | M64: =SUM(H64:L64) -> 0 | N64: =M64/M$9*100 -> 0 | AA64: 1 | AB64: 1 | AC64: 1 | AD64: 1 | AF64: 1 | AG64: 1 | AJ64: =SUM(O64:AI64) -> 6 | AK64: =AJ64/AJ$9*100 -> 46.153846 | AR64: 1 | AS64: 1 | AT64: 1 | AU64: 1 | BB64: 1 | BC64: 1 | BG64: =SUM(AM64:BF64) -> 6 | BH64: =BG64/BG$9*100 -> 50 | BJ64: 1 | BL64: 1 | BP64: 1 | BS64: 1 | BX64: 1 | CA64: 1 | CE64: =SUM(BI64:CD64) -> 6 | CF64: =CE64/CE$9*100 -> 46.153846 | CW64: =SUM(CG64:CV64) -> 0 | CX64: =CW64/CW$9*100 -> 0 | DK64: =SUM(CY64:DJ64) -> 0 | DL64: =DK64/DK$9*100 -> #DIV/0!
A65: 56 | B65: 0827CI241055 | C65: KHUSHI | D65: =SUM(M65+AJ65+BG65+CE65+CW65+DK65) -> 24 | E65: =(D65)/D$9*100 -> 54.545455 | F65: =IF(E65<50,E65, " ") | G65: =IF(E65<30,E65, " ") | M65: =SUM(H65:L65) -> 0 | N65: =M65/M$9*100 -> 0 | W65: 1 | X65: 1 | Y65: 1 | AA65: 1 | AB65: 1 | AC65: 1 | AD65: 1 | AF65: 1 | AG65: 1 | AH65: 1 | AI65: 1 | AJ65: =SUM(O65:AI65) -> 11 | AK65: =AJ65/AJ$9*100 -> 84.615385 | AM65: 1 | AP65: 1 | AU65: 1 | BG65: =SUM(AM65:BF65) -> 3 | BH65: =BG65/BG$9*100 -> 25 | BI65: 1 | BJ65: 1 | BO65: 1 | BP65: 1 | BT65: 1 | BX65: 1 | BY65: 1 | CA65: 1 | CE65: =SUM(BI65:CD65) -> 8 | CF65: =CE65/CE$9*100 -> 61.538462 | CG65: 1 | CH65: 1 | CW65: =SUM(CG65:CV65) -> 2 | CX65: =CW65/CW$9*100 -> 100 | DK65: =SUM(CY65:DJ65) -> 0 | DL65: =DK65/DK$9*100 -> #DIV/0!
A66: 57 | B66: 0827CI241056 | C66: KHUSHI HEDAU | D66: =SUM(M66+AJ66+BG66+CE66+CW66+DK66) -> 30 | E66: =(D66)/D$9*100 -> 68.181818 | F66: =IF(E66<50,E66, " ") | G66: =IF(E66<30,E66, " ") | M66: =SUM(H66:L66) -> 0 | N66: =M66/M$9*100 -> 0 | W66: 1 | X66: 1 | Y66: 1 | AA66: 1 | AB66: 1 | AC66: 1 | AD66: 1 | AF66: 1 | AG66: 1 | AH66: 1 | AI66: 1 | AJ66: =SUM(O66:AI66) -> 11 | AK66: =AJ66/AJ$9*100 -> 84.615385 | AM66: 1 | AO66: 1 | AP66: 1 | AR66: 1 | AU66: 1 | BB66: 1 | BC66: 1 | BD66: 1 | BE66: 1 | BG66: =SUM(AM66:BF66) -> 9 | BH66: =BG66/BG$9*100 -> 75 | BJ66: 1 | BL66: 1 | BO66: 1 | BP66: 1 | BT66: 1 | BX66: 1 | BY66: 1 | BZ66: 1 | CE66: =SUM(BI66:CD66) -> 8 | CF66: =CE66/CE$9*100 -> 61.538462 | CG66: 1 | CH66: 1 | CW66: =SUM(CG66:CV66) -> 2 | CX66: =CW66/CW$9*100 -> 100 | DK66: =SUM(CY66:DJ66) -> 0 | DL66: =DK66/DK$9*100 -> #DIV/0!
A67: 58 | B67: 0827CI241057 | C67: KHUSHI MITTAL | D67: =SUM(M67+AJ67+BG67+CE67+CW67+DK67) -> 31 | E67: =(D67)/D$9*100 -> 70.454545 | F67: =IF(E67<50,E67, " ") | G67: =IF(E67<30,E67, " ") | M67: =SUM(H67:L67) -> 0 | N67: =M67/M$9*100 -> 0 | X67: 1 | Y67: 1 | AB67: 1 | AC67: 1 | AD67: 1 | AF67: 1 | AG67: 1 | AH67: 1 | AI67: 1 | AJ67: =SUM(O67:AI67) -> 9 | AK67: =AJ67/AJ$9*100 -> 69.230769 | AM67: 1 | AN67: 1 | AO67: 1 | AP67: 1 | AR67: 1 | AS67: 1 | AT67: 1 | AU67: 1 | BB67: 1 | BD67: 1 | BG67: =SUM(AM67:BF67) -> 10 | BH67: =BG67/BG$9*100 -> 83.333333 | BI67: 1 | BJ67: 1 | BL67: 1 | BO67: 1 | BP67: 1 | BS67: 1 | BT67: 1 | BY67: 1 | BZ67: 1 | CA67: 1 | CE67: =SUM(BI67:CD67) -> 10 | CF67: =CE67/CE$9*100 -> 76.923077 | CG67: 1 | CH67: 1 | CW67: =SUM(CG67:CV67) -> 2 | CX67: =CW67/CW$9*100 -> 100 | DK67: =SUM(CY67:DJ67) -> 0 | DL67: =DK67/DK$9*100 -> #DIV/0!
A68: 59 | B68: 0827CI241058 | C68: KRATIKA DUGAYA | D68: =SUM(M68+AJ68+BG68+CE68+CW68+DK68) -> 22 | E68: =(D68)/D$9*100 -> 50 | F68: =IF(E68<50,E68, " ") | G68: =IF(E68<30,E68, " ") | M68: =SUM(H68:L68) -> 0 | N68: =M68/M$9*100 -> 0 | AF68: 1 | AG68: 1 | AH68: 1 | AI68: 1 | AJ68: =SUM(O68:AI68) -> 4 | AK68: =AJ68/AJ$9*100 -> 30.769231 | AM68: 1 | AO68: 1 | AP68: 1 | AS68: 1 | AT68: 1 | AU68: 1 | BB68: 1 | BC68: 1 | BD68: 1 | BG68: =SUM(AM68:BF68) -> 9 | BH68: =BG68/BG$9*100 -> 75 | BI68: 1 | BJ68: 1 | BO68: 1 | BP68: 1 | BY68: 1 | BZ68: 1 | CA68: 1 | CE68: =SUM(BI68:CD68) -> 7 | CF68: =CE68/CE$9*100 -> 53.846154 | CG68: 1 | CH68: 1 | CW68: =SUM(CG68:CV68) -> 2 | CX68: =CW68/CW$9*100 -> 100 | DK68: =SUM(CY68:DJ68) -> 0 | DL68: =DK68/DK$9*100 -> #DIV/0!
A69: 60 | B69: 0827CI241059 | C69: KRISH PRAJAPAT | D69: =SUM(M69+AJ69+BG69+CE69+CW69+DK69) -> 14 | E69: =(D69)/D$9*100 -> 31.818182 | F69: =IF(E69<50,E69, " ") -> 31.818182 | G69: =IF(E69<30,E69, " ") | M69: =SUM(H69:L69) -> 0 | N69: =M69/M$9*100 -> 0 | W69: 1 | AB69: 1 | AC69: 1 | AF69: 1 | AG69: 1 | AH69: 1 | AJ69: =SUM(O69:AI69) -> 6 | AK69: =AJ69/AJ$9*100 -> 46.153846 | BG69: =SUM(AM69:BF69) -> 0 | BH69: =BG69/BG$9*100 -> 0 | BO69: 1 | BP69: 1 | BT69: 1 | BY69: 1 | BZ69: 1 | CA69: 1 | CE69: =SUM(BI69:CD69) -> 6 | CF69: =CE69/CE$9*100 -> 46.153846 | CG69: 1 | CH69: 1 | CW69: =SUM(CG69:CV69) -> 2 | CX69: =CW69/CW$9*100 -> 100 | DK69: =SUM(CY69:DJ69) -> 0 | DL69: =DK69/DK$9*100 -> #DIV/0!
A70: 61 | B70: 0827CI241060 | C70: KRISHNA HOLKAR | D70: =SUM(M70+AJ70+BG70+CE70+CW70+DK70) -> 18 | E70: =(D70)/D$9*100 -> 40.909091 | F70: =IF(E70<50,E70, " ") -> 40.909091 | G70: =IF(E70<30,E70, " ") | M70: =SUM(H70:L70) -> 0 | N70: =M70/M$9*100 -> 0 | AF70: 1 | AG70: 1 | AH70: 1 | AJ70: =SUM(O70:AI70) -> 3 | AK70: =AJ70/AJ$9*100 -> 23.076923 | AN70: 1 | AP70: 1 | AS70: 1 | AT70: 1 | BC70: 1 | BG70: =SUM(AM70:BF70) -> 5 | BH70: =BG70/BG$9*100 -> 41.666667 | BJ70: 1 | BL70: 1 | BO70: 1 | BP70: 1 | BS70: 1 | BT70: 1 | BX70: 1 | BY70: 1 | BZ70: 1 | CE70: =SUM(BI70:CD70) -> 9 | CF70: =CE70/CE$9*100 -> 69.230769 | CG70: 1 | CW70: =SUM(CG70:CV70) -> 1 | CX70: =CW70/CW$9*100 -> 50 | DK70: =SUM(CY70:DJ70) -> 0 | DL70: =DK70/DK$9*100 -> #DIV/0!
A71: 62 | B71: 0827CI241061 | C71: KRISHNA NANDGAONKAR | D71: =SUM(M71+AJ71+BG71+CE71+CW71+DK71) -> 3 | E71: =(D71)/D$9*100 -> 6.8181818 | F71: =IF(E71<50,E71, " ") -> 6.8181818 | G71: =IF(E71<30,E71, " ") -> 6.8181818 | M71: =SUM(H71:L71) -> 0 | N71: =M71/M$9*100 -> 0 | AF71: 1 | AG71: 1 | AJ71: =SUM(O71:AI71) -> 2 | AK71: =AJ71/AJ$9*100 -> 15.384615 | BG71: =SUM(AM71:BF71) -> 0 | BH71: =BG71/BG$9*100 -> 0 | BS71: 1 | CE71: =SUM(BI71:CD71) -> 1 | CF71: =CE71/CE$9*100 -> 7.6923077 | CW71: =SUM(CG71:CV71) -> 0 | CX71: =CW71/CW$9*100 -> 0 | DK71: =SUM(CY71:DJ71) -> 0 | DL71: =DK71/DK$9*100 -> #DIV/0!
A72: 63 | B72: 0827CI241062 | C72: KRISHNA PRAJAPATI | D72: =SUM(M72+AJ72+BG72+CE72+CW72+DK72) -> 18 | E72: =(D72)/D$9*100 -> 40.909091 | F72: =IF(E72<50,E72, " ") -> 40.909091 | G72: =IF(E72<30,E72, " ") | M72: =SUM(H72:L72) -> 0 | N72: =M72/M$9*100 -> 0 | X72: 1 | Y72: 1 | AA72: 1 | AC72: 1 | AD72: 1 | AH72: 1 | AI72: 1 | AJ72: =SUM(O72:AI72) -> 7 | AK72: =AJ72/AJ$9*100 -> 53.846154 | AN72: 1 | AP72: 1 | AU72: 1 | BB72: 1 | BC72: 1 | BG72: =SUM(AM72:BF72) -> 5 | BH72: =BG72/BG$9*100 -> 41.666667 | BJ72: 1 | BL72: 1 | BS72: 1 | BT72: 1 | BZ72: 1 | CE72: =SUM(BI72:CD72) -> 5 | CF72: =CE72/CE$9*100 -> 38.461538 | CG72: 1 | CW72: =SUM(CG72:CV72) -> 1 | CX72: =CW72/CW$9*100 -> 50 | DK72: =SUM(CY72:DJ72) -> 0 | DL72: =DK72/DK$9*100 -> #DIV/0!
A73: 64 | B73: 0827CI241063 | C73: KUSHAGRA SINGH TOMAR | D73: =SUM(M73+AJ73+BG73+CE73+CW73+DK73) -> 22 | E73: =(D73)/D$9*100 -> 50 | F73: =IF(E73<50,E73, " ") | G73: =IF(E73<30,E73, " ") | M73: =SUM(H73:L73) -> 0 | N73: =M73/M$9*100 -> 0 | W73: 1 | X73: 1 | Y73: 1 | AA73: 1 | AB73: 1 | AC73: 1 | AD73: 1 | AJ73: =SUM(O73:AI73) -> 7 | AK73: =AJ73/AJ$9*100 -> 53.846154 | AP73: 1 | BB73: 1 | BC73: 1 | BD73: 1 | BE73: 1 | BG73: =SUM(AM73:BF73) -> 5 | BH73: =BG73/BG$9*100 -> 41.666667 | BI73: 1 | BJ73: 1 | BO73: 1 | BP73: 1 | BS73: 1 | BX73: 1 | BZ73: 1 | CA73: 1 | CE73: =SUM(BI73:CD73) -> 8 | CF73: =CE73/CE$9*100 -> 61.538462 | CG73: 1 | CH73: 1 | CW73: =SUM(CG73:CV73) -> 2 | CX73: =CW73/CW$9*100 -> 100 | DK73: =SUM(CY73:DJ73) -> 0 | DL73: =DK73/DK$9*100 -> #DIV/0!
A74: 65 | B74: 0827CI241064 | C74: KUSHAL MEHTA | D74: =SUM(M74+AJ74+BG74+CE74+CW74+DK74) -> 23 | E74: =(D74)/D$9*100 -> 52.272727 | F74: =IF(E74<50,E74, " ") | G74: =IF(E74<30,E74, " ") | M74: =SUM(H74:L74) -> 0 | N74: =M74/M$9*100 -> 0 | X74: 1 | Y74: 1 | AA74: 1 | AB74: 1 | AC74: 1 | AD74: 1 | AF74: 1 | AH74: 1 | AI74: 1 | AJ74: =SUM(O74:AI74) -> 9 | AK74: =AJ74/AJ$9*100 -> 69.230769 | AN74: 1 | AP74: 1 | AR74: 1 | AU74: 1 | BB74: 1 | BC74: 1 | BG74: =SUM(AM74:BF74) -> 6 | BH74: =BG74/BG$9*100 -> 50 | BL74: 1 | BT74: 1 | BX74: 1 | BY74: 1 | BZ74: 1 | CA74: 1 | CE74: =SUM(BI74:CD74) -> 6 | CF74: =CE74/CE$9*100 -> 46.153846 | CG74: 1 | CI74: 1 | CW74: =SUM(CG74:CV74) -> 2 | CX74: =CW74/CW$9*100 -> 100 | DK74: =SUM(CY74:DJ74) -> 0 | DL74: =DK74/DK$9*100 -> #DIV/0!
A75: 66 | B75: 0827CI241065 | C75: LAKSHYA VERMA | D75: =SUM(M75+AJ75+BG75+CE75+CW75+DK75) -> 6 | E75: =(D75)/D$9*100 -> 13.636364 | F75: =IF(E75<50,E75, " ") -> 13.636364 | G75: =IF(E75<30,E75, " ") -> 13.636364 | M75: =SUM(H75:L75) -> 0 | N75: =M75/M$9*100 -> 0 | AA75: 1 | AF75: 1 | AJ75: =SUM(O75:AI75) -> 2 | AK75: =AJ75/AJ$9*100 -> 15.384615 | AN75: 1 | AO75: 1 | AP75: 1 | BC75: 1 | BG75: =SUM(AM75:BF75) -> 4 | BH75: =BG75/BG$9*100 -> 33.333333 | CE75: =SUM(BI75:CD75) -> 0 | CF75: =CE75/CE$9*100 -> 0 | CW75: =SUM(CG75:CV75) -> 0 | CX75: =CW75/CW$9*100 -> 0 | DK75: =SUM(CY75:DJ75) -> 0 | DL75: =DK75/DK$9*100 -> #DIV/0!
A76: 67 | B76: 0827CI241066 | C76: MANAN GUPTA | D76: =SUM(M76+AJ76+BG76+CE76+CW76+DK76) -> 19 | E76: =(D76)/D$9*100 -> 43.181818 | F76: =IF(E76<50,E76, " ") -> 43.181818 | G76: =IF(E76<30,E76, " ") | M76: =SUM(H76:L76) -> 0 | N76: =M76/M$9*100 -> 0 | W76: 1 | X76: 1 | Y76: 1 | AA76: 1 | AB76: 1 | AH76: 1 | AJ76: =SUM(O76:AI76) -> 6 | AK76: =AJ76/AJ$9*100 -> 46.153846 | AM76: 1 | AN76: 1 | AU76: 1 | BC76: 1 | BG76: =SUM(AM76:BF76) -> 4 | BH76: =BG76/BG$9*100 -> 33.333333 | BI76: 1 | BJ76: 1 | BL76: 1 | BO76: 1 | BP76: 1 | BS76: 1 | BZ76: 1 | CA76: 1 | CE76: =SUM(BI76:CD76) -> 8 | CF76: =CE76/CE$9*100 -> 61.538462 | CG76: 1 | CW76: =SUM(CG76:CV76) -> 1 | CX76: =CW76/CW$9*100 -> 50 | DK76: =SUM(CY76:DJ76) -> 0 | DL76: =DK76/DK$9*100 -> #DIV/0!
A77: 68 | B77: 0827CI241067 | C77: MAYUR YADAV | D77: =SUM(M77+AJ77+BG77+CE77+CW77+DK77) -> 16 | E77: =(D77)/D$9*100 -> 36.363636 | F77: =IF(E77<50,E77, " ") -> 36.363636 | G77: =IF(E77<30,E77, " ") | M77: =SUM(H77:L77) -> 0 | N77: =M77/M$9*100 -> 0 | AB77: 1 | AC77: 1 | AD77: 1 | AF77: 1 | AJ77: =SUM(O77:AI77) -> 4 | AK77: =AJ77/AJ$9*100 -> 30.769231 | AP77: 1 | AS77: 1 | AT77: 1 | BG77: =SUM(AM77:BF77) -> 3 | BH77: =BG77/BG$9*100 -> 25 | BJ77: 1 | BO77: 1 | BP77: 1 | BT77: 1 | BY77: 1 | BZ77: 1 | CA77: 1 | CE77: =SUM(BI77:CD77) -> 7 | CF77: =CE77/CE$9*100 -> 53.846154 | CG77: 1 | CH77: 1 | CW77: =SUM(CG77:CV77) -> 2 | CX77: =CW77/CW$9*100 -> 100 | DK77: =SUM(CY77:DJ77) -> 0 | DL77: =DK77/DK$9*100 -> #DIV/0!
A78: 69 | B78: 0827CI241068 | C78: MEHUL VIJAYVARGIYA | D78: =SUM(M78+AJ78+BG78+CE78+CW78+DK78) -> 13 | E78: =(D78)/D$9*100 -> 29.545455 | F78: =IF(E78<50,E78, " ") -> 29.545455 | G78: =IF(E78<30,E78, " ") -> 29.545455 | M78: =SUM(H78:L78) -> 0 | N78: =M78/M$9*100 -> 0 | AC78: 1 | AH78: 1 | AI78: 1 | AJ78: =SUM(O78:AI78) -> 3 | AK78: =AJ78/AJ$9*100 -> 23.076923 | AS78: 1 | AT78: 1 | AU78: 1 | BC78: 1 | BG78: =SUM(AM78:BF78) -> 4 | BH78: =BG78/BG$9*100 -> 33.333333 | BJ78: 1 | BS78: 1 | BX78: 1 | BY78: 1 | BZ78: 1 | CE78: =SUM(BI78:CD78) -> 5 | CF78: =CE78/CE$9*100 -> 38.461538 | CG78: 1 | CW78: =SUM(CG78:CV78) -> 1 | CX78: =CW78/CW$9*100 -> 50 | DK78: =SUM(CY78:DJ78) -> 0 | DL78: =DK78/DK$9*100 -> #DIV/0!
A79: 70 | B79: 0827CI241069 | C79: MIHIKA TIWARI | D79: =SUM(M79+AJ79+BG79+CE79+CW79+DK79) -> 23 | E79: =(D79)/D$9*100 -> 52.272727 | F79: =IF(E79<50,E79, " ") | G79: =IF(E79<30,E79, " ") | H79: 1 | M79: =SUM(H79:L79) -> 1 | N79: =M79/M$9*100 -> 25 | W79: 1 | X79: 1 | Y79: 1 | AA79: 1 | AB79: 1 | AC79: 1 | AF79: 1 | AG79: 1 | AI79: 1 | AJ79: =SUM(O79:AI79) -> 9 | AK79: =AJ79/AJ$9*100 -> 69.230769 | AM79: 1 | AN79: 1 | AO79: 1 | AS79: 1 | AT79: 1 | BB79: 1 | BG79: =SUM(AM79:BF79) -> 6 | BH79: =BG79/BG$9*100 -> 50 | BI79: 1 | BL79: 1 | BO79: 1 | BP79: 1 | BS79: 1 | BX79: 1 | BZ79: 1 | CE79: =SUM(BI79:CD79) -> 7 | CF79: =CE79/CE$9*100 -> 53.846154 | CW79: =SUM(CG79:CV79) -> 0 | CX79: =CW79/CW$9*100 -> 0 | DK79: =SUM(CY79:DJ79) -> 0 | DL79: =DK79/DK$9*100 -> #DIV/0!
A80: 71 | B80: 0827CI241070 | C80: MITALI RAJPUT | D80: =SUM(M80+AJ80+BG80+CE80+CW80+DK80) -> 28 | E80: =(D80)/D$9*100 -> 63.636364 | F80: =IF(E80<50,E80, " ") | G80: =IF(E80<30,E80, " ") | H80: 1 | I80: 1 | J80: 1 | K80: 1 | M80: =SUM(H80:L80) -> 4 | N80: =M80/M$9*100 -> 100 | O80: 1 | P80: 1 | AF80: 1 | AG80: 1 | AH80: 1 | AJ80: =SUM(O80:AI80) -> 5 | AK80: =AJ80/AJ$9*100 -> 38.461538 | AM80: 1 | AN80: 1 | AP80: 1 | AS80: 1 | AT80: 1 | AU80: 1 | BB80: 1 | BC80: 1 | BD80: 1 | BG80: =SUM(AM80:BF80) -> 9 | BH80: =BG80/BG$9*100 -> 75 | BJ80: 1 | BL80: 1 | BO80: 1 | BP80: 1 | BS80: 1 | BT80: 1 | BX80: 1 | BZ80: 1 | CA80: 1 | CE80: =SUM(BI80:CD80) -> 9 | CF80: =CE80/CE$9*100 -> 69.230769 | CG80: 1 | CW80: =SUM(CG80:CV80) -> 1 | CX80: =CW80/CW$9*100 -> 50 | DK80: =SUM(CY80:DJ80) -> 0 | DL80: =DK80/DK$9*100 -> #DIV/0!
A81: 72 | B81: 0827CI241071 | C81: MITUSHI TAWAR | D81: =SUM(M81+AJ81+BG81+CE81+CW81+DK81) -> 0 | E81: =(D81)/D$9*100 -> 0 | F81: =IF(E81<50,E81, " ") -> 0 | G81: =IF(E81<30,E81, " ") -> 0 | M81: =SUM(H81:L81) -> 0 | N81: =M81/M$9*100 -> 0 | AJ81: =SUM(O81:AI81) -> 0 | AK81: =AJ81/AJ$9*100 -> 0 | BG81: =SUM(AM81:BF81) -> 0 | BH81: =BG81/BG$9*100 -> 0 | CE81: =SUM(BI81:CD81) -> 0 | CF81: =CE81/CE$9*100 -> 0 | CW81: =SUM(CG81:CV81) -> 0 | CX81: =CW81/CW$9*100 -> 0 | DK81: =SUM(CY81:DJ81) -> 0 | DL81: =DK81/DK$9*100 -> #DIV/0!
A82: 73 | B82: 0827CI241072 | C82: MOHAMMED ZEESHAN KHAN | D82: =SUM(M82+AJ82+BG82+CE82+CW82+DK82) -> 8 | E82: =(D82)/D$9*100 -> 18.181818 | F82: =IF(E82<50,E82, " ") -> 18.181818 | G82: =IF(E82<30,E82, " ") -> 18.181818 | M82: =SUM(H82:L82) -> 0 | N82: =M82/M$9*100 -> 0 | AB82: 1 | AH82: 1 | AJ82: =SUM(O82:AI82) -> 2 | AK82: =AJ82/AJ$9*100 -> 15.384615 | AM82: 1 | AU82: 1 | BG82: =SUM(AM82:BF82) -> 2 | BH82: =BG82/BG$9*100 -> 16.666667 | BL82: 1 | BO82: 1 | BP82: 1 | BT82: 1 | CE82: =SUM(BI82:CD82) -> 4 | CF82: =CE82/CE$9*100 -> 30.769231 | CW82: =SUM(CG82:CV82) -> 0 | CX82: =CW82/CW$9*100 -> 0 | DK82: =SUM(CY82:DJ82) -> 0 | DL82: =DK82/DK$9*100 -> #DIV/0!
A83: 74 | B83: 0827CI241073 | C83: MOHINI YADAV | D83: =SUM(M83+AJ83+BG83+CE83+CW83+DK83) -> 14 | E83: =(D83)/D$9*100 -> 31.818182 | F83: =IF(E83<50,E83, " ") -> 31.818182 | G83: =IF(E83<30,E83, " ") | M83: =SUM(H83:L83) -> 0 | N83: =M83/M$9*100 -> 0 | AB83: 1 | AC83: 1 | AD83: 1 | AF83: 1 | AG83: 1 | AH83: 1 | AJ83: =SUM(O83:AI83) -> 6 | AK83: =AJ83/AJ$9*100 -> 46.153846 | AO83: 1 | AP83: 1 | AR83: 1 | BB83: 1 | BG83: =SUM(AM83:BF83) -> 4 | BH83: =BG83/BG$9*100 -> 33.333333 | BI83: 1 | BJ83: 1 | BO83: 1 | BP83: 1 | CE83: =SUM(BI83:CD83) -> 4 | CF83: =CE83/CE$9*100 -> 30.769231 | CW83: =SUM(CG83:CV83) -> 0 | CX83: =CW83/CW$9*100 -> 0 | DK83: =SUM(CY83:DJ83) -> 0 | DL83: =DK83/DK$9*100 -> #DIV/0!
A84: 75 | B84: 0827CI241074 | C84: MOHIT PRAJAPAT | D84: =SUM(M84+AJ84+BG84+CE84+CW84+DK84) -> 22 | E84: =(D84)/D$9*100 -> 50 | F84: =IF(E84<50,E84, " ") | G84: =IF(E84<30,E84, " ") | M84: =SUM(H84:L84) -> 0 | N84: =M84/M$9*100 -> 0 | X84: 1 | Y84: 1 | AB84: 1 | AF84: 1 | AG84: 1 | AH84: 1 | AJ84: =SUM(O84:AI84) -> 6 | AK84: =AJ84/AJ$9*100 -> 46.153846 | AM84: 1 | AN84: 1 | AO84: 1 | AP84: 1 | AR84: 1 | AS84: 1 | AT84: 1 | AU84: 1 | BB84: 1 | BG84: =SUM(AM84:BF84) -> 9 | BH84: =BG84/BG$9*100 -> 75 | BI84: 1 | BJ84: 1 | BL84: 1 | BO84: 1 | BP84: 1 | BX84: 1 | CA84: 1 | CE84: =SUM(BI84:CD84) -> 7 | CF84: =CE84/CE$9*100 -> 53.846154 | CW84: =SUM(CG84:CV84) -> 0 | CX84: =CW84/CW$9*100 -> 0 | DK84: =SUM(CY84:DJ84) -> 0 | DL84: =DK84/DK$9*100 -> #DIV/0!
A85: 76 | B85: 0827CI241075 | C85: MOIZ UDDIN | D85: =SUM(M85+AJ85+BG85+CE85+CW85+DK85) -> 23 | E85: =(D85)/D$9*100 -> 52.272727 | F85: =IF(E85<50,E85, " ") | G85: =IF(E85<30,E85, " ") | M85: =SUM(H85:L85) -> 0 | N85: =M85/M$9*100 -> 0 | X85: 1 | Y85: 1 | AA85: 1 | AB85: 1 | AC85: 1 | AD85: 1 | AF85: 1 | AG85: 1 | AH85: 1 | AJ85: =SUM(O85:AI85) -> 9 | AK85: =AJ85/AJ$9*100 -> 69.230769 | AM85: 1 | AN85: 1 | AO85: 1 | AP85: 1 | AR85: 1 | AS85: 1 | AT85: 1 | BB85: 1 | BG85: =SUM(AM85:BF85) -> 8 | BH85: =BG85/BG$9*100 -> 66.666667 | BI85: 1 | BJ85: 1 | BL85: 1 | BO85: 1 | BP85: 1 | CA85: 1 | CE85: =SUM(BI85:CD85) -> 6 | CF85: =CE85/CE$9*100 -> 46.153846 | CW85: =SUM(CG85:CV85) -> 0 | CX85: =CW85/CW$9*100 -> 0 | DK85: =SUM(CY85:DJ85) -> 0 | DL85: =DK85/DK$9*100 -> #DIV/0!
A86: 77 | B86: 0827CI241076 | C86: MOKSHA JAIN | D86: =SUM(M86+AJ86+BG86+CE86+CW86+DK86) -> 3 | E86: =(D86)/D$9*100 -> 6.8181818 | F86: =IF(E86<50,E86, " ") -> 6.8181818 | G86: =IF(E86<30,E86, " ") -> 6.8181818 | M86: =SUM(H86:L86) -> 0 | N86: =M86/M$9*100 -> 0 | Y86: 1 | AA86: 1 | AJ86: =SUM(O86:AI86) -> 2 | AK86: =AJ86/AJ$9*100 -> 15.384615 | AN86: 1 | BG86: =SUM(AM86:BF86) -> 1 | BH86: =BG86/BG$9*100 -> 8.3333333 | CE86: =SUM(BI86:CD86) -> 0 | CF86: =CE86/CE$9*100 -> 0 | CW86: =SUM(CG86:CV86) -> 0 | CX86: =CW86/CW$9*100 -> 0 | DK86: =SUM(CY86:DJ86) -> 0 | DL86: =DK86/DK$9*100 -> #DIV/0!
A87: 78 | B87: 0827CI241077 | C87: MRIGISHA VERMA | D87: =SUM(M87+AJ87+BG87+CE87+CW87+DK87) -> 20 | E87: =(D87)/D$9*100 -> 45.454545 | F87: =IF(E87<50,E87, " ") -> 45.454545 | G87: =IF(E87<30,E87, " ") | M87: =SUM(H87:L87) -> 0 | N87: =M87/M$9*100 -> 0 | X87: 1 | Y87: 1 | AA87: 1 | AD87: 1 | AG87: 1 | AI87: 1 | AJ87: =SUM(O87:AI87) -> 6 | AK87: =AJ87/AJ$9*100 -> 46.153846 | AN87: 1 | AO87: 1 | AP87: 1 | BC87: 1 | BD87: 1 | BG87: =SUM(AM87:BF87) -> 5 | BH87: =BG87/BG$9*100 -> 41.666667 | BI87: 1 | BJ87: 1 | BO87: 1 | BS87: 1 | BT87: 1 | BV87: 1 | BZ87: 1 | CA87: 1 | CE87: =SUM(BI87:CD87) -> 8 | CF87: =CE87/CE$9*100 -> 61.538462 | CG87: 1 | CW87: =SUM(CG87:CV87) -> 1 | CX87: =CW87/CW$9*100 -> 50 | DK87: =SUM(CY87:DJ87) -> 0 | DL87: =DK87/DK$9*100 -> #DIV/0!
A88: 79 | B88: 0827CI241078 | C88: MUKUL VYAS | D88: =SUM(M88+AJ88+BG88+CE88+CW88+DK88) -> 22 | E88: =(D88)/D$9*100 -> 50 | F88: =IF(E88<50,E88, " ") | G88: =IF(E88<30,E88, " ") | M88: =SUM(H88:L88) -> 0 | N88: =M88/M$9*100 -> 0 | W88: 1 | AA88: 1 | AB88: 1 | AD88: 1 | AG88: 1 | AH88: 1 | AJ88: =SUM(O88:AI88) -> 6 | AK88: =AJ88/AJ$9*100 -> 46.153846 | AP88: 1 | AR88: 1 | AT88: 1 | AU88: 1 | BB88: 1 | BC88: 1 | BE88: 1 | BG88: =SUM(AM88:BF88) -> 7 | BH88: =BG88/BG$9*100 -> 58.333333 | BJ88: 1 | BL88: 1 | BO88: 1 | BP88: 1 | BS88: 1 | BU88: 1 | BY88: 1 | BZ88: 1 | CE88: =SUM(BI88:CD88) -> 8 | CF88: =CE88/CE$9*100 -> 61.538462 | CI88: 1 | CW88: =SUM(CG88:CV88) -> 1 | CX88: =CW88/CW$9*100 -> 50 | DK88: =SUM(CY88:DJ88) -> 0 | DL88: =DK88/DK$9*100 -> #DIV/0!
A89: 80 | B89: 0827CI241079 | C89: NAINSI PATIDAR | D89: =SUM(M89+AJ89+BG89+CE89+CW89+DK89) -> 16 | E89: =(D89)/D$9*100 -> 36.363636 | F89: =IF(E89<50,E89, " ") -> 36.363636 | G89: =IF(E89<30,E89, " ") | M89: =SUM(H89:L89) -> 0 | N89: =M89/M$9*100 -> 0 | W89: 1 | X89: 1 | Y89: 1 | AC89: 1 | AI89: 1 | AJ89: =SUM(O89:AI89) -> 5 | AK89: =AJ89/AJ$9*100 -> 38.461538 | AM89: 1 | AN89: 1 | AO89: 1 | AT89: 1 | BG89: =SUM(AM89:BF89) -> 4 | BH89: =BG89/BG$9*100 -> 33.333333 | BI89: 1 | BJ89: 1 | BL89: 1 | BP89: 1 | BS89: 1 | BV89: 1 | CE89: =SUM(BI89:CD89) -> 6 | CF89: =CE89/CE$9*100 -> 46.153846 | CG89: 1 | CW89: =SUM(CG89:CV89) -> 1 | CX89: =CW89/CW$9*100 -> 50 | DK89: =SUM(CY89:DJ89) -> 0 | DL89: =DK89/DK$9*100 -> #DIV/0!
A90: 81 | B90: 0827CI241080 | C90: NIHARIKA SOLANKI | D90: =SUM(M90+AJ90+BG90+CE90+CW90+DK90) -> 35 | E90: =(D90)/D$9*100 -> 79.545455 | F90: =IF(E90<50,E90, " ") | G90: =IF(E90<30,E90, " ") | H90: 1 | I90: 1 | J90: 1 | K90: 1 | M90: =SUM(H90:L90) -> 4 | N90: =M90/M$9*100 -> 100 | O90: 1 | P90: 1 | X90: 1 | Y90: 1 | AA90: 1 | AB90: 1 | AC90: 1 | AD90: 1 | AF90: 1 | AG90: 1 | AH90: 1 | AJ90: =SUM(O90:AI90) -> 11 | AK90: =AJ90/AJ$9*100 -> 84.615385 | AM90: 1 | AN90: 1 | AP90: 1 | AS90: 1 | AT90: 1 | AU90: 1 | BB90: 1 | BC90: 1 | BD90: 1 | BG90: =SUM(AM90:BF90) -> 9 | BH90: =BG90/BG$9*100 -> 75 | BJ90: 1 | BL90: 1 | BP90: 1 | BS90: 1 | BT90: 1 | BU90: 1 | BV90: 1 | BX90: 1 | BY90: 1 | BZ90: 1 | CE90: =SUM(BI90:CD90) -> 10 | CF90: =CE90/CE$9*100 -> 76.923077 | CG90: 1 | CW90: =SUM(CG90:CV90) -> 1 | CX90: =CW90/CW$9*100 -> 50 | DK90: =SUM(CY90:DJ90) -> 0 | DL90: =DK90/DK$9*100 -> #DIV/0!
A91: 82 | B91: 0827CI241081 | C91: NIHARIKA TIWARI | D91: =SUM(M91+AJ91+BG91+CE91+CW91+DK91) -> 35 | E91: =(D91)/D$9*100 -> 79.545455 | F91: =IF(E91<50,E91, " ") | G91: =IF(E91<30,E91, " ") | H91: 1 | I91: 1 | J91: 1 | K91: 1 | M91: =SUM(H91:L91) -> 4 | N91: =M91/M$9*100 -> 100 | O91: 1 | P91: 1 | X91: 1 | Y91: 1 | AA91: 1 | AB91: 1 | AC91: 1 | AD91: 1 | AF91: 1 | AJ91: =SUM(O91:AI91) -> 9 | AK91: =AJ91/AJ$9*100 -> 69.230769 | AM91: 1 | AN91: 1 | AO91: 1 | AP91: 1 | AR91: 1 | AS91: 1 | AT91: 1 | AU91: 1 | BB91: 1 | BC91: 1 | BG91: =SUM(AM91:BF91) -> 10 | BH91: =BG91/BG$9*100 -> 83.333333 | BI91: 1 | BJ91: 1 | BL91: 1 | BP91: 1 | BS91: 1 | BT91: 1 | BU91: 1 | BV91: 1 | BX91: 1 | BY91: 1 | BZ91: 1 | CA91: 1 | CE91: =SUM(BI91:CD91) -> 12 | CF91: =CE91/CE$9*100 -> 92.307692 | CW91: =SUM(CG91:CV91) -> 0 | CX91: =CW91/CW$9*100 -> 0 | DK91: =SUM(CY91:DJ91) -> 0 | DL91: =DK91/DK$9*100 -> #DIV/0!
A92: 83 | B92: 0827CI241082 | C92: NITIN RATHORE | D92: =SUM(M92+AJ92+BG92+CE92+CW92+DK92) -> 0 | E92: =(D92)/D$9*100 -> 0 | F92: =IF(E92<50,E92, " ") -> 0 | G92: =IF(E92<30,E92, " ") -> 0 | M92: =SUM(H92:L92) -> 0 | N92: =M92/M$9*100 -> 0 | AJ92: =SUM(O92:AI92) -> 0 | AK92: =AJ92/AJ$9*100 -> 0 | BG92: =SUM(AM92:BF92) -> 0 | BH92: =BG92/BG$9*100 -> 0 | CE92: =SUM(BI92:CD92) -> 0 | CF92: =CE92/CE$9*100 -> 0 | CW92: =SUM(CG92:CV92) -> 0 | CX92: =CW92/CW$9*100 -> 0 | DK92: =SUM(CY92:DJ92) -> 0 | DL92: =DK92/DK$9*100 -> #DIV/0!

Sheet 402
A1: CSIT-402
A2: Faculty Name: | C2: Dr. Asmita Rajawat
A3: Subject Name : | C3: Analog and Digital Communication
A4: Subject Code : | C4: CSIT-402
A5: Start Date | C5: 46104
A6: End Date
H7: 1 | I7: 2 | J7: 3 | K7: 4 | L7: 5 | O7: 1 | P7: 2 | Q7: 3 | R7: 4 | S7: 5 | T7: 6 | U7: 7 | V7: 8 | W7: 9 | X7: 10 | Y7: 11 | Z7: 12 | AA7: 13 | AB7: 14 | AC7: 15 | AD7: 16 | AE7: 17 | AF7: 18 | AG7: 19 | AH7: 20 | AI7: 21 | AL7: 1 | AM7: 2 | AN7: 3 | AO7: 4 | AP7: 5 | AQ7: 6 | AR7: 7 | AS7: 8 | AT7: 9 | AU7: 10 | AV7: 11 | AW7: 12 | AX7: 13 | AY7: 14 | AZ7: 15 | BA7: 16 | BB7: 17 | BC7: 18 | BD7: 19 | BE7: 20 | BF7: 21 | BI7: 1 | BJ7: 2 | BK7: 3 | BL7: 4 | BM7: 5 | BN7: 6 | BO7: 7 | BP7: 8 | BQ7: 9 | BR7: 10 | BS7: 11 | BT7: 12 | BU7: 13 | BV7: 14 | BW7: 15 | BX7: 16 | BY7: 17 | BZ7: 18 | CA7: 19 | CB7: 20 | CC7: 21 | CD7: 22 | CG7: 1 | CH7: 2 | CI7: 3 | CJ7: 4 | CK7: 5 | CL7: 6 | CM7: 7 | CN7: 8 | CO7: 9 | CP7: 10 | CQ7: 11 | CR7: 12 | CS7: 13 | CT7: 14 | CU7: 15 | CV7: 16
D8: Total Class | E8: OverAll Att. % | F8: Att. 50% | G8: Att. 30% | H8: 46104 | I8: 46105 | J8: 46106 | K8: 46107 | L8: 46111 | M8: MAR CLASS | N8: MARCH % | O8: 46113 | P8: 46114 | Q8: 46115 | R8: 46118 | S8: 46119 | T8: 46120 | U8: 46121 | V8: 46122 | W8: 46125 | X8: 46127 | Y8: 46128 | Z8: 46129 | AA8: 46132 | AB8: 46133 | AC8: 46134 | AD8: 46135 | AE8: 46136 | AF8: 46139 | AG8: 46140 | AH8: 46141 | AI8: 46142 | AJ8: APRIL CLASS | AK8: APRIL % | AL8: 46143 | AM8: 46146 | AN8: 46147 | AO8: 46148 | AP8: 46148 | AQ8: 46150 | AR8: 46153 | AS8: 46154 | AT8: 46155 | AU8: 46156 | AV8: 46157 | AW8: 46160 | AX8: 46161 | AY8: 46162 | AZ8: 46163 | BA8: 46164 | BB8: 46167 | BC8: 46168 | BD8: 46169 | BE8: 46170 | BF8: 46171 | BG8: MAY CLASS | BH8: MAY% | BI8: 46174 | BJ8: 46175 | BK8: 46176 | BL8: 46177 | BM8: 46178 | BN8: 46181 | BO8: 46182 | BP8: 46183 | BQ8: 46184 | BR8: 46185 | BS8: 46188 | BT8: 46189 | BU8: 46190 | BV8: 46191 | BW8: 46192 | BX8: 46195 | BY8: 46196 | BZ8: 46197 | CA8: 46198 | CB8: 46199 | CC8: 46202 | CD8: 46203 | CE8: JUNE CLASS | CF8: JUNE % | CG8: 46204 | CH8: 46206 | CI8: 46223 | CW8: JULY CLASS | CX8: JULY% | DK8: AUG CLASS | DL8: AUG%
A9: s.no. | B9: Enrollment NO. | C9: Student Name | D9: =SUM(M9+AJ9+BG9+CE9+CW9+DK9) -> 38 | H9: =SUM(H11:H92) -> 0 | I9: =SUM(I11:I92) -> 0 | J9: =SUM(J11:J92) -> 0 | K9: =SUM(K11:K92) -> 0 | L9: =SUM(L11:L92) -> 0 | M9: =COUNTIF(H9:L9,">0") -> 0 | N9: =COUNTIF(H9:K9,">0") -> 0 | O9: =SUM(O11:O92) -> 0 | P9: =SUM(P11:P92) -> 0 | Q9: =SUM(Q11:Q92) -> 0 | R9: =SUM(R11:R92) -> 0 | S9: =SUM(S11:S92) -> 0 | T9: =SUM(T11:T92) -> 0 | U9: =SUM(U11:U92) -> 0 | V9: =SUM(V11:V92) -> 0 | ... AI9: =SUM(AI11:AI92) -> 0 | AJ9: =COUNTIF(O9:AI9,">0") -> 7 | AK9: =SUM(M9+AJ9) -> 7 | AL9: =SUM(AL11:AL92) -> 0 | AM9: =SUM(AM11:AM92) -> 41 | AN9: =SUM(AN11:AN92) -> 33 | AO9: =SUM(AO11:AO92) -> 36 | AP9: =SUM(AP11:AP92) -> 38 | AQ9: =SUM(AQ11:AQ92) -> 15 | AR9: =SUM(AR11:AR92) -> 39 | AS9: =SUM(AS11:AS92) -> 37 | ... BF9: =SUM(BF11:BF92) -> 29 | BG9: =COUNTIF(AM9:BF9,">0") -> 14 | BH9: =SUM(AK9+BG9) -> 21 | BI9: =SUM(BI11:BI92) -> 36 | BJ9: =SUM(BJ11:BJ92) -> 46 | BK9: =SUM(BK11:BK92) -> 0 | BL9: =SUM(BL11:BL92) -> 0 | BM9: =SUM(BM11:BM92) -> 0 | BN9: =SUM(BN11:BN92) -> 0 | BO9: =SUM(BO11:BO92) -> 44 | BP9: =SUM(BP11:BP92) -> 0 | ... CD9: =SUM(CD11:CD92) -> 58 | CE9: =COUNTIF(BI9:CD9,">0") -> 14 | CF9: =SUM(BH9+CE9) -> 35 | CG9: =SUM(CG11:CG85) -> 38 | CH9: =SUM(CH11:CH85) -> 11 | CI9: =SUM(CI11:CI85) -> 2 | CJ9: =SUM(CJ11:CJ85) -> 0 | CK9: =SUM(CK11:CK85) -> 0 | CL9: =SUM(CL11:CL85) -> 0 | CM9: =SUM(CM11:CM85) -> 0 | CN9: =SUM(CN11:CN85) -> 0 | ... CR9: =SUM(CR11:CR85) -> 0 | CS9: =SUM(CS10:CS92) -> 0 | CT9: =SUM(CT10:CT92) -> 0 | CU9: =SUM(CU11:CU92) -> 0 | CV9: =SUM(CV11:CV85) -> 0 | CW9: =COUNTIF(CG9:CV9,">0") -> 3 | CX9: =SUM(CF9+CW9) -> 38 | CY9: =SUM(CY11:CY85) -> 0 | CZ9: =SUM(CZ11:CZ85) -> 0 | DA9: =SUM(DA11:DA85) -> 0 | DB9: =SUM(DB11:DB85) -> 0 | DC9: =SUM(DC11:DC85) -> 0 | DD9: =SUM(DD11:DD85) -> 0 | DE9: =SUM(DE11:DE85) -> 0 | DF9: =SUM(DF11:DF85) -> 0 | ... DJ9: =SUM(DJ11:DJ85) -> 0 | DK9: =COUNTIF(CY9:DJ9,">0") -> 0 | DL9: =SUM(CX9+DK9) -> 38
A10: 1 | B10: 0827CI231006 | C10: ABHINAV KOURAV | D10: =SUM(M10+AJ10+BG10+CE10+CW10+DK10) -> 0 | E10: =(D10)/D$9*100 -> 0 | F10: =IF(E10<50,E10, " ") -> 0 | G10: =IF(E10<30,E10, " ") -> 0 | M10: =SUM(H10:L10) -> 0 | N10: =M10/M$9*100 -> #DIV/0! | AJ10: =SUM(O10:AI10) -> 0 | AK10: =AJ10/AJ$9*100 -> 0 | BG10: =SUM(AM10:BF10) -> 0 | BH10: =BG10/BG$9*100 -> 0 | CE10: =SUM(BI10:CD10) -> 0 | CF10: =CE10/CE$9*100 -> 0 | CW10: =SUM(CG10:CV10) -> 0 | CX10: =CW10/CW$9*100 -> 0 | DK10: =SUM(CY10:DJ10) -> 0 | DL10: =DK10/DK$9*100 -> #DIV/0!
A11: 2 | B11: 0827CI241001 | C11: AANCHAL GUTA | D11: =SUM(M11+AJ11+BG11+CE11+CW11+DK11) -> 27 | E11: =(D11)/D$9*100 -> 71.052632 | F11: =IF(E11<50,E11, " ") | G11: =IF(E11<30,E11, " ") | M11: =SUM(H11:L11) -> 0 | N11: =M11/M$9*100 -> #DIV/0! | W11: 1 | Z11: 1 | AA11: 1 | AB11: 1 | AF11: 1 | AG11: 1 | AJ11: =SUM(O11:AI11) -> 6 | AK11: =AJ11/AJ$9*100 -> 85.714286 | AM11: 1 | AR11: 1 | AX11: 1 | BA11: 1 | BB11: 1 | BD11: 1 | BF11: 1 | BG11: =SUM(AM11:BF11) -> 7 | BH11: =BG11/BG$9*100 -> 50 | BI11: 1 | BJ11: 1 | BO11: 1 | BR11: 1 | BS11: 1 | BT11: 1 | BU11: 1 | BW11: 1 | BX11: 1 | BY11: 1 | CB11: 1 | CC11: 1 | CD11: 1 | CE11: =SUM(BI11:CD11) -> 13 | CF11: =CE11/CE$9*100 -> 92.857143 | CH11: 1 | CW11: =SUM(CG11:CV11) -> 1 | CX11: =CW11/CW$9*100 -> 33.333333 | DK11: =SUM(CY11:DJ11) -> 0 | DL11: =DK11/DK$9*100 -> #DIV/0!
A12: 3 | B12: 0827CI241002 | C12: AARDRA TRIVEDI | D12: =SUM(M12+AJ12+BG12+CE12+CW12+DK12) -> 15 | E12: =(D12)/D$9*100 -> 39.473684 | F12: =IF(E12<50,E12, " ") -> 39.473684 | G12: =IF(E12<30,E12, " ") | M12: =SUM(H12:L12) -> 0 | N12: =M12/M$9*100 -> #DIV/0! | Z12: 1 | AA12: 1 | AB12: 1 | AF12: 1 | AJ12: =SUM(O12:AI12) -> 4 | AK12: =AJ12/AJ$9*100 -> 57.142857 | AM12: 1 | AN12: 1 | AO12: 1 | AP12: 1 | AS12: 1 | AX12: 1 | BA12: 1 | BG12: =SUM(AM12:BF12) -> 7 | BH12: =BG12/BG$9*100 -> 50 | BT12: 1 | BU12: 1 | BY12: 1 | CD12: 1 | CE12: =SUM(BI12:CD12) -> 4 | CF12: =CE12/CE$9*100 -> 28.571429 | CW12: =SUM(CG12:CV12) -> 0 | CX12: =CW12/CW$9*100 -> 0 | DK12: =SUM(CY12:DJ12) -> 0 | DL12: =DK12/DK$9*100 -> #DIV/0!
A13: 4 | B13: 0827CI241003 | C13: AARNA DUBEY | D13: =SUM(M13+AJ13+BG13+CE13+CW13+DK13) -> 18 | E13: =(D13)/D$9*100 -> 47.368421 | F13: =IF(E13<50,E13, " ") -> 47.368421 | G13: =IF(E13<30,E13, " ") | M13: =SUM(H13:L13) -> 0 | N13: =M13/M$9*100 -> #DIV/0! | Z13: 1 | AA13: 1 | AB13: 1 | AF13: 1 | AJ13: =SUM(O13:AI13) -> 4 | AK13: =AJ13/AJ$9*100 -> 57.142857 | AM13: 1 | AN13: 1 | AO13: 1 | AP13: 1 | AS13: 1 | AX13: 1 | BA13: 1 | BF13: 1 | BG13: =SUM(AM13:BF13) -> 8 | BH13: =BG13/BG$9*100 -> 57.142857 | BJ13: 1 | BO13: 1 | BT13: 1 | BU13: 1 | BY13: 1 | CD13: 1 | CE13: =SUM(BI13:CD13) -> 6 | CF13: =CE13/CE$9*100 -> 42.857143 | CW13: =SUM(CG13:CV13) -> 0 | CX13: =CW13/CW$9*100 -> 0 | DK13: =SUM(CY13:DJ13) -> 0 | DL13: =DK13/DK$9*100 -> #DIV/0!
A14: 5 | B14: 0827CI241004 | C14: AASHI BINDAL | D14: =SUM(M14+AJ14+BG14+CE14+CW14+DK14) -> 21 | E14: =(D14)/D$9*100 -> 55.263158 | F14: =IF(E14<50,E14, " ") | G14: =IF(E14<30,E14, " ") | M14: =SUM(H14:L14) -> 0 | N14: =M14/M$9*100 -> #DIV/0! | W14: 1 | AA14: 1 | AB14: 1 | AC14: 1 | AF14: 1 | AG14: 1 | AJ14: =SUM(O14:AI14) -> 6 | AK14: =AJ14/AJ$9*100 -> 85.714286 | AV14: 1 | AX14: 1 | BA14: 1 | BB14: 1 | BC14: 1 | BD14: 1 | BG14: =SUM(AM14:BF14) -> 6 | BH14: =BG14/BG$9*100 -> 42.857143 | BI14: 1 | BJ14: 1 | BO14: 1 | BS14: 1 | BT14: 1 | BX14: 1 | BY14: 1 | CD14: 1 | CE14: =SUM(BI14:CD14) -> 8 | CF14: =CE14/CE$9*100 -> 57.142857 | CG14: 1 | CW14: =SUM(CG14:CV14) -> 1 | CX14: =CW14/CW$9*100 -> 33.333333 | DK14: =SUM(CY14:DJ14) -> 0 | DL14: =DK14/DK$9*100 -> #DIV/0!
A15: 6 | B15: 0827CI241005 | C15: AASHI SAJJAN | D15: =SUM(M15+AJ15+BG15+CE15+CW15+DK15) -> 20 | E15: =(D15)/D$9*100 -> 52.631579 | F15: =IF(E15<50,E15, " ") | G15: =IF(E15<30,E15, " ") | M15: =SUM(H15:L15) -> 0 | N15: =M15/M$9*100 -> #DIV/0! | AA15: 1 | AB15: 1 | AC15: 1 | AF15: 1 | AG15: 1 | AJ15: =SUM(O15:AI15) -> 5 | AK15: =AJ15/AJ$9*100 -> 71.428571 | AV15: 1 | AX15: 1 | BA15: 1 | BC15: 1 | BD15: 1 | BG15: =SUM(AM15:BF15) -> 5 | BH15: =BG15/BG$9*100 -> 35.714286 | BI15: 1 | BJ15: 1 | BO15: 1 | BR15: 1 | BS15: 1 | BT15: 1 | BX15: 1 | CB15: 1 | CD15: 1 | CE15: =SUM(BI15:CD15) -> 9 | CF15: =CE15/CE$9*100 -> 64.285714 | CG15: 1 | CW15: =SUM(CG15:CV15) -> 1 | CX15: =CW15/CW$9*100 -> 33.333333 | DK15: =SUM(CY15:DJ15) -> 0 | DL15: =DK15/DK$9*100 -> #DIV/0!
A16: 7 | B16: 0827CI241006 | C16: AAYUSH DHAKAD | D16: =SUM(M16+AJ16+BG16+CE16+CW16+DK16) -> 7 | E16: =(D16)/D$9*100 -> 18.421053 | F16: =IF(E16<50,E16, " ") -> 18.421053 | G16: =IF(E16<30,E16, " ") -> 18.421053 | M16: =SUM(H16:L16) -> 0 | N16: =M16/M$9*100 -> #DIV/0! | AB16: 1 | AC16: 1 | AJ16: =SUM(O16:AI16) -> 2 | AK16: =AJ16/AJ$9*100 -> 28.571429 | AM16: 1 | AO16: 1 | AP16: 1 | BA16: 1 | BD16: 1 | BG16: =SUM(AM16:BF16) -> 5 | BH16: =BG16/BG$9*100 -> 35.714286 | CE16: =SUM(BI16:CD16) -> 0 | CF16: =CE16/CE$9*100 -> 0 | CW16: =SUM(CG16:CV16) -> 0 | CX16: =CW16/CW$9*100 -> 0 | DK16: =SUM(CY16:DJ16) -> 0 | DL16: =DK16/DK$9*100 -> #DIV/0!
A17: 8 | B17: 0827CI241007 | C17: ADARSH PATHADE | D17: =SUM(M17+AJ17+BG17+CE17+CW17+DK17) -> 11 | E17: =(D17)/D$9*100 -> 28.947368 | F17: =IF(E17<50,E17, " ") -> 28.947368 | G17: =IF(E17<30,E17, " ") -> 28.947368 | M17: =SUM(H17:L17) -> 0 | N17: =M17/M$9*100 -> #DIV/0! | AB17: 1 | AC17: 1 | AJ17: =SUM(O17:AI17) -> 2 | AK17: =AJ17/AJ$9*100 -> 28.571429 | BA17: 1 | BG17: =SUM(AM17:BF17) -> 1 | BH17: =BG17/BG$9*100 -> 7.1428571 | BJ17: 1 | BR17: 1 | BT17: 1 | BW17: 1 | BY17: 1 | CB17: 1 | CD17: 1 | CE17: =SUM(BI17:CD17) -> 7 | CF17: =CE17/CE$9*100 -> 50 | CG17: 1 | CW17: =SUM(CG17:CV17) -> 1 | CX17: =CW17/CW$9*100 -> 33.333333 | DK17: =SUM(CY17:DJ17) -> 0 | DL17: =DK17/DK$9*100 -> #DIV/0!
A18: 9 | B18: 0827CI241008 | C18: ADITI MISHRA | D18: =SUM(M18+AJ18+BG18+CE18+CW18+DK18) -> 14 | E18: =(D18)/D$9*100 -> 36.842105 | F18: =IF(E18<50,E18, " ") -> 36.842105 | G18: =IF(E18<30,E18, " ") | M18: =SUM(H18:L18) -> 0 | N18: =M18/M$9*100 -> #DIV/0! | AC18: 1 | AG18: 1 | AJ18: =SUM(O18:AI18) -> 2 | AK18: =AJ18/AJ$9*100 -> 28.571429 | AM18: 1 | AO18: 1 | AP18: 1 | AR18: 1 | BA18: 1 | BG18: =SUM(AM18:BF18) -> 5 | BH18: =BG18/BG$9*100 -> 35.714286 | BI18: 1 | BO18: 1 | BS18: 1 | BY18: 1 | CB18: 1 | CD18: 1 | CE18: =SUM(BI18:CD18) -> 6 | CF18: =CE18/CE$9*100 -> 42.857143 | CG18: 1 | CW18: =SUM(CG18:CV18) -> 1 | CX18: =CW18/CW$9*100 -> 33.333333 | DK18: =SUM(CY18:DJ18) -> 0 | DL18: =DK18/DK$9*100 -> #DIV/0!
A19: 10 | B19: 0827CI241009 | C19: ADITYA TRIPATHI | D19: =SUM(M19+AJ19+BG19+CE19+CW19+DK19) -> 22 | E19: =(D19)/D$9*100 -> 57.894737 | F19: =IF(E19<50,E19, " ") | G19: =IF(E19<30,E19, " ") | M19: =SUM(H19:L19) -> 0 | N19: =M19/M$9*100 -> #DIV/0! | AB19: 1 | AC19: 1 | AG19: 1 | AJ19: =SUM(O19:AI19) -> 3 | AK19: =AJ19/AJ$9*100 -> 42.857143 | AM19: 1 | AN19: 1 | AO19: 1 | AP19: 1 | AR19: 1 | AS19: 1 | AV19: 1 | AX19: 1 | BA19: 1 | BB19: 1 | BC19: 1 | BG19: =SUM(AM19:BF19) -> 11 | BH19: =BG19/BG$9*100 -> 78.571429 | BO19: 1 | BR19: 1 | BS19: 1 | BT19: 1 | BU19: 1 | BX19: 1 | BY19: 1 | CD19: 1 | CE19: =SUM(BI19:CD19) -> 8 | CF19: =CE19/CE$9*100 -> 57.142857 | CW19: =SUM(CG19:CV19) -> 0 | CX19: =CW19/CW$9*100 -> 0 | DK19: =SUM(CY19:DJ19) -> 0 | DL19: =DK19/DK$9*100 -> #DIV/0!
A20: 11 | B20: 0827CI241010 | C20: ADWITIYA VERMA | D20: =SUM(M20+AJ20+BG20+CE20+CW20+DK20) -> 28 | E20: =(D20)/D$9*100 -> 73.684211 | F20: =IF(E20<50,E20, " ") | G20: =IF(E20<30,E20, " ") | M20: =SUM(H20:L20) -> 0 | N20: =M20/M$9*100 -> #DIV/0! | W20: 1 | Z20: 1 | AA20: 1 | AB20: 1 | AC20: 1 | AF20: 1 | AG20: 1 | AJ20: =SUM(O20:AI20) -> 7 | AK20: =AJ20/AJ$9*100 -> 100 | AM20: 1 | AO20: 1 | AP20: 1 | AR20: 1 | AS20: 1 | AX20: 1 | BA20: 1 | BC20: 1 | BD20: 1 | BG20: =SUM(AM20:BF20) -> 9 | BH20: =BG20/BG$9*100 -> 64.285714 | BI20: 1 | BJ20: 1 | BO20: 1 | BR20: 1 | BS20: 1 | BT20: 1 | BU20: 1 | BX20: 1 | BY20: 1 | CC20: 1 | CD20: 1 | CE20: =SUM(BI20:CD20) -> 11 | CF20: =CE20/CE$9*100 -> 78.571429 | CG20: 1 | CW20: =SUM(CG20:CV20) -> 1 | CX20: =CW20/CW$9*100 -> 33.333333 | DK20: =SUM(CY20:DJ20) -> 0 | DL20: =DK20/DK$9*100 -> #DIV/0!
A21: 12 | B21: 0827CI241011 | C21: AKSHADA ANDHALE | D21: =SUM(M21+AJ21+BG21+CE21+CW21+DK21) -> 16 | E21: =(D21)/D$9*100 -> 42.105263 | F21: =IF(E21<50,E21, " ") -> 42.105263 | G21: =IF(E21<30,E21, " ") | M21: =SUM(H21:L21) -> 0 | N21: =M21/M$9*100 -> #DIV/0! | W21: 1 | Z21: 1 | AG21: 1 | AJ21: =SUM(O21:AI21) -> 3 | AK21: =AJ21/AJ$9*100 -> 42.857143 | AM21: 1 | AO21: 1 | AP21: 1 | AQ21: 1 | AX21: 1 | BA21: 1 | BG21: =SUM(AM21:BF21) -> 6 | BH21: =BG21/BG$9*100 -> 42.857143 | BJ21: 1 | BO21: 1 | BS21: 1 | BX21: 1 | BY21: 1 | CD21: 1 | CE21: =SUM(BI21:CD21) -> 6 | CF21: =CE21/CE$9*100 -> 42.857143 | CG21: 1 | CW21: =SUM(CG21:CV21) -> 1 | CX21: =CW21/CW$9*100 -> 33.333333 | DK21: =SUM(CY21:DJ21) -> 0 | DL21: =DK21/DK$9*100 -> #DIV/0!
A22: 13 | B22: 0827CI241012 | C22: AKSHARA MANDLIYA | D22: =SUM(M22+AJ22+BG22+CE22+CW22+DK22) -> 18 | E22: =(D22)/D$9*100 -> 47.368421 | F22: =IF(E22<50,E22, " ") -> 47.368421 | G22: =IF(E22<30,E22, " ") | M22: =SUM(H22:L22) -> 0 | N22: =M22/M$9*100 -> #DIV/0! | AC22: 1 | AG22: 1 | AJ22: =SUM(O22:AI22) -> 2 | AK22: =AJ22/AJ$9*100 -> 28.571429 | AM22: 1 | AO22: 1 | AP22: 1 | AR22: 1 | BA22: 1 | BG22: =SUM(AM22:BF22) -> 5 | BH22: =BG22/BG$9*100 -> 35.714286 | BI22: 1 | BJ22: 1 | BO22: 1 | BR22: 1 | BS22: 1 | BT22: 1 | BY22: 1 | CB22: 1 | CC22: 1 | CD22: 1 | CE22: =SUM(BI22:CD22) -> 10 | CF22: =CE22/CE$9*100 -> 71.428571 | CG22: 1 | CW22: =SUM(CG22:CV22) -> 1 | CX22: =CW22/CW$9*100 -> 33.333333 | DK22: =SUM(CY22:DJ22) -> 0 | DL22: =DK22/DK$9*100 -> #DIV/0!
A23: 14 | B23: 0827CI241013 | C23: ALOK KUMAWAT | D23: =SUM(M23+AJ23+BG23+CE23+CW23+DK23) -> 10 | E23: =(D23)/D$9*100 -> 26.315789 | F23: =IF(E23<50,E23, " ") -> 26.315789 | G23: =IF(E23<30,E23, " ") -> 26.315789 | M23: =SUM(H23:L23) -> 0 | N23: =M23/M$9*100 -> #DIV/0! | AG23: 1 | AJ23: =SUM(O23:AI23) -> 1 | AK23: =AJ23/AJ$9*100 -> 14.285714 | AM23: 1 | BA23: 1 | BC23: 1 | BD23: 1 | BG23: =SUM(AM23:BF23) -> 4 | BH23: =BG23/BG$9*100 -> 28.571429 | BJ23: 1 | BX23: 1 | BY23: 1 | CE23: =SUM(BI23:CD23) -> 3 | CF23: =CE23/CE$9*100 -> 21.428571 | CG23: 1 | CH23: 1 | CW23: =SUM(CG23:CV23) -> 2 | CX23: =CW23/CW$9*100 -> 66.666667 | DK23: =SUM(CY23:DJ23) -> 0 | DL23: =DK23/DK$9*100 -> #DIV/0!
A24: 15 | B24: 0827CI241014 | C24: ANANYA AGRAWAL | D24: =SUM(M24+AJ24+BG24+CE24+CW24+DK24) -> 12 | E24: =(D24)/D$9*100 -> 31.578947 | F24: =IF(E24<50,E24, " ") -> 31.578947 | G24: =IF(E24<30,E24, " ") | M24: =SUM(H24:L24) -> 0 | N24: =M24/M$9*100 -> #DIV/0! | AJ24: =SUM(O24:AI24) -> 0 | AK24: =AJ24/AJ$9*100 -> 0 | AM24: 1 | AO24: 1 | AP24: 1 | AX24: 1 | BA24: 1 | BG24: =SUM(AM24:BF24) -> 5 | BH24: =BG24/BG$9*100 -> 35.714286 | BJ24: 1 | BO24: 1 | BS24: 1 | BX24: 1 | BY24: 1 | CD24: 1 | CE24: =SUM(BI24:CD24) -> 6 | CF24: =CE24/CE$9*100 -> 42.857143 | CG24: 1 | CW24: =SUM(CG24:CV24) -> 1 | CX24: =CW24/CW$9*100 -> 33.333333 | DK24: =SUM(CY24:DJ24) -> 0 | DL24: =DK24/DK$9*100 -> #DIV/0!
A25: 16 | B25: 0827CI241015 | C25: ANANYA YADAV | D25: =SUM(M25+AJ25+BG25+CE25+CW25+DK25) -> 14 | E25: =(D25)/D$9*100 -> 36.842105 | F25: =IF(E25<50,E25, " ") -> 36.842105 | G25: =IF(E25<30,E25, " ") | M25: =SUM(H25:L25) -> 0 | N25: =M25/M$9*100 -> #DIV/0! | AC25: 1 | AG25: 1 | AJ25: =SUM(O25:AI25) -> 2 | AK25: =AJ25/AJ$9*100 -> 28.571429 | AM25: 1 | AR25: 1 | BA25: 1 | BG25: =SUM(AM25:BF25) -> 3 | BH25: =BG25/BG$9*100 -> 21.428571 | BI25: 1 | BJ25: 1 | BO25: 1 | BR25: 1 | BX25: 1 | BY25: 1 | CB25: 1 | CD25: 1 | CE25: =SUM(BI25:CD25) -> 8 | CF25: =CE25/CE$9*100 -> 57.142857 | CG25: 1 | CW25: =SUM(CG25:CV25) -> 1 | CX25: =CW25/CW$9*100 -> 33.333333 | DK25: =SUM(CY25:DJ25) -> 0 | DL25: =DK25/DK$9*100 -> #DIV/0!
A26: 17 | B26: 0827CI241016 | C26: ANJALI KHANDELWAL | D26: =SUM(M26+AJ26+BG26+CE26+CW26+DK26) -> 23 | E26: =(D26)/D$9*100 -> 60.526316 | F26: =IF(E26<50,E26, " ") | G26: =IF(E26<30,E26, " ") | M26: =SUM(H26:L26) -> 0 | N26: =M26/M$9*100 -> #DIV/0! | W26: 1 | Z26: 1 | AB26: 1 | AF26: 1 | AG26: 1 | AJ26: =SUM(O26:AI26) -> 5 | AK26: =AJ26/AJ$9*100 -> 71.428571 | AR26: 1 | AS26: 1 | AV26: 1 | AX26: 1 | BA26: 1 | BC26: 1 | BD26: 1 | BF26: 1 | BG26: =SUM(AM26:BF26) -> 8 | BH26: =BG26/BG$9*100 -> 57.142857 | BI26: 1 | BJ26: 1 | BS26: 1 | BT26: 1 | BU26: 1 | BX26: 1 | BY26: 1 | CB26: 1 | CC26: 1 | CD26: 1 | CE26: =SUM(BI26:CD26) -> 10 | CF26: =CE26/CE$9*100 -> 71.428571 | CW26: =SUM(CG26:CV26) -> 0 | CX26: =CW26/CW$9*100 -> 0 | DK26: =SUM(CY26:DJ26) -> 0 | DL26: =DK26/DK$9*100 -> #DIV/0!
A27: 18 | B27: 0827CI241017 | C27: ANMOL MANDLAWADIA | D27: =SUM(M27+AJ27+BG27+CE27+CW27+DK27) -> 16 | E27: =(D27)/D$9*100 -> 42.105263 | F27: =IF(E27<50,E27, " ") -> 42.105263 | G27: =IF(E27<30,E27, " ") | M27: =SUM(H27:L27) -> 0 | N27: =M27/M$9*100 -> #DIV/0! | AF27: 1 | AJ27: =SUM(O27:AI27) -> 1 | AK27: =AJ27/AJ$9*100 -> 14.285714 | AM27: 1 | AR27: 1 | BA27: 1 | BF27: 1 | BG27: =SUM(AM27:BF27) -> 4 | BH27: =BG27/BG$9*100 -> 28.571429 | BI27: 1 | BO27: 1 | BS27: 1 | BU27: 1 | BX27: 1 | BZ27: 1 | CC27: 1 | CD27: 1 | CE27: =SUM(BI27:CD27) -> 8 | CF27: =CE27/CE$9*100 -> 57.142857 | CG27: 1 | CH27: 1 | CI27: 1 | CW27: =SUM(CG27:CV27) -> 3 | CX27: =CW27/CW$9*100 -> 100 | DK27: =SUM(CY27:DJ27) -> 0 | DL27: =DK27/DK$9*100 -> #DIV/0!
A28: 19 | B28: 0827CI241018 | C28: ANMOL SINGH BASSAN | D28: =SUM(M28+AJ28+BG28+CE28+CW28+DK28) -> 17 | E28: =(D28)/D$9*100 -> 44.736842 | F28: =IF(E28<50,E28, " ") -> 44.736842 | G28: =IF(E28<30,E28, " ") | M28: =SUM(H28:L28) -> 0 | N28: =M28/M$9*100 -> #DIV/0! | AB28: 1 | AG28: 1 | AJ28: =SUM(O28:AI28) -> 2 | AK28: =AJ28/AJ$9*100 -> 28.571429 | AM28: 1 | AN28: 1 | AO28: 1 | AP28: 1 | AV28: 1 | BA28: 1 | BC28: 1 | BD28: 1 | BG28: =SUM(AM28:BF28) -> 8 | BH28: =BG28/BG$9*100 -> 57.142857 | BJ28: 1 | BO28: 1 | BS28: 1 | BW28: 1 | BX28: 1 | CE28: =SUM(BI28:CD28) -> 5 | CF28: =CE28/CE$9*100 -> 35.714286 | CG28: 1 | CH28: 1 | CW28: =SUM(CG28:CV28) -> 2 | CX28: =CW28/CW$9*100 -> 66.666667 | DK28: =SUM(CY28:DJ28) -> 0 | DL28: =DK28/DK$9*100 -> #DIV/0!
A29: 20 | B29: 0827CI241019 | C29: ANSHIKA KHARE | D29: =SUM(M29+AJ29+BG29+CE29+CW29+DK29) -> 16 | E29: =(D29)/D$9*100 -> 42.105263 | F29: =IF(E29<50,E29, " ") -> 42.105263 | G29: =IF(E29<30,E29, " ") | M29: =SUM(H29:L29) -> 0 | N29: =M29/M$9*100 -> #DIV/0! | AC29: 1 | AG29: 1 | AJ29: =SUM(O29:AI29) -> 2 | AK29: =AJ29/AJ$9*100 -> 28.571429 | AO29: 1 | AP29: 1 | AS29: 1 | BA29: 1 | BC29: 1 | BG29: =SUM(AM29:BF29) -> 5 | BH29: =BG29/BG$9*100 -> 35.714286 | BI29: 1 | BJ29: 1 | BO29: 1 | BR29: 1 | BT29: 1 | BX29: 1 | BY29: 1 | CD29: 1 | CE29: =SUM(BI29:CD29) -> 8 | CF29: =CE29/CE$9*100 -> 57.142857 | CG29: 1 | CW29: =SUM(CG29:CV29) -> 1 | CX29: =CW29/CW$9*100 -> 33.333333 | DK29: =SUM(CY29:DJ29) -> 0 | DL29: =DK29/DK$9*100 -> #DIV/0!
A30: 21 | B30: 0827CI241020 | C30: ANSHIKA SHRIVASTAV | D30: =SUM(M30+AJ30+BG30+CE30+CW30+DK30) -> 1 | E30: =(D30)/D$9*100 -> 2.6315789 | F30: =IF(E30<50,E30, " ") -> 2.6315789 | G30: =IF(E30<30,E30, " ") -> 2.6315789 | M30: =SUM(H30:L30) -> 0 | N30: =M30/M$9*100 -> #DIV/0! | AJ30: =SUM(O30:AI30) -> 0 | AK30: =AJ30/AJ$9*100 -> 0 | BG30: =SUM(AM30:BF30) -> 0 | BH30: =BG30/BG$9*100 -> 0 | BY30: 1 | CE30: =SUM(BI30:CD30) -> 1 | CF30: =CE30/CE$9*100 -> 7.1428571 | CW30: =SUM(CG30:CV30) -> 0 | CX30: =CW30/CW$9*100 -> 0 | DK30: =SUM(CY30:DJ30) -> 0 | DL30: =DK30/DK$9*100 -> #DIV/0!
A31: 22 | B31: 0827CI241021 | C31: ANUJ MALVIYA | D31: =SUM(M31+AJ31+BG31+CE31+CW31+DK31) -> 15 | E31: =(D31)/D$9*100 -> 39.473684 | F31: =IF(E31<50,E31, " ") -> 39.473684 | G31: =IF(E31<30,E31, " ") | M31: =SUM(H31:L31) -> 0 | N31: =M31/M$9*100 -> #DIV/0! | AJ31: =SUM(O31:AI31) -> 0 | AK31: =AJ31/AJ$9*100 -> 0 | AN31: 1 | AR31: 1 | AS31: 1 | AX31: 1 | BA31: 1 | BF31: 1 | BG31: =SUM(AM31:BF31) -> 6 | BH31: =BG31/BG$9*100 -> 42.857143 | BJ31: 1 | BO31: 1 | BT31: 1 | BW31: 1 | BX31: 1 | BZ31: 1 | CB31: 1 | CD31: 1 | CE31: =SUM(BI31:CD31) -> 8 | CF31: =CE31/CE$9*100 -> 57.142857 | CG31: 1 | CW31: =SUM(CG31:CV31) -> 1 | CX31: =CW31/CW$9*100 -> 33.333333 | DK31: =SUM(CY31:DJ31) -> 0 | DL31: =DK31/DK$9*100 -> #DIV/0!
A32: 23 | B32: 0827CI241022 | C32: ANURAG CHOUDHARY | D32: =SUM(M32+AJ32+BG32+CE32+CW32+DK32) -> 19 | E32: =(D32)/D$9*100 -> 50 | F32: =IF(E32<50,E32, " ") | G32: =IF(E32<30,E32, " ") | M32: =SUM(H32:L32) -> 0 | N32: =M32/M$9*100 -> #DIV/0! | W32: 1 | AB32: 1 | AC32: 1 | AF32: 1 | AG32: 1 | AJ32: =SUM(O32:AI32) -> 5 | AK32: =AJ32/AJ$9*100 -> 71.428571 | AM32: 1 | AP32: 1 | AR32: 1 | BA32: 1 | BD32: 1 | BG32: =SUM(AM32:BF32) -> 5 | BH32: =BG32/BG$9*100 -> 35.714286 | BI32: 1 | BS32: 1 | BW32: 1 | BX32: 1 | BZ32: 1 | CC32: 1 | CD32: 1 | CE32: =SUM(BI32:CD32) -> 7 | CF32: =CE32/CE$9*100 -> 50 | CG32: 1 | CH32: 1 | CW32: =SUM(CG32:CV32) -> 2 | CX32: =CW32/CW$9*100 -> 66.666667 | DK32: =SUM(CY32:DJ32) -> 0 | DL32: =DK32/DK$9*100 -> #DIV/0!
A33: 24 | B33: 0827CI241023 | C33: ANUSHKA SISODIYA | D33: =SUM(M33+AJ33+BG33+CE33+CW33+DK33) -> 16 | E33: =(D33)/D$9*100 -> 42.105263 | F33: =IF(E33<50,E33, " ") -> 42.105263 | G33: =IF(E33<30,E33, " ") | M33: =SUM(H33:L33) -> 0 | N33: =M33/M$9*100 -> #DIV/0! | Z33: 1 | AA33: 1 | AB33: 1 | AF33: 1 | AG33: 1 | AJ33: =SUM(O33:AI33) -> 5 | AK33: =AJ33/AJ$9*100 -> 71.428571 | AM33: 1 | AN33: 1 | AO33: 1 | AP33: 1 | AS33: 1 | AX33: 1 | BA33: 1 | BG33: =SUM(AM33:BF33) -> 7 | BH33: =BG33/BG$9*100 -> 50 | BO33: 1 | BT33: 1 | BY33: 1 | CD33: 1 | CE33: =SUM(BI33:CD33) -> 4 | CF33: =CE33/CE$9*100 -> 28.571429 | CW33: =SUM(CG33:CV33) -> 0 | CX33: =CW33/CW$9*100 -> 0 | DK33: =SUM(CY33:DJ33) -> 0 | DL33: =DK33/DK$9*100 -> #DIV/0!
A34: 25 | B34: 0827CI241024 | C34: ARNAV TIWARI | D34: =SUM(M34+AJ34+BG34+CE34+CW34+DK34) -> 23 | E34: =(D34)/D$9*100 -> 60.526316 | F34: =IF(E34<50,E34, " ") | G34: =IF(E34<30,E34, " ") | M34: =SUM(H34:L34) -> 0 | N34: =M34/M$9*100 -> #DIV/0! | W34: 1 | AA34: 1 | AB34: 1 | AC34: 1 | AF34: 1 | AG34: 1 | AJ34: =SUM(O34:AI34) -> 6 | AK34: =AJ34/AJ$9*100 -> 85.714286 | AM34: 1 | AN34: 1 | AO34: 1 | AP34: 1 | AR34: 1 | BA34: 1 | BB34: 1 | BC34: 1 | BF34: 1 | BG34: =SUM(AM34:BF34) -> 9 | BH34: =BG34/BG$9*100 -> 64.285714 | BI34: 1 | BJ34: 1 | BO34: 1 | BS34: 1 | BT34: 1 | BY34: 1 | BZ34: 1 | CD34: 1 | CE34: =SUM(BI34:CD34) -> 8 | CF34: =CE34/CE$9*100 -> 57.142857 | CW34: =SUM(CG34:CV34) -> 0 | CX34: =CW34/CW$9*100 -> 0 | DK34: =SUM(CY34:DJ34) -> 0 | DL34: =DK34/DK$9*100 -> #DIV/0!
A35: 26 | B35: 0827CI241025 | C35: ARVIND RUHELA | D35: =SUM(M35+AJ35+BG35+CE35+CW35+DK35) -> 17 | E35: =(D35)/D$9*100 -> 44.736842 | F35: =IF(E35<50,E35, " ") -> 44.736842 | G35: =IF(E35<30,E35, " ") | M35: =SUM(H35:L35) -> 0 | N35: =M35/M$9*100 -> #DIV/0! | W35: 1 | AB35: 1 | AC35: 1 | AF35: 1 | AJ35: =SUM(O35:AI35) -> 4 | AK35: =AJ35/AJ$9*100 -> 57.142857 | AR35: 1 | BA35: 1 | BD35: 1 | BG35: =SUM(AM35:BF35) -> 3 | BH35: =BG35/BG$9*100 -> 21.428571 | BI35: 1 | BU35: 1 | BW35: 1 | BX35: 1 | BZ35: 1 | CC35: 1 | CD35: 1 | CE35: =SUM(BI35:CD35) -> 7 | CF35: =CE35/CE$9*100 -> 50 | CG35: 1 | CH35: 1 | CI35: 1 | CW35: =SUM(CG35:CV35) -> 3 | CX35: =CW35/CW$9*100 -> 100 | DK35: =SUM(CY35:DJ35) -> 0 | DL35: =DK35/DK$9*100 -> #DIV/0!
A36: 27 | B36: 0827CI241026 | C36: ASHU GARG | D36: =SUM(M36+AJ36+BG36+CE36+CW36+DK36) -> 25 | E36: =(D36)/D$9*100 -> 65.789474 | F36: =IF(E36<50,E36, " ") | G36: =IF(E36<30,E36, " ") | M36: =SUM(H36:L36) -> 0 | N36: =M36/M$9*100 -> #DIV/0! | AA36: 1 | AB36: 1 | AC36: 1 | AG36: 1 | AJ36: =SUM(O36:AI36) -> 4 | AK36: =AJ36/AJ$9*100 -> 57.142857 | AM36: 1 | AN36: 1 | AO36: 1 | AP36: 1 | AR36: 1 | AS36: 1 | AV36: 1 | AX36: 1 | BA36: 1 | BB36: 1 | BC36: 1 | BD36: 1 | BG36: =SUM(AM36:BF36) -> 12 | BH36: =BG36/BG$9*100 -> 85.714286 | BI36: 1 | BO36: 1 | BR36: 1 | BS36: 1 | BT36: 1 | BU36: 1 | BX36: 1 | BY36: 1 | CD36: 1 | CE36: =SUM(BI36:CD36) -> 9 | CF36: =CE36/CE$9*100 -> 64.285714 | CW36: =SUM(CG36:CV36) -> 0 | CX36: =CW36/CW$9*100 -> 0 | DK36: =SUM(CY36:DJ36) -> 0 | DL36: =DK36/DK$9*100 -> #DIV/0!
A37: 28 | B37: 0827CI241027 | C37: ASHWIN PATEL | D37: =SUM(M37+AJ37+BG37+CE37+CW37+DK37) -> 9 | E37: =(D37)/D$9*100 -> 23.684211 | F37: =IF(E37<50,E37, " ") -> 23.684211 | G37: =IF(E37<30,E37, " ") -> 23.684211 | M37: =SUM(H37:L37) -> 0 | N37: =M37/M$9*100 -> #DIV/0! | AJ37: =SUM(O37:AI37) -> 0 | AK37: =AJ37/AJ$9*100 -> 0 | AN37: 1 | AO37: 1 | AP37: 1 | AV37: 1 | BA37: 1 | BC37: 1 | BD37: 1 | BG37: =SUM(AM37:BF37) -> 7 | BH37: =BG37/BG$9*100 -> 50 | BO37: 1 | BW37: 1 | CE37: =SUM(BI37:CD37) -> 2 | CF37: =CE37/CE$9*100 -> 14.285714 | CW37: =SUM(CG37:CV37) -> 0 | CX37: =CW37/CW$9*100 -> 0 | DK37: =SUM(CY37:DJ37) -> 0 | DL37: =DK37/DK$9*100 -> #DIV/0!
A38: 29 | B38: 0827CI241028 | C38: AYUSH CHOUHAN | D38: =SUM(M38+AJ38+BG38+CE38+CW38+DK38) -> 18 | E38: =(D38)/D$9*100 -> 47.368421 | F38: =IF(E38<50,E38, " ") -> 47.368421 | G38: =IF(E38<30,E38, " ") | M38: =SUM(H38:L38) -> 0 | N38: =M38/M$9*100 -> #DIV/0! | AB38: 1 | AC38: 1 | AF38: 1 | AG38: 1 | AJ38: =SUM(O38:AI38) -> 4 | AK38: =AJ38/AJ$9*100 -> 57.142857 | AM38: 1 | AN38: 1 | AO38: 1 | AP38: 1 | AR38: 1 | BG38: =SUM(AM38:BF38) -> 5 | BH38: =BG38/BG$9*100 -> 35.714286 | BS38: 1 | BT38: 1 | BU38: 1 | BW38: 1 | BY38: 1 | BZ38: 1 | CC38: 1 | CD38: 1 | CE38: =SUM(BI38:CD38) -> 8 | CF38: =CE38/CE$9*100 -> 57.142857 | CG38: 1 | CW38: =SUM(CG38:CV38) -> 1 | CX38: =CW38/CW$9*100 -> 33.333333 | DK38: =SUM(CY38:DJ38) -> 0 | DL38: =DK38/DK$9*100 -> #DIV/0!
A39: 30 | B39: 0827CI241029 | C39: AYUSHI DOSHI | D39: =SUM(M39+AJ39+BG39+CE39+CW39+DK39) -> 23 | E39: =(D39)/D$9*100 -> 60.526316 | F39: =IF(E39<50,E39, " ") | G39: =IF(E39<30,E39, " ") | M39: =SUM(H39:L39) -> 0 | N39: =M39/M$9*100 -> #DIV/0! | AF39: 1 | AG39: 1 | AJ39: =SUM(O39:AI39) -> 2 | AK39: =AJ39/AJ$9*100 -> 28.571429 | AM39: 1 | AN39: 1 | AO39: 1 | AP39: 1 | AR39: 1 | AS39: 1 | BA39: 1 | BB39: 1 | BD39: 1 | BG39: =SUM(AM39:BF39) -> 9 | BH39: =BG39/BG$9*100 -> 64.285714 | BI39: 1 | BJ39: 1 | BO39: 1 | BS39: 1 | BT39: 1 | BU39: 1 | BY39: 1 | BZ39: 1 | CB39: 1 | CC39: 1 | CD39: 1 | CE39: =SUM(BI39:CD39) -> 11 | CF39: =CE39/CE$9*100 -> 78.571429 | CG39: 1 | CW39: =SUM(CG39:CV39) -> 1 | CX39: =CW39/CW$9*100 -> 33.333333 | DK39: =SUM(CY39:DJ39) -> 0 | DL39: =DK39/DK$9*100 -> #DIV/0!
A40: 31 | B40: 0827CI241030 | C40: BHAGYESH JAIN | D40: =SUM(M40+AJ40+BG40+CE40+CW40+DK40) -> 20 | E40: =(D40)/D$9*100 -> 52.631579 | F40: =IF(E40<50,E40, " ") | G40: =IF(E40<30,E40, " ") | M40: =SUM(H40:L40) -> 0 | N40: =M40/M$9*100 -> #DIV/0! | W40: 1 | Z40: 1 | AA40: 1 | AB40: 1 | AF40: 1 | AG40: 1 | AJ40: =SUM(O40:AI40) -> 6 | AK40: =AJ40/AJ$9*100 -> 85.714286 | AM40: 1 | AR40: 1 | AS40: 1 | BA40: 1 | BF40: 1 | BG40: =SUM(AM40:BF40) -> 5 | BH40: =BG40/BG$9*100 -> 35.714286 | BI40: 1 | BO40: 1 | BR40: 1 | BS40: 1 | BW40: 1 | CB40: 1 | CD40: 1 | CE40: =SUM(BI40:CD40) -> 7 | CF40: =CE40/CE$9*100 -> 50 | CG40: 1 | CH40: 1 | CW40: =SUM(CG40:CV40) -> 2 | CX40: =CW40/CW$9*100 -> 66.666667 | DK40: =SUM(CY40:DJ40) -> 0 | DL40: =DK40/DK$9*100 -> #DIV/0!
A41: 32 | B41: 0827CI241031 | C41: CHAVAN SHAIFALI KARTIK | D41: =SUM(M41+AJ41+BG41+CE41+CW41+DK41) -> 25 | E41: =(D41)/D$9*100 -> 65.789474 | F41: =IF(E41<50,E41, " ") | G41: =IF(E41<30,E41, " ") | M41: =SUM(H41:L41) -> 0 | N41: =M41/M$9*100 -> #DIV/0! | W41: 1 | AA41: 1 | AC41: 1 | AF41: 1 | AG41: 1 | AJ41: =SUM(O41:AI41) -> 5 | AK41: =AJ41/AJ$9*100 -> 71.428571 | AM41: 1 | AN41: 1 | AO41: 1 | AP41: 1 | AQ41: 1 | AR41: 1 | BA41: 1 | BC41: 1 | BF41: 1 | BG41: =SUM(AM41:BF41) -> 9 | BH41: =BG41/BG$9*100 -> 64.285714 | BI41: 1 | BJ41: 1 | BO41: 1 | BS41: 1 | BT41: 1 | BW41: 1 | BX41: 1 | BY41: 1 | BZ41: 1 | CC41: 1 | CD41: 1 | CE41: =SUM(BI41:CD41) -> 11 | CF41: =CE41/CE$9*100 -> 78.571429 | CW41: =SUM(CG41:CV41) -> 0 | CX41: =CW41/CW$9*100 -> 0 | DK41: =SUM(CY41:DJ41) -> 0 | DL41: =DK41/DK$9*100 -> #DIV/0!
A42: 33 | B42: 0827CI241032 | C42: DAKSH OJHA | D42: =SUM(M42+AJ42+BG42+CE42+CW42+DK42) -> 12 | E42: =(D42)/D$9*100 -> 31.578947 | F42: =IF(E42<50,E42, " ") -> 31.578947 | G42: =IF(E42<30,E42, " ") | M42: =SUM(H42:L42) -> 0 | N42: =M42/M$9*100 -> #DIV/0! | AB42: 1 | AJ42: =SUM(O42:AI42) -> 1 | AK42: =AJ42/AJ$9*100 -> 14.285714 | AN42: 1 | AQ42: 1 | AR42: 1 | AS42: 1 | BA42: 1 | BG42: =SUM(AM42:BF42) -> 5 | BH42: =BG42/BG$9*100 -> 35.714286 | BS42: 1 | BT42: 1 | BW42: 1 | BX42: 1 | BY42: 1 | CD42: 1 | CE42: =SUM(BI42:CD42) -> 6 | CF42: =CE42/CE$9*100 -> 42.857143 | CW42: =SUM(CG42:CV42) -> 0 | CX42: =CW42/CW$9*100 -> 0 | DK42: =SUM(CY42:DJ42) -> 0 | DL42: =DK42/DK$9*100 -> #DIV/0!
A43: 34 | B43: 0827CI241033 | C43: DEVKRISHNA PUROHIT | D43: =SUM(M43+AJ43+BG43+CE43+CW43+DK43) -> 1 | E43: =(D43)/D$9*100 -> 2.6315789 | F43: =IF(E43<50,E43, " ") -> 2.6315789 | G43: =IF(E43<30,E43, " ") -> 2.6315789 | M43: =SUM(H43:L43) -> 0 | N43: =M43/M$9*100 -> #DIV/0! | AJ43: =SUM(O43:AI43) -> 0 | AK43: =AJ43/AJ$9*100 -> 0 | AN43: 1 | BG43: =SUM(AM43:BF43) -> 1 | BH43: =BG43/BG$9*100 -> 7.1428571 | CE43: =SUM(BI43:CD43) -> 0 | CF43: =CE43/CE$9*100 -> 0 | CW43: =SUM(CG43:CV43) -> 0 | CX43: =CW43/CW$9*100 -> 0 | DK43: =SUM(CY43:DJ43) -> 0 | DL43: =DK43/DK$9*100 -> #DIV/0!
A44: 35 | B44: 0827CI241034 | C44: DEWANSHI GAIKWAD | D44: =SUM(M44+AJ44+BG44+CE44+CW44+DK44) -> 14 | E44: =(D44)/D$9*100 -> 36.842105 | F44: =IF(E44<50,E44, " ") -> 36.842105 | G44: =IF(E44<30,E44, " ") | M44: =SUM(H44:L44) -> 0 | N44: =M44/M$9*100 -> #DIV/0! | AB44: 1 | AC44: 1 | AG44: 1 | AJ44: =SUM(O44:AI44) -> 3 | AK44: =AJ44/AJ$9*100 -> 42.857143 | AO44: 1 | AP44: 1 | AR44: 1 | AS44: 1 | AV44: 1 | BA44: 1 | BB44: 1 | BC44: 1 | BD44: 1 | BG44: =SUM(AM44:BF44) -> 9 | BH44: =BG44/BG$9*100 -> 64.285714 | BI44: 1 | BT44: 1 | CE44: =SUM(BI44:CD44) -> 2 | CF44: =CE44/CE$9*100 -> 14.285714 | CW44: =SUM(CG44:CV44) -> 0 | CX44: =CW44/CW$9*100 -> 0 | DK44: =SUM(CY44:DJ44) -> 0 | DL44: =DK44/DK$9*100 -> #DIV/0!
A45: 36 | B45: 0827CI241035 | C45: DHRUV KUSHWAH | D45: =SUM(M45+AJ45+BG45+CE45+CW45+DK45) -> 21 | E45: =(D45)/D$9*100 -> 55.263158 | F45: =IF(E45<50,E45, " ") | G45: =IF(E45<30,E45, " ") | M45: =SUM(H45:L45) -> 0 | N45: =M45/M$9*100 -> #DIV/0! | W45: 1 | AA45: 1 | AB45: 1 | AC45: 1 | AF45: 1 | AG45: 1 | AJ45: =SUM(O45:AI45) -> 6 | AK45: =AJ45/AJ$9*100 -> 85.714286 | AO45: 1 | AP45: 1 | AR45: 1 | BA45: 1 | BB45: 1 | BC45: 1 | BF45: 1 | BG45: =SUM(AM45:BF45) -> 7 | BH45: =BG45/BG$9*100 -> 50 | BJ45: 1 | BO45: 1 | BS45: 1 | BT45: 1 | BU45: 1 | BY45: 1 | BZ45: 1 | CD45: 1 | CE45: =SUM(BI45:CD45) -> 8 | CF45: =CE45/CE$9*100 -> 57.142857 | CW45: =SUM(CG45:CV45) -> 0 | CX45: =CW45/CW$9*100 -> 0 | DK45: =SUM(CY45:DJ45) -> 0 | DL45: =DK45/DK$9*100 -> #DIV/0!
A46: 37 | B46: 0827CI241036 | C46: DISHA BHAWSAR | D46: =SUM(M46+AJ46+BG46+CE46+CW46+DK46) -> 18 | E46: =(D46)/D$9*100 -> 47.368421 | F46: =IF(E46<50,E46, " ") -> 47.368421 | G46: =IF(E46<30,E46, " ") | M46: =SUM(H46:L46) -> 0 | N46: =M46/M$9*100 -> #DIV/0! | AA46: 1 | AB46: 1 | AF46: 1 | AG46: 1 | AJ46: =SUM(O46:AI46) -> 4 | AK46: =AJ46/AJ$9*100 -> 57.142857 | AM46: 1 | AN46: 1 | AR46: 1 | AS46: 1 | AX46: 1 | BA46: 1 | BF46: 1 | BG46: =SUM(AM46:BF46) -> 7 | BH46: =BG46/BG$9*100 -> 50 | BI46: 1 | BJ46: 1 | BO46: 1 | BS46: 1 | BT46: 1 | BZ46: 1 | CD46: 1 | CE46: =SUM(BI46:CD46) -> 7 | CF46: =CE46/CE$9*100 -> 50 | CW46: =SUM(CG46:CV46) -> 0 | CX46: =CW46/CW$9*100 -> 0 | DK46: =SUM(CY46:DJ46) -> 0 | DL46: =DK46/DK$9*100 -> #DIV/0!
A47: 38 | B47: 0827CI241037 | C47: DIVY SHAH | D47: =SUM(M47+AJ47+BG47+CE47+CW47+DK47) -> 17 | E47: =(D47)/D$9*100 -> 44.736842 | F47: =IF(E47<50,E47, " ") -> 44.736842 | G47: =IF(E47<30,E47, " ") | M47: =SUM(H47:L47) -> 0 | N47: =M47/M$9*100 -> #DIV/0! | W47: 1 | AB47: 1 | AC47: 1 | AJ47: =SUM(O47:AI47) -> 3 | AK47: =AJ47/AJ$9*100 -> 42.857143 | AM47: 1 | AO47: 1 | AP47: 1 | AR47: 1 | BA47: 1 | BD47: 1 | BG47: =SUM(AM47:BF47) -> 6 | BH47: =BG47/BG$9*100 -> 42.857143 | BI47: 1 | BW47: 1 | BY47: 1 | BZ47: 1 | CC47: 1 | CD47: 1 | CE47: =SUM(BI47:CD47) -> 6 | CF47: =CE47/CE$9*100 -> 42.857143 | CG47: 1 | CH47: 1 | CW47: =SUM(CG47:CV47) -> 2 | CX47: =CW47/CW$9*100 -> 66.666667 | DK47: =SUM(CY47:DJ47) -> 0 | DL47: =DK47/DK$9*100 -> #DIV/0!
A48: 39 | B48: 0827CI241038 | C48: FARHIN KHAN | D48: =SUM(M48+AJ48+BG48+CE48+CW48+DK48) -> 26 | E48: =(D48)/D$9*100 -> 68.421053 | F48: =IF(E48<50,E48, " ") | G48: =IF(E48<30,E48, " ") | M48: =SUM(H48:L48) -> 0 | N48: =M48/M$9*100 -> #DIV/0! | W48: 1 | Z48: 1 | AC48: 1 | AF48: 1 | AG48: 1 | AJ48: =SUM(O48:AI48) -> 5 | AK48: =AJ48/AJ$9*100 -> 71.428571 | AM48: 1 | AN48: 1 | AO48: 1 | AP48: 1 | AQ48: 1 | AS48: 1 | BA48: 1 | BC48: 1 | BD48: 1 | BF48: 1 | BG48: =SUM(AM48:BF48) -> 10 | BH48: =BG48/BG$9*100 -> 71.428571 | BJ48: 1 | BR48: 1 | BS48: 1 | BT48: 1 | BU48: 1 | BY48: 1 | BZ48: 1 | CB48: 1 | CC48: 1 | CD48: 1 | CE48: =SUM(BI48:CD48) -> 10 | CF48: =CE48/CE$9*100 -> 71.428571 | CG48: 1 | CW48: =SUM(CG48:CV48) -> 1 | CX48: =CW48/CW$9*100 -> 33.333333 | DK48: =SUM(CY48:DJ48) -> 0 | DL48: =DK48/DK$9*100 -> #DIV/0!
A49: 40 | B49: 0827CI241039 | C49: GANESH KUSHWAH | D49: =SUM(M49+AJ49+BG49+CE49+CW49+DK49) -> 0 | E49: =(D49)/D$9*100 -> 0 | F49: =IF(E49<50,E49, " ") -> 0 | G49: =IF(E49<30,E49, " ") -> 0 | M49: =SUM(H49:L49) -> 0 | N49: =M49/M$9*100 -> #DIV/0! | AJ49: =SUM(O49:AI49) -> 0 | AK49: =AJ49/AJ$9*100 -> 0 | BG49: =SUM(AM49:BF49) -> 0 | BH49: =BG49/BG$9*100 -> 0 | CE49: =SUM(BI49:CD49) -> 0 | CF49: =CE49/CE$9*100 -> 0 | CW49: =SUM(CG49:CV49) -> 0 | CX49: =CW49/CW$9*100 -> 0 | DK49: =SUM(CY49:DJ49) -> 0 | DL49: =DK49/DK$9*100 -> #DIV/0!
A50: 41 | B50: 0827CI241040 | C50: GARVIT KALA | D50: =SUM(M50+AJ50+BG50+CE50+CW50+DK50) -> 20 | E50: =(D50)/D$9*100 -> 52.631579 | F50: =IF(E50<50,E50, " ") | G50: =IF(E50<30,E50, " ") | M50: =SUM(H50:L50) -> 0 | N50: =M50/M$9*100 -> #DIV/0! | AA50: 1 | AF50: 1 | AG50: 1 | AJ50: =SUM(O50:AI50) -> 3 | AK50: =AJ50/AJ$9*100 -> 42.857143 | AM50: 1 | AO50: 1 | AP50: 1 | AR50: 1 | BA50: 1 | BC50: 1 | BF50: 1 | BG50: =SUM(AM50:BF50) -> 7 | BH50: =BG50/BG$9*100 -> 50 | BI50: 1 | BJ50: 1 | BS50: 1 | BT50: 1 | BU50: 1 | BW50: 1 | BX50: 1 | BY50: 1 | BZ50: 1 | CD50: 1 | CE50: =SUM(BI50:CD50) -> 10 | CF50: =CE50/CE$9*100 -> 71.428571 | CW50: =SUM(CG50:CV50) -> 0 | CX50: =CW50/CW$9*100 -> 0 | DK50: =SUM(CY50:DJ50) -> 0 | DL50: =DK50/DK$9*100 -> #DIV/0!
A51: 42 | B51: 0827CI241041 | C51: GOURANSH UJJAINIYA | D51: =SUM(M51+AJ51+BG51+CE51+CW51+DK51) -> 17 | E51: =(D51)/D$9*100 -> 44.736842 | F51: =IF(E51<50,E51, " ") -> 44.736842 | G51: =IF(E51<30,E51, " ") | M51: =SUM(H51:L51) -> 0 | N51: =M51/M$9*100 -> #DIV/0! | Z51: 1 | AA51: 1 | AC51: 1 | AJ51: =SUM(O51:AI51) -> 3 | AK51: =AJ51/AJ$9*100 -> 42.857143 | AN51: 1 | AP51: 1 | AR51: 1 | BB51: 1 | BC51: 1 | BD51: 1 | BF51: 1 | BG51: =SUM(AM51:BF51) -> 7 | BH51: =BG51/BG$9*100 -> 50 | BR51: 1 | BT51: 1 | BU51: 1 | BZ51: 1 | CC51: 1 | CD51: 1 | CE51: =SUM(BI51:CD51) -> 6 | CF51: =CE51/CE$9*100 -> 42.857143 | CG51: 1 | CW51: =SUM(CG51:CV51) -> 1 | CX51: =CW51/CW$9*100 -> 33.333333 | DK51: =SUM(CY51:DJ51) -> 0 | DL51: =DK51/DK$9*100 -> #DIV/0!
A52: 43 | B52: 0827CI241042 | C52: GOURAV PARMAR | D52: =SUM(M52+AJ52+BG52+CE52+CW52+DK52) -> 13 | E52: =(D52)/D$9*100 -> 34.210526 | F52: =IF(E52<50,E52, " ") -> 34.210526 | G52: =IF(E52<30,E52, " ") | M52: =SUM(H52:L52) -> 0 | N52: =M52/M$9*100 -> #DIV/0! | AF52: 1 | AG52: 1 | AJ52: =SUM(O52:AI52) -> 2 | AK52: =AJ52/AJ$9*100 -> 28.571429 | AN52: 1 | AO52: 1 | AP52: 1 | AR52: 1 | BA52: 1 | BG52: =SUM(AM52:BF52) -> 5 | BH52: =BG52/BG$9*100 -> 35.714286 | BS52: 1 | BT52: 1 | BU52: 1 | BW52: 1 | BY52: 1 | BZ52: 1 | CE52: =SUM(BI52:CD52) -> 6 | CF52: =CE52/CE$9*100 -> 42.857143 | CW52: =SUM(CG52:CV52) -> 0 | CX52: =CW52/CW$9*100 -> 0 | DK52: =SUM(CY52:DJ52) -> 0 | DL52: =DK52/DK$9*100 -> #DIV/0!
A53: 44 | B53: 0827CI241043 | C53: GUNJAN KOSE | D53: =SUM(M53+AJ53+BG53+CE53+CW53+DK53) -> 20 | E53: =(D53)/D$9*100 -> 52.631579 | F53: =IF(E53<50,E53, " ") | G53: =IF(E53<30,E53, " ") | M53: =SUM(H53:L53) -> 0 | N53: =M53/M$9*100 -> #DIV/0! | W53: 1 | Z53: 1 | AF53: 1 | AG53: 1 | AJ53: =SUM(O53:AI53) -> 4 | AK53: =AJ53/AJ$9*100 -> 57.142857 | AN53: 1 | AQ53: 1 | AR53: 1 | AS53: 1 | AX53: 1 | BA53: 1 | BC53: 1 | BD53: 1 | BG53: =SUM(AM53:BF53) -> 8 | BH53: =BG53/BG$9*100 -> 57.142857 | BI53: 1 | BO53: 1 | BS53: 1 | BT53: 1 | BY53: 1 | BZ53: 1 | CC53: 1 | CD53: 1 | CE53: =SUM(BI53:CD53) -> 8 | CF53: =CE53/CE$9*100 -> 57.142857 | CW53: =SUM(CG53:CV53) -> 0 | CX53: =CW53/CW$9*100 -> 0 | DK53: =SUM(CY53:DJ53) -> 0 | DL53: =DK53/DK$9*100 -> #DIV/0!
A54: 45 | B54: 0827CI241044 | C54: HARIPRIYA GUPTA | D54: =SUM(M54+AJ54+BG54+CE54+CW54+DK54) -> 19 | E54: =(D54)/D$9*100 -> 50 | F54: =IF(E54<50,E54, " ") | G54: =IF(E54<30,E54, " ") | M54: =SUM(H54:L54) -> 0 | N54: =M54/M$9*100 -> #DIV/0! | W54: 1 | Z54: 1 | AF54: 1 | AG54: 1 | AJ54: =SUM(O54:AI54) -> 4 | AK54: =AJ54/AJ$9*100 -> 57.142857 | AR54: 1 | AS54: 1 | AV54: 1 | AX54: 1 | BA54: 1 | BD54: 1 | BF54: 1 | BG54: =SUM(AM54:BF54) -> 7 | BH54: =BG54/BG$9*100 -> 50 | BO54: 1 | BS54: 1 | BT54: 1 | BU54: 1 | BZ54: 1 | CB54: 1 | CC54: 1 | CD54: 1 | CE54: =SUM(BI54:CD54) -> 8 | CF54: =CE54/CE$9*100 -> 57.142857 | CW54: =SUM(CG54:CV54) -> 0 | CX54: =CW54/CW$9*100 -> 0 | DK54: =SUM(CY54:DJ54) -> 0 | DL54: =DK54/DK$9*100 -> #DIV/0!
A55: 46 | B55: 0827CI241045 | C55: HARSH VARDHAN SINGH | D55: =SUM(M55+AJ55+BG55+CE55+CW55+DK55) -> 21 | E55: =(D55)/D$9*100 -> 55.263158 | F55: =IF(E55<50,E55, " ") | G55: =IF(E55<30,E55, " ") | M55: =SUM(H55:L55) -> 0 | N55: =M55/M$9*100 -> #DIV/0! | AA55: 1 | AB55: 1 | AC55: 1 | AG55: 1 | AJ55: =SUM(O55:AI55) -> 4 | AK55: =AJ55/AJ$9*100 -> 57.142857 | AN55: 1 | AO55: 1 | AP55: 1 | AX55: 1 | BA55: 1 | BB55: 1 | BC55: 1 | BD55: 1 | BG55: =SUM(AM55:BF55) -> 8 | BH55: =BG55/BG$9*100 -> 57.142857 | BI55: 1 | BO55: 1 | BR55: 1 | BS55: 1 | BT55: 1 | BX55: 1 | BY55: 1 | BZ55: 1 | CC55: 1 | CE55: =SUM(BI55:CD55) -> 9 | CF55: =CE55/CE$9*100 -> 64.285714 | CW55: =SUM(CG55:CV55) -> 0 | CX55: =CW55/CW$9*100 -> 0 | DK55: =SUM(CY55:DJ55) -> 0 | DL55: =DK55/DK$9*100 -> #DIV/0!
A56: 47 | B56: 0827CI241046 | C56: HARSHIT SINGHI | D56: =SUM(M56+AJ56+BG56+CE56+CW56+DK56) -> 20 | E56: =(D56)/D$9*100 -> 52.631579 | F56: =IF(E56<50,E56, " ") | G56: =IF(E56<30,E56, " ") | M56: =SUM(H56:L56) -> 0 | N56: =M56/M$9*100 -> #DIV/0! | W56: 1 | Z56: 1 | AA56: 1 | AB56: 1 | AF56: 1 | AG56: 1 | AJ56: =SUM(O56:AI56) -> 6 | AK56: =AJ56/AJ$9*100 -> 85.714286 | AM56: 1 | AO56: 1 | AP56: 1 | AR56: 1 | AS56: 1 | BA56: 1 | BF56: 1 | BG56: =SUM(AM56:BF56) -> 7 | BH56: =BG56/BG$9*100 -> 50 | BO56: 1 | BW56: 1 | BZ56: 1 | CB56: 1 | CD56: 1 | CE56: =SUM(BI56:CD56) -> 5 | CF56: =CE56/CE$9*100 -> 35.714286 | CG56: 1 | CH56: 1 | CW56: =SUM(CG56:CV56) -> 2 | CX56: =CW56/CW$9*100 -> 66.666667 | DK56: =SUM(CY56:DJ56) -> 0 | DL56: =DK56/DK$9*100 -> #DIV/0!
A57: 48 | B57: 0827CI241047 | C57: JAGRATI RAJPOOT | D57: =SUM(M57+AJ57+BG57+CE57+CW57+DK57) -> 16 | E57: =(D57)/D$9*100 -> 42.105263 | F57: =IF(E57<50,E57, " ") -> 42.105263 | G57: =IF(E57<30,E57, " ") | M57: =SUM(H57:L57) -> 0 | N57: =M57/M$9*100 -> #DIV/0! | W57: 1 | Z57: 1 | AB57: 1 | AF57: 1 | AG57: 1 | AJ57: =SUM(O57:AI57) -> 5 | AK57: =AJ57/AJ$9*100 -> 71.428571 | AX57: 1 | BA57: 1 | BC57: 1 | BF57: 1 | BG57: =SUM(AM57:BF57) -> 4 | BH57: =BG57/BG$9*100 -> 28.571429 | BI57: 1 | BJ57: 1 | BO57: 1 | BS57: 1 | BT57: 1 | BX57: 1 | BY57: 1 | CE57: =SUM(BI57:CD57) -> 7 | CF57: =CE57/CE$9*100 -> 50 | CW57: =SUM(CG57:CV57) -> 0 | CX57: =CW57/CW$9*100 -> 0 | DK57: =SUM(CY57:DJ57) -> 0 | DL57: =DK57/DK$9*100 -> #DIV/0!
A58: 49 | B58: 0827CI241048 | C58: JANHVI VYAS | D58: =SUM(M58+AJ58+BG58+CE58+CW58+DK58) -> 20 | E58: =(D58)/D$9*100 -> 52.631579 | F58: =IF(E58<50,E58, " ") | G58: =IF(E58<30,E58, " ") | M58: =SUM(H58:L58) -> 0 | N58: =M58/M$9*100 -> #DIV/0! | AA58: 1 | AB58: 1 | AF58: 1 | AG58: 1 | AJ58: =SUM(O58:AI58) -> 4 | AK58: =AJ58/AJ$9*100 -> 57.142857 | AM58: 1 | AN58: 1 | AR58: 1 | AS58: 1 | AX58: 1 | BA58: 1 | BC58: 1 | BF58: 1 | BG58: =SUM(AM58:BF58) -> 8 | BH58: =BG58/BG$9*100 -> 57.142857 | BI58: 1 | BJ58: 1 | BO58: 1 | BS58: 1 | BT58: 1 | BZ58: 1 | CC58: 1 | CD58: 1 | CE58: =SUM(BI58:CD58) -> 8 | CF58: =CE58/CE$9*100 -> 57.142857 | CW58: =SUM(CG58:CV58) -> 0 | CX58: =CW58/CW$9*100 -> 0 | DK58: =SUM(CY58:DJ58) -> 0 | DL58: =DK58/DK$9*100 -> #DIV/0!
A59: 50 | B59: 0827CI241049 | C59: JAYANT SENGAR | D59: =SUM(M59+AJ59+BG59+CE59+CW59+DK59) -> 28 | E59: =(D59)/D$9*100 -> 73.684211 | F59: =IF(E59<50,E59, " ") | G59: =IF(E59<30,E59, " ") | M59: =SUM(H59:L59) -> 0 | N59: =M59/M$9*100 -> #DIV/0! | W59: 1 | Z59: 1 | AB59: 1 | AC59: 1 | AG59: 1 | AJ59: =SUM(O59:AI59) -> 5 | AK59: =AJ59/AJ$9*100 -> 71.428571 | AO59: 1 | AP59: 1 | AQ59: 1 | AR59: 1 | AS59: 1 | AX59: 1 | BA59: 1 | BB59: 1 | BC59: 1 | BD59: 1 | BG59: =SUM(AM59:BF59) -> 10 | BH59: =BG59/BG$9*100 -> 71.428571 | BJ59: 1 | BO59: 1 | BR59: 1 | BT59: 1 | BU59: 1 | BW59: 1 | BX59: 1 | BY59: 1 | BZ59: 1 | CB59: 1 | CC59: 1 | CD59: 1 | CE59: =SUM(BI59:CD59) -> 12 | CF59: =CE59/CE$9*100 -> 85.714286 | CG59: 1 | CW59: =SUM(CG59:CV59) -> 1 | CX59: =CW59/CW$9*100 -> 33.333333 | DK59: =SUM(CY59:DJ59) -> 0 | DL59: =DK59/DK$9*100 -> #DIV/0!
A60: 51 | B60: 0827CI241050 | C60: JAYESH SAGAR | D60: =SUM(M60+AJ60+BG60+CE60+CW60+DK60) -> 16 | E60: =(D60)/D$9*100 -> 42.105263 | F60: =IF(E60<50,E60, " ") -> 42.105263 | G60: =IF(E60<30,E60, " ") | M60: =SUM(H60:L60) -> 0 | N60: =M60/M$9*100 -> #DIV/0! | AG60: 1 | AJ60: =SUM(O60:AI60) -> 1 | AK60: =AJ60/AJ$9*100 -> 14.285714 | AN60: 1 | AO60: 1 | AP60: 1 | AS60: 1 | AV60: 1 | AX60: 1 | BA60: 1 | BG60: =SUM(AM60:BF60) -> 7 | BH60: =BG60/BG$9*100 -> 50 | BI60: 1 | BJ60: 1 | BW60: 1 | BX60: 1 | BZ60: 1 | CC60: 1 | CD60: 1 | CE60: =SUM(BI60:CD60) -> 7 | CF60: =CE60/CE$9*100 -> 50 | CG60: 1 | CW60: =SUM(CG60:CV60) -> 1 | CX60: =CW60/CW$9*100 -> 33.333333 | DK60: =SUM(CY60:DJ60) -> 0 | DL60: =DK60/DK$9*100 -> #DIV/0!
A61: 52 | B61: 0827CI241051 | C61: JIYA PAGARE | D61: =SUM(M61+AJ61+BG61+CE61+CW61+DK61) -> 14 | E61: =(D61)/D$9*100 -> 36.842105 | F61: =IF(E61<50,E61, " ") -> 36.842105 | G61: =IF(E61<30,E61, " ") | M61: =SUM(H61:L61) -> 0 | N61: =M61/M$9*100 -> #DIV/0! | AB61: 1 | AC61: 1 | AG61: 1 | AJ61: =SUM(O61:AI61) -> 3 | AK61: =AJ61/AJ$9*100 -> 42.857143 | AM61: 1 | AN61: 1 | AX61: 1 | BA61: 1 | BF61: 1 | BG61: =SUM(AM61:BF61) -> 5 | BH61: =BG61/BG$9*100 -> 35.714286 | BT61: 1 | BU61: 1 | BZ61: 1 | CC61: 1 | CD61: 1 | CE61: =SUM(BI61:CD61) -> 5 | CF61: =CE61/CE$9*100 -> 35.714286 | CG61: 1 | CW61: =SUM(CG61:CV61) -> 1 | CX61: =CW61/CW$9*100 -> 33.333333 | DK61: =SUM(CY61:DJ61) -> 0 | DL61: =DK61/DK$9*100 -> #DIV/0!
A62: 53 | B62: 0827CI241052 | C62: KANAK GOYAL | D62: =SUM(M62+AJ62+BG62+CE62+CW62+DK62) -> 22 | E62: =(D62)/D$9*100 -> 57.894737 | F62: =IF(E62<50,E62, " ") | G62: =IF(E62<30,E62, " ") | M62: =SUM(H62:L62) -> 0 | N62: =M62/M$9*100 -> #DIV/0! | AA62: 1 | AB62: 1 | AJ62: =SUM(O62:AI62) -> 2 | AK62: =AJ62/AJ$9*100 -> 28.571429 | AM62: 1 | AN62: 1 | AR62: 1 | AS62: 1 | AX62: 1 | BA62: 1 | BC62: 1 | BF62: 1 | BG62: =SUM(AM62:BF62) -> 8 | BH62: =BG62/BG$9*100 -> 57.142857 | BI62: 1 | BJ62: 1 | BO62: 1 | BS62: 1 | BT62: 1 | BU62: 1 | BW62: 1 | BX62: 1 | BY62: 1 | BZ62: 1 | CC62: 1 | CD62: 1 | CE62: =SUM(BI62:CD62) -> 12 | CF62: =CE62/CE$9*100 -> 85.714286 | CW62: =SUM(CG62:CV62) -> 0 | CX62: =CW62/CW$9*100 -> 0 | DK62: =SUM(CY62:DJ62) -> 0 | DL62: =DK62/DK$9*100 -> #DIV/0!
A63: 54 | B63: 0827CI241053 | C63: KARAN SINGH BHADORIYA | D63: =SUM(M63+AJ63+BG63+CE63+CW63+DK63) -> 12 | E63: =(D63)/D$9*100 -> 31.578947 | F63: =IF(E63<50,E63, " ") -> 31.578947 | G63: =IF(E63<30,E63, " ") | M63: =SUM(H63:L63) -> 0 | N63: =M63/M$9*100 -> #DIV/0! | AC63: 1 | AJ63: =SUM(O63:AI63) -> 1 | AK63: =AJ63/AJ$9*100 -> 14.285714 | AN63: 1 | AS63: 1 | BC63: 1 | BG63: =SUM(AM63:BF63) -> 3 | BH63: =BG63/BG$9*100 -> 21.428571 | BJ63: 1 | BT63: 1 | BU63: 1 | BX63: 1 | BY63: 1 | BZ63: 1 | CE63: =SUM(BI63:CD63) -> 6 | CF63: =CE63/CE$9*100 -> 42.857143 | CG63: 1 | CH63: 1 | CW63: =SUM(CG63:CV63) -> 2 | CX63: =CW63/CW$9*100 -> 66.666667 | DK63: =SUM(CY63:DJ63) -> 0 | DL63: =DK63/DK$9*100 -> #DIV/0!
A64: 55 | B64: 0827CI241054 | C64: KHUSHAL MISHRA | D64: =SUM(M64+AJ64+BG64+CE64+CW64+DK64) -> 17 | E64: =(D64)/D$9*100 -> 44.736842 | F64: =IF(E64<50,E64, " ") -> 44.736842 | G64: =IF(E64<30,E64, " ") | M64: =SUM(H64:L64) -> 0 | N64: =M64/M$9*100 -> #DIV/0! | AB64: 1 | AC64: 1 | AF64: 1 | AG64: 1 | AJ64: =SUM(O64:AI64) -> 4 | AK64: =AJ64/AJ$9*100 -> 57.142857 | AR64: 1 | AX64: 1 | BA64: 1 | BB64: 1 | BC64: 1 | BF64: 1 | BG64: =SUM(AM64:BF64) -> 6 | BH64: =BG64/BG$9*100 -> 42.857143 | BJ64: 1 | BS64: 1 | BT64: 1 | BW64: 1 | BX64: 1 | CC64: 1 | CD64: 1 | CE64: =SUM(BI64:CD64) -> 7 | CF64: =CE64/CE$9*100 -> 50 | CW64: =SUM(CG64:CV64) -> 0 | CX64: =CW64/CW$9*100 -> 0 | DK64: =SUM(CY64:DJ64) -> 0 | DL64: =DK64/DK$9*100 -> #DIV/0!
A65: 56 | B65: 0827CI241055 | C65: KHUSHI | D65: =SUM(M65+AJ65+BG65+CE65+CW65+DK65) -> 18 | E65: =(D65)/D$9*100 -> 47.368421 | F65: =IF(E65<50,E65, " ") -> 47.368421 | G65: =IF(E65<30,E65, " ") | M65: =SUM(H65:L65) -> 0 | N65: =M65/M$9*100 -> #DIV/0! | W65: 1 | Z65: 1 | AA65: 1 | AB65: 1 | AC65: 1 | AF65: 1 | AG65: 1 | AJ65: =SUM(O65:AI65) -> 7 | AK65: =AJ65/AJ$9*100 -> 100 | AM65: 1 | AQ65: 1 | AS65: 1 | BA65: 1 | BG65: =SUM(AM65:BF65) -> 4 | BH65: =BG65/BG$9*100 -> 28.571429 | BJ65: 1 | BR65: 1 | BT65: 1 | BW65: 1 | BY65: 1 | CD65: 1 | CE65: =SUM(BI65:CD65) -> 6 | CF65: =CE65/CE$9*100 -> 42.857143 | CG65: 1 | CW65: =SUM(CG65:CV65) -> 1 | CX65: =CW65/CW$9*100 -> 33.333333 | DK65: =SUM(CY65:DJ65) -> 0 | DL65: =DK65/DK$9*100 -> #DIV/0!
A66: 57 | B66: 0827CI241056 | C66: KHUSHI HEDAU | D66: =SUM(M66+AJ66+BG66+CE66+CW66+DK66) -> 27 | E66: =(D66)/D$9*100 -> 71.052632 | F66: =IF(E66<50,E66, " ") | G66: =IF(E66<30,E66, " ") | M66: =SUM(H66:L66) -> 0 | N66: =M66/M$9*100 -> #DIV/0! | W66: 1 | Z66: 1 | AB66: 1 | AC66: 1 | AG66: 1 | AJ66: =SUM(O66:AI66) -> 5 | AK66: =AJ66/AJ$9*100 -> 71.428571 | AO66: 1 | AP66: 1 | AQ66: 1 | AR66: 1 | AS66: 1 | AV66: 1 | BA66: 1 | BB66: 1 | BC66: 1 | BD66: 1 | BG66: =SUM(AM66:BF66) -> 10 | BH66: =BG66/BG$9*100 -> 71.428571 | BJ66: 1 | BO66: 1 | BR66: 1 | BT66: 1 | BW66: 1 | BX66: 1 | BY66: 1 | BZ66: 1 | CB66: 1 | CC66: 1 | CD66: 1 | CE66: =SUM(BI66:CD66) -> 11 | CF66: =CE66/CE$9*100 -> 78.571429 | CG66: 1 | CW66: =SUM(CG66:CV66) -> 1 | CX66: =CW66/CW$9*100 -> 33.333333 | DK66: =SUM(CY66:DJ66) -> 0 | DL66: =DK66/DK$9*100 -> #DIV/0!
A67: 58 | B67: 0827CI241057 | C67: KHUSHI MITTAL | D67: =SUM(M67+AJ67+BG67+CE67+CW67+DK67) -> 26 | E67: =(D67)/D$9*100 -> 68.421053 | F67: =IF(E67<50,E67, " ") | G67: =IF(E67<30,E67, " ") | M67: =SUM(H67:L67) -> 0 | N67: =M67/M$9*100 -> #DIV/0! | Z67: 1 | AB67: 1 | AC67: 1 | AF67: 1 | AG67: 1 | AJ67: =SUM(O67:AI67) -> 5 | AK67: =AJ67/AJ$9*100 -> 71.428571 | AM67: 1 | AN67: 1 | AO67: 1 | AP67: 1 | AR67: 1 | AS67: 1 | BA67: 1 | BB67: 1 | BD67: 1 | BG67: =SUM(AM67:BF67) -> 9 | BH67: =BG67/BG$9*100 -> 64.285714 | BI67: 1 | BJ67: 1 | BO67: 1 | BS67: 1 | BT67: 1 | BU67: 1 | BY67: 1 | BZ67: 1 | CB67: 1 | CC67: 1 | CD67: 1 | CE67: =SUM(BI67:CD67) -> 11 | CF67: =CE67/CE$9*100 -> 78.571429 | CG67: 1 | CW67: =SUM(CG67:CV67) -> 1 | CX67: =CW67/CW$9*100 -> 33.333333 | DK67: =SUM(CY67:DJ67) -> 0 | DL67: =DK67/DK$9*100 -> #DIV/0!
A68: 59 | B68: 0827CI241058 | C68: KRATIKA DUGAYA | D68: =SUM(M68+AJ68+BG68+CE68+CW68+DK68) -> 21 | E68: =(D68)/D$9*100 -> 55.263158 | F68: =IF(E68<50,E68, " ") | G68: =IF(E68<30,E68, " ") | M68: =SUM(H68:L68) -> 0 | N68: =M68/M$9*100 -> #DIV/0! | AF68: 1 | AG68: 1 | AJ68: =SUM(O68:AI68) -> 2 | AK68: =AJ68/AJ$9*100 -> 28.571429 | AM68: 1 | AO68: 1 | AP68: 1 | AQ68: 1 | AS68: 1 | AV68: 1 | BA68: 1 | BB68: 1 | BC68: 1 | BD68: 1 | BF68: 1 | BG68: =SUM(AM68:BF68) -> 11 | BH68: =BG68/BG$9*100 -> 78.571429 | BJ68: 1 | BR68: 1 | BS68: 1 | BY68: 1 | BZ68: 1 | CC68: 1 | CD68: 1 | CE68: =SUM(BI68:CD68) -> 7 | CF68: =CE68/CE$9*100 -> 50 | CG68: 1 | CW68: =SUM(CG68:CV68) -> 1 | CX68: =CW68/CW$9*100 -> 33.333333 | DK68: =SUM(CY68:DJ68) -> 0 | DL68: =DK68/DK$9*100 -> #DIV/0!
A69: 60 | B69: 0827CI241059 | C69: KRISH PRAJAPAT | D69: =SUM(M69+AJ69+BG69+CE69+CW69+DK69) -> 18 | E69: =(D69)/D$9*100 -> 47.368421 | F69: =IF(E69<50,E69, " ") -> 47.368421 | G69: =IF(E69<30,E69, " ") | M69: =SUM(H69:L69) -> 0 | N69: =M69/M$9*100 -> #DIV/0! | W69: 1 | AA69: 1 | AB69: 1 | AC69: 1 | AF69: 1 | AG69: 1 | AJ69: =SUM(O69:AI69) -> 6 | AK69: =AJ69/AJ$9*100 -> 85.714286 | BA69: 1 | BG69: =SUM(AM69:BF69) -> 1 | BH69: =BG69/BG$9*100 -> 7.1428571 | BO69: 1 | BR69: 1 | BS69: 1 | BT69: 1 | BU69: 1 | BW69: 1 | BY69: 1 | BZ69: 1 | CB69: 1 | CD69: 1 | CE69: =SUM(BI69:CD69) -> 10 | CF69: =CE69/CE$9*100 -> 71.428571 | CG69: 1 | CW69: =SUM(CG69:CV69) -> 1 | CX69: =CW69/CW$9*100 -> 33.333333 | DK69: =SUM(CY69:DJ69) -> 0 | DL69: =DK69/DK$9*100 -> #DIV/0!
A70: 61 | B70: 0827CI241060 | C70: KRISHNA HOLKAR | D70: =SUM(M70+AJ70+BG70+CE70+CW70+DK70) -> 13 | E70: =(D70)/D$9*100 -> 34.210526 | F70: =IF(E70<50,E70, " ") -> 34.210526 | G70: =IF(E70<30,E70, " ") | M70: =SUM(H70:L70) -> 0 | N70: =M70/M$9*100 -> #DIV/0! | AF70: 1 | AG70: 1 | AJ70: =SUM(O70:AI70) -> 2 | AK70: =AJ70/AJ$9*100 -> 28.571429 | AN70: 1 | AS70: 1 | AV70: 1 | BC70: 1 | BG70: =SUM(AM70:BF70) -> 4 | BH70: =BG70/BG$9*100 -> 28.571429 | BJ70: 1 | BT70: 1 | BU70: 1 | BX70: 1 | BZ70: 1 | CD70: 1 | CE70: =SUM(BI70:CD70) -> 6 | CF70: =CE70/CE$9*100 -> 42.857143 | CG70: 1 | CW70: =SUM(CG70:CV70) -> 1 | CX70: =CW70/CW$9*100 -> 33.333333 | DK70: =SUM(CY70:DJ70) -> 0 | DL70: =DK70/DK$9*100 -> #DIV/0!
A71: 62 | B71: 0827CI241061 | C71: KRISHNA NANDGAONKAR | D71: =SUM(M71+AJ71+BG71+CE71+CW71+DK71) -> 3 | E71: =(D71)/D$9*100 -> 7.8947368 | F71: =IF(E71<50,E71, " ") -> 7.8947368 | G71: =IF(E71<30,E71, " ") -> 7.8947368 | M71: =SUM(H71:L71) -> 0 | N71: =M71/M$9*100 -> #DIV/0! | AJ71: =SUM(O71:AI71) -> 0 | AK71: =AJ71/AJ$9*100 -> 0 | AV71: 1 | BG71: =SUM(AM71:BF71) -> 1 | BH71: =BG71/BG$9*100 -> 7.1428571 | BS71: 1 | CE71: =SUM(BI71:CD71) -> 1 | CF71: =CE71/CE$9*100 -> 7.1428571 | CG71: 1 | CW71: =SUM(CG71:CV71) -> 1 | CX71: =CW71/CW$9*100 -> 33.333333 | DK71: =SUM(CY71:DJ71) -> 0 | DL71: =DK71/DK$9*100 -> #DIV/0!
A72: 63 | B72: 0827CI241062 | C72: KRISHNA PRAJAPATI | D72: =SUM(M72+AJ72+BG72+CE72+CW72+DK72) -> 12 | E72: =(D72)/D$9*100 -> 31.578947 | F72: =IF(E72<50,E72, " ") -> 31.578947 | G72: =IF(E72<30,E72, " ") | M72: =SUM(H72:L72) -> 0 | N72: =M72/M$9*100 -> #DIV/0! | AC72: 1 | AJ72: =SUM(O72:AI72) -> 1 | AK72: =AJ72/AJ$9*100 -> 14.285714 | AN72: 1 | AS72: 1 | BC72: 1 | BG72: =SUM(AM72:BF72) -> 3 | BH72: =BG72/BG$9*100 -> 21.428571 | BJ72: 1 | BT72: 1 | BU72: 1 | BX72: 1 | BZ72: 1 | CC72: 1 | CD72: 1 | CE72: =SUM(BI72:CD72) -> 7 | CF72: =CE72/CE$9*100 -> 50 | CG72: 1 | CW72: =SUM(CG72:CV72) -> 1 | CX72: =CW72/CW$9*100 -> 33.333333 | DK72: =SUM(CY72:DJ72) -> 0 | DL72: =DK72/DK$9*100 -> #DIV/0!
A73: 64 | B73: 0827CI241063 | C73: KUSHAGRA SINGH TOMAR | D73: =SUM(M73+AJ73+BG73+CE73+CW73+DK73) -> 19 | E73: =(D73)/D$9*100 -> 50 | F73: =IF(E73<50,E73, " ") | G73: =IF(E73<30,E73, " ") | M73: =SUM(H73:L73) -> 0 | N73: =M73/M$9*100 -> #DIV/0! | W73: 1 | Z73: 1 | AA73: 1 | AB73: 1 | AF73: 1 | AJ73: =SUM(O73:AI73) -> 5 | AK73: =AJ73/AJ$9*100 -> 71.428571 | AM73: 1 | BA73: 1 | BB73: 1 | BC73: 1 | BD73: 1 | BF73: 1 | BG73: =SUM(AM73:BF73) -> 6 | BH73: =BG73/BG$9*100 -> 42.857143 | BI73: 1 | BR73: 1 | BS73: 1 | BW73: 1 | CB73: 1 | CD73: 1 | CE73: =SUM(BI73:CD73) -> 6 | CF73: =CE73/CE$9*100 -> 42.857143 | CG73: 1 | CH73: 1 | CW73: =SUM(CG73:CV73) -> 2 | CX73: =CW73/CW$9*100 -> 66.666667 | DK73: =SUM(CY73:DJ73) -> 0 | DL73: =DK73/DK$9*100 -> #DIV/0!
A74: 65 | B74: 0827CI241064 | C74: KUSHAL MEHTA | D74: =SUM(M74+AJ74+BG74+CE74+CW74+DK74) -> 19 | E74: =(D74)/D$9*100 -> 50 | F74: =IF(E74<50,E74, " ") | G74: =IF(E74<30,E74, " ") | M74: =SUM(H74:L74) -> 0 | N74: =M74/M$9*100 -> #DIV/0! | Z74: 1 | AA74: 1 | AC74: 1 | AJ74: =SUM(O74:AI74) -> 3 | AK74: =AJ74/AJ$9*100 -> 42.857143 | AM74: 1 | AR74: 1 | AS74: 1 | AV74: 1 | BB74: 1 | BC74: 1 | BD74: 1 | BF74: 1 | BG74: =SUM(AM74:BF74) -> 8 | BH74: =BG74/BG$9*100 -> 57.142857 | BR74: 1 | BT74: 1 | BU74: 1 | BX74: 1 | BZ74: 1 | CC74: 1 | CD74: 1 | CE74: =SUM(BI74:CD74) -> 7 | CF74: =CE74/CE$9*100 -> 50 | CG74: 1 | CW74: =SUM(CG74:CV74) -> 1 | CX74: =CW74/CW$9*100 -> 33.333333 | DK74: =SUM(CY74:DJ74) -> 0 | DL74: =DK74/DK$9*100 -> #DIV/0!
A75: 66 | B75: 0827CI241065 | C75: LAKSHYA VERMA | D75: =SUM(M75+AJ75+BG75+CE75+CW75+DK75) -> 0 | E75: =(D75)/D$9*100 -> 0 | F75: =IF(E75<50,E75, " ") -> 0 | G75: =IF(E75<30,E75, " ") -> 0 | M75: =SUM(H75:L75) -> 0 | N75: =M75/M$9*100 -> #DIV/0! | AJ75: =SUM(O75:AI75) -> 0 | AK75: =AJ75/AJ$9*100 -> 0 | BG75: =SUM(AM75:BF75) -> 0 | BH75: =BG75/BG$9*100 -> 0 | CE75: =SUM(BI75:CD75) -> 0 | CF75: =CE75/CE$9*100 -> 0 | CW75: =SUM(CG75:CV75) -> 0 | CX75: =CW75/CW$9*100 -> 0 | DK75: =SUM(CY75:DJ75) -> 0 | DL75: =DK75/DK$9*100 -> #DIV/0!
A76: 67 | B76: 0827CI241066 | C76: MANAN GUPTA | D76: =SUM(M76+AJ76+BG76+CE76+CW76+DK76) -> 21 | E76: =(D76)/D$9*100 -> 55.263158 | F76: =IF(E76<50,E76, " ") | G76: =IF(E76<30,E76, " ") | M76: =SUM(H76:L76) -> 0 | N76: =M76/M$9*100 -> #DIV/0! | W76: 1 | AA76: 1 | AF76: 1 | AJ76: =SUM(O76:AI76) -> 3 | AK76: =AJ76/AJ$9*100 -> 42.857143 | AM76: 1 | AN76: 1 | AO76: 1 | AP76: 1 | AQ76: 1 | BA76: 1 | BC76: 1 | BF76: 1 | BG76: =SUM(AM76:BF76) -> 8 | BH76: =BG76/BG$9*100 -> 57.142857 | BI76: 1 | BJ76: 1 | BO76: 1 | BS76: 1 | BT76: 1 | BU76: 1 | BW76: 1 | BY76: 1 | BZ76: 1 | CD76: 1 | CE76: =SUM(BI76:CD76) -> 10 | CF76: =CE76/CE$9*100 -> 71.428571 | CW76: =SUM(CG76:CV76) -> 0 | CX76: =CW76/CW$9*100 -> 0 | DK76: =SUM(CY76:DJ76) -> 0 | DL76: =DK76/DK$9*100 -> #DIV/0!
A77: 68 | B77: 0827CI241067 | C77: MAYUR YADAV | D77: =SUM(M77+AJ77+BG77+CE77+CW77+DK77) -> 13 | E77: =(D77)/D$9*100 -> 34.210526 | F77: =IF(E77<50,E77, " ") -> 34.210526 | G77: =IF(E77<30,E77, " ") | M77: =SUM(H77:L77) -> 0 | N77: =M77/M$9*100 -> #DIV/0! | AB77: 1 | AJ77: =SUM(O77:AI77) -> 1 | AK77: =AJ77/AJ$9*100 -> 14.285714 | AS77: 1 | BA77: 1 | BG77: =SUM(AM77:BF77) -> 2 | BH77: =BG77/BG$9*100 -> 14.285714 | BJ77: 1 | BO77: 1 | BR77: 1 | BU77: 1 | BY77: 1 | BZ77: 1 | CB77: 1 | CC77: 1 | CD77: 1 | CE77: =SUM(BI77:CD77) -> 9 | CF77: =CE77/CE$9*100 -> 64.285714 | CG77: 1 | CW77: =SUM(CG77:CV77) -> 1 | CX77: =CW77/CW$9*100 -> 33.333333 | DK77: =SUM(CY77:DJ77) -> 0 | DL77: =DK77/DK$9*100 -> #DIV/0!
A78: 69 | B78: 0827CI241068 | C78: MEHUL VIJAYVARGIYA | D78: =SUM(M78+AJ78+BG78+CE78+CW78+DK78) -> 6 | E78: =(D78)/D$9*100 -> 15.789474 | F78: =IF(E78<50,E78, " ") -> 15.789474 | G78: =IF(E78<30,E78, " ") -> 15.789474 | M78: =SUM(H78:L78) -> 0 | N78: =M78/M$9*100 -> #DIV/0! | AC78: 1 | AJ78: =SUM(O78:AI78) -> 1 | AK78: =AJ78/AJ$9*100 -> 14.285714 | AS78: 1 | BC78: 1 | BG78: =SUM(AM78:BF78) -> 2 | BH78: =BG78/BG$9*100 -> 14.285714 | BU78: 1 | BX78: 1 | BZ78: 1 | CE78: =SUM(BI78:CD78) -> 3 | CF78: =CE78/CE$9*100 -> 21.428571 | CW78: =SUM(CG78:CV78) -> 0 | CX78: =CW78/CW$9*100 -> 0 | DK78: =SUM(CY78:DJ78) -> 0 | DL78: =DK78/DK$9*100 -> #DIV/0!
A79: 70 | B79: 0827CI241069 | C79: MIHIKA TIWARI | D79: =SUM(M79+AJ79+BG79+CE79+CW79+DK79) -> 25 | E79: =(D79)/D$9*100 -> 65.789474 | F79: =IF(E79<50,E79, " ") | G79: =IF(E79<30,E79, " ") | M79: =SUM(H79:L79) -> 0 | N79: =M79/M$9*100 -> #DIV/0! | W79: 1 | AA79: 1 | AB79: 1 | AC79: 1 | AF79: 1 | AG79: 1 | AJ79: =SUM(O79:AI79) -> 6 | AK79: =AJ79/AJ$9*100 -> 85.714286 | AM79: 1 | AN79: 1 | AO79: 1 | AP79: 1 | AQ79: 1 | AX79: 1 | BA79: 1 | BB79: 1 | BG79: =SUM(AM79:BF79) -> 8 | BH79: =BG79/BG$9*100 -> 57.142857 | BI79: 1 | BO79: 1 | BS79: 1 | BT79: 1 | BU79: 1 | BW79: 1 | BX79: 1 | BY79: 1 | BZ79: 1 | CC79: 1 | CD79: 1 | CE79: =SUM(BI79:CD79) -> 11 | CF79: =CE79/CE$9*100 -> 78.571429 | CW79: =SUM(CG79:CV79) -> 0 | CX79: =CW79/CW$9*100 -> 0 | DK79: =SUM(CY79:DJ79) -> 0 | DL79: =DK79/DK$9*100 -> #DIV/0!
A80: 71 | B80: 0827CI241070 | C80: MITALI RAJPUT | D80: =SUM(M80+AJ80+BG80+CE80+CW80+DK80) -> 20 | E80: =(D80)/D$9*100 -> 52.631579 | F80: =IF(E80<50,E80, " ") | G80: =IF(E80<30,E80, " ") | M80: =SUM(H80:L80) -> 0 | N80: =M80/M$9*100 -> #DIV/0! | AG80: 1 | AJ80: =SUM(O80:AI80) -> 1 | AK80: =AJ80/AJ$9*100 -> 14.285714 | AM80: 1 | AQ80: 1 | AS80: 1 | AX80: 1 | BA80: 1 | BC80: 1 | BD80: 1 | BF80: 1 | BG80: =SUM(AM80:BF80) -> 8 | BH80: =BG80/BG$9*100 -> 57.142857 | BI80: 1 | BJ80: 1 | BO80: 1 | BR80: 1 | BS80: 1 | BT80: 1 | BU80: 1 | BX80: 1 | BY80: 1 | BZ80: 1 | CD80: 1 | CE80: =SUM(BI80:CD80) -> 11 | CF80: =CE80/CE$9*100 -> 78.571429 | CW80: =SUM(CG80:CV80) -> 0 | CX80: =CW80/CW$9*100 -> 0 | DK80: =SUM(CY80:DJ80) -> 0 | DL80: =DK80/DK$9*100 -> #DIV/0!
A81: 72 | B81: 0827CI241071 | C81: MITUSHI TAWAR | D81: =SUM(M81+AJ81+BG81+CE81+CW81+DK81) -> 0 | E81: =(D81)/D$9*100 -> 0 | F81: =IF(E81<50,E81, " ") -> 0 | G81: =IF(E81<30,E81, " ") -> 0 | M81: =SUM(H81:L81) -> 0 | N81: =M81/M$9*100 -> #DIV/0! | AJ81: =SUM(O81:AI81) -> 0 | AK81: =AJ81/AJ$9*100 -> 0 | BG81: =SUM(AM81:BF81) -> 0 | BH81: =BG81/BG$9*100 -> 0 | CE81: =SUM(BI81:CD81) -> 0 | CF81: =CE81/CE$9*100 -> 0 | CW81: =SUM(CG81:CV81) -> 0 | CX81: =CW81/CW$9*100 -> 0 | DK81: =SUM(CY81:DJ81) -> 0 | DL81: =DK81/DK$9*100 -> #DIV/0!
A82: 73 | B82: 0827CI241072 | C82: MOHAMMED ZEESHAN KHAN | D82: =SUM(M82+AJ82+BG82+CE82+CW82+DK82) -> 0 | E82: =(D82)/D$9*100 -> 0 | F82: =IF(E82<50,E82, " ") -> 0 | G82: =IF(E82<30,E82, " ") -> 0 | M82: =SUM(H82:L82) -> 0 | N82: =M82/M$9*100 -> #DIV/0! | AJ82: =SUM(O82:AI82) -> 0 | AK82: =AJ82/AJ$9*100 -> 0 | BG82: =SUM(AM82:BF82) -> 0 | BH82: =BG82/BG$9*100 -> 0 | CE82: =SUM(BI82:CD82) -> 0 | CF82: =CE82/CE$9*100 -> 0 | CW82: =SUM(CG82:CV82) -> 0 | CX82: =CW82/CW$9*100 -> 0 | DK82: =SUM(CY82:DJ82) -> 0 | DL82: =DK82/DK$9*100 -> #DIV/0!
A83: 74 | B83: 0827CI241073 | C83: MOHINI YADAV | D83: =SUM(M83+AJ83+BG83+CE83+CW83+DK83) -> 6 | E83: =(D83)/D$9*100 -> 15.789474 | F83: =IF(E83<50,E83, " ") -> 15.789474 | G83: =IF(E83<30,E83, " ") -> 15.789474 | M83: =SUM(H83:L83) -> 0 | N83: =M83/M$9*100 -> #DIV/0! | AC83: 1 | AG83: 1 | AJ83: =SUM(O83:AI83) -> 2 | AK83: =AJ83/AJ$9*100 -> 28.571429 | AR83: 1 | AS83: 1 | AV83: 1 | BG83: =SUM(AM83:BF83) -> 3 | BH83: =BG83/BG$9*100 -> 21.428571 | BJ83: 1 | CE83: =SUM(BI83:CD83) -> 1 | CF83: =CE83/CE$9*100 -> 7.1428571 | CW83: =SUM(CG83:CV83) -> 0 | CX83: =CW83/CW$9*100 -> 0 | DK83: =SUM(CY83:DJ83) -> 0 | DL83: =DK83/DK$9*100 -> #DIV/0!
A84: 75 | B84: 0827CI241074 | C84: MOHIT PRAJAPAT | D84: =SUM(M84+AJ84+BG84+CE84+CW84+DK84) -> 6 | E84: =(D84)/D$9*100 -> 15.789474 | F84: =IF(E84<50,E84, " ") -> 15.789474 | G84: =IF(E84<30,E84, " ") -> 15.789474 | M84: =SUM(H84:L84) -> 0 | N84: =M84/M$9*100 -> #DIV/0! | Z84: 1 | AJ84: =SUM(O84:AI84) -> 1 | AK84: =AJ84/AJ$9*100 -> 14.285714 | AR84: 1 | BG84: =SUM(AM84:BF84) -> 1 | BH84: =BG84/BG$9*100 -> 7.1428571 | BJ84: 1 | BO84: 1 | BU84: 1 | BW84: 1 | CE84: =SUM(BI84:CD84) -> 4 | CF84: =CE84/CE$9*100 -> 28.571429 | CW84: =SUM(CG84:CV84) -> 0 | CX84: =CW84/CW$9*100 -> 0 | DK84: =SUM(CY84:DJ84) -> 0 | DL84: =DK84/DK$9*100 -> #DIV/0!
A85: 76 | B85: 0827CI241075 | C85: MOIZ UDDIN | D85: =SUM(M85+AJ85+BG85+CE85+CW85+DK85) -> 9 | E85: =(D85)/D$9*100 -> 23.684211 | F85: =IF(E85<50,E85, " ") -> 23.684211 | G85: =IF(E85<30,E85, " ") -> 23.684211 | M85: =SUM(H85:L85) -> 0 | N85: =M85/M$9*100 -> #DIV/0! | Z85: 1 | AC85: 1 | AG85: 1 | AJ85: =SUM(O85:AI85) -> 3 | AK85: =AJ85/AJ$9*100 -> 42.857143 | AR85: 1 | AS85: 1 | BG85: =SUM(AM85:BF85) -> 2 | BH85: =BG85/BG$9*100 -> 14.285714 | BJ85: 1 | BO85: 1 | BU85: 1 | BW85: 1 | CE85: =SUM(BI85:CD85) -> 4 | CF85: =CE85/CE$9*100 -> 28.571429 | CW85: =SUM(CG85:CV85) -> 0 | CX85: =CW85/CW$9*100 -> 0 | DK85: =SUM(CY85:DJ85) -> 0 | DL85: =DK85/DK$9*100 -> #DIV/0!
A86: 77 | B86: 0827CI241076 | C86: MOKSHA JAIN | D86: =SUM(M86+AJ86+BG86+CE86+CW86+DK86) -> 0 | E86: =(D86)/D$9*100 -> 0 | F86: =IF(E86<50,E86, " ") -> 0 | G86: =IF(E86<30,E86, " ") -> 0 | M86: =SUM(H86:L86) -> 0 | N86: =M86/M$9*100 -> #DIV/0! | AJ86: =SUM(O86:AI86) -> 0 | AK86: =AJ86/AJ$9*100 -> 0 | BG86: =SUM(AM86:BF86) -> 0 | BH86: =BG86/BG$9*100 -> 0 | CE86: =SUM(BI86:CD86) -> 0 | CF86: =CE86/CE$9*100 -> 0 | CW86: =SUM(CG86:CV86) -> 0 | CX86: =CW86/CW$9*100 -> 0 | DK86: =SUM(CY86:DJ86) -> 0 | DL86: =DK86/DK$9*100 -> #DIV/0!
A87: 78 | B87: 0827CI241077 | C87: MRIGISHA VERMA | D87: =SUM(M87+AJ87+BG87+CE87+CW87+DK87) -> 19 | E87: =(D87)/D$9*100 -> 50 | F87: =IF(E87<50,E87, " ") | G87: =IF(E87<30,E87, " ") | M87: =SUM(H87:L87) -> 0 | N87: =M87/M$9*100 -> #DIV/0! | Z87: 1 | AG87: 1 | AJ87: =SUM(O87:AI87) -> 2 | AK87: =AJ87/AJ$9*100 -> 28.571429 | AO87: 1 | AP87: 1 | AQ87: 1 | BA87: 1 | BC87: 1 | BD87: 1 | BF87: 1 | BG87: =SUM(AM87:BF87) -> 7 | BH87: =BG87/BG$9*100 -> 50 | BI87: 1 | BJ87: 1 | BO87: 1 | BS87: 1 | BT87: 1 | BZ87: 1 | CB87: 1 | CD87: 1 | CE87: =SUM(BI87:CD87) -> 8 | CF87: =CE87/CE$9*100 -> 57.142857 | CG87: 1 | CH87: 1 | CW87: =SUM(CG87:CV87) -> 2 | CX87: =CW87/CW$9*100 -> 66.666667 | DK87: =SUM(CY87:DJ87) -> 0 | DL87: =DK87/DK$9*100 -> #DIV/0!
A88: 79 | B88: 0827CI241078 | C88: MUKUL VYAS | D88: =SUM(M88+AJ88+BG88+CE88+CW88+DK88) -> 14 | E88: =(D88)/D$9*100 -> 36.842105 | F88: =IF(E88<50,E88, " ") -> 36.842105 | G88: =IF(E88<30,E88, " ") | M88: =SUM(H88:L88) -> 0 | N88: =M88/M$9*100 -> #DIV/0! | W88: 1 | AA88: 1 | AG88: 1 | AJ88: =SUM(O88:AI88) -> 3 | AK88: =AJ88/AJ$9*100 -> 42.857143 | AV88: 1 | BA88: 1 | BB88: 1 | BC88: 1 | BF88: 1 | BG88: =SUM(AM88:BF88) -> 5 | BH88: =BG88/BG$9*100 -> 35.714286 | BJ88: 1 | BO88: 1 | BT88: 1 | BU88: 1 | BZ88: 1 | CC88: 1 | CE88: =SUM(BI88:CD88) -> 6 | CF88: =CE88/CE$9*100 -> 42.857143 | CW88: =SUM(CG88:CV88) -> 0 | CX88: =CW88/CW$9*100 -> 0 | DK88: =SUM(CY88:DJ88) -> 0 | DL88: =DK88/DK$9*100 -> #DIV/0!
A89: 80 | B89: 0827CI241079 | C89: NAINSI PATIDAR | D89: =SUM(M89+AJ89+BG89+CE89+CW89+DK89) -> 16 | E89: =(D89)/D$9*100 -> 42.105263 | F89: =IF(E89<50,E89, " ") -> 42.105263 | G89: =IF(E89<30,E89, " ") | M89: =SUM(H89:L89) -> 0 | N89: =M89/M$9*100 -> #DIV/0! | W89: 1 | AC89: 1 | AF89: 1 | AJ89: =SUM(O89:AI89) -> 3 | AK89: =AJ89/AJ$9*100 -> 42.857143 | AM89: 1 | AN89: 1 | AO89: 1 | AP89: 1 | AV89: 1 | BA89: 1 | BG89: =SUM(AM89:BF89) -> 6 | BH89: =BG89/BG$9*100 -> 42.857143 | BI89: 1 | BJ89: 1 | BS89: 1 | BT89: 1 | BW89: 1 | BZ89: 1 | CE89: =SUM(BI89:CD89) -> 6 | CF89: =CE89/CE$9*100 -> 42.857143 | CI89: 1 | CW89: =SUM(CG89:CV89) -> 1 | CX89: =CW89/CW$9*100 -> 33.333333 | DK89: =SUM(CY89:DJ89) -> 0 | DL89: =DK89/DK$9*100 -> #DIV/0!
A90: 81 | B90: 0827CI241080 | C90: NIHARIKA SOLANKI | D90: =SUM(M90+AJ90+BG90+CE90+CW90+DK90) -> 27 | E90: =(D90)/D$9*100 -> 71.052632 | F90: =IF(E90<50,E90, " ") | G90: =IF(E90<30,E90, " ") | M90: =SUM(H90:L90) -> 0 | N90: =M90/M$9*100 -> #DIV/0! | Z90: 1 | AB90: 1 | AC90: 1 | AG90: 1 | AJ90: =SUM(O90:AI90) -> 4 | AK90: =AJ90/AJ$9*100 -> 57.142857 | AM90: 1 | AN90: 1 | AQ90: 1 | AS90: 1 | AV90: 1 | BA90: 1 | BB90: 1 | BC90: 1 | BD90: 1 | BF90: 1 | BG90: =SUM(AM90:BF90) -> 10 | BH90: =BG90/BG$9*100 -> 71.428571 | BI90: 1 | BJ90: 1 | BO90: 1 | BR90: 1 | BS90: 1 | BT90: 1 | BU90: 1 | BX90: 1 | BZ90: 1 | CB90: 1 | CD90: 1 | CE90: =SUM(BI90:CD90) -> 11 | CF90: =CE90/CE$9*100 -> 78.571429 | CG90: 1 | CH90: 1 | CW90: =SUM(CG90:CV90) -> 2 | CX90: =CW90/CW$9*100 -> 66.666667 | DK90: =SUM(CY90:DJ90) -> 0 | DL90: =DK90/DK$9*100 -> #DIV/0!
A91: 82 | B91: 0827CI241081 | C91: NIHARIKA TIWARI | D91: =SUM(M91+AJ91+BG91+CE91+CW91+DK91) -> 26 | E91: =(D91)/D$9*100 -> 68.421053 | F91: =IF(E91<50,E91, " ") | G91: =IF(E91<30,E91, " ") | M91: =SUM(H91:L91) -> 0 | N91: =M91/M$9*100 -> #DIV/0! | Z91: 1 | AB91: 1 | AC91: 1 | AJ91: =SUM(O91:AI91) -> 3 | AK91: =AJ91/AJ$9*100 -> 42.857143 | AM91: 1 | AN91: 1 | AO91: 1 | AP91: 1 | AQ91: 1 | AR91: 1 | AS91: 1 | AV91: 1 | BA91: 1 | BB91: 1 | BC91: 1 | BF91: 1 | BG91: =SUM(AM91:BF91) -> 12 | BH91: =BG91/BG$9*100 -> 85.714286 | BI91: 1 | BJ91: 1 | BR91: 1 | BS91: 1 | BT91: 1 | BU91: 1 | BX91: 1 | BZ91: 1 | CD91: 1 | CE91: =SUM(BI91:CD91) -> 9 | CF91: =CE91/CE$9*100 -> 64.285714 | CG91: 1 | CH91: 1 | CW91: =SUM(CG91:CV91) -> 2 | CX91: =CW91/CW$9*100 -> 66.666667 | DK91: =SUM(CY91:DJ91) -> 0 | DL91: =DK91/DK$9*100 -> #DIV/0!
A92: 83 | B92: 0827CI241082 | C92: NITIN RATHORE | D92: =SUM(M92+AJ92+BG92+CE92+CW92+DK92) -> 0 | E92: =(D92)/D$9*100 -> 0 | F92: =IF(E92<50,E92, " ") -> 0 | G92: =IF(E92<30,E92, " ") -> 0 | M92: =SUM(H92:L92) -> 0 | N92: =M92/M$9*100 -> #DIV/0! | AJ92: =SUM(O92:AI92) -> 0 | AK92: =AJ92/AJ$9*100 -> 0 | BG92: =SUM(AM92:BF92) -> 0 | BH92: =BG92/BG$9*100 -> 0 | CE92: =SUM(BI92:CD92) -> 0 | CF92: =CE92/CE$9*100 -> 0 | CW92: =SUM(CG92:CV92) -> 0 | CX92: =CW92/CW$9*100 -> 0 | DK92: =SUM(CY92:DJ92) -> 0 | DL92: =DK92/DK$9*100 -> #DIV/0!

Sheet 402 L
A1: CSIT-402 L
A2: Faculty Name: | C2: Dr. Asmita Rajawat
A3: Subject Name : | C3: Analog and Digital Communication
A4: Subject Code : | C4: CSIT-402
A5: Start Date | C5: 46104
A6: End Date
H7: 1 | I7: 2 | J7: 3 | K7: 4 | L7: 5 | O7: 1 | P7: 2 | Q7: 3 | R7: 4 | S7: 5 | T7: 6 | U7: 7 | V7: 8 | W7: 9 | X7: 10 | Y7: 11 | Z7: 12 | AA7: 13 | AB7: 14 | AC7: 15 | AD7: 16 | AE7: 17 | AF7: 18 | AG7: 19 | AH7: 20 | AI7: 21 | AL7: 1 | AM7: 2 | AN7: 3 | AO7: 4 | AP7: 5 | AQ7: 6 | AR7: 7 | AS7: 8 | AT7: 9 | AU7: 10 | AV7: 11 | AW7: 12 | AX7: 13 | AY7: 14 | AZ7: 15 | BA7: 16 | BB7: 17 | BC7: 18 | BD7: 19 | BE7: 20 | BF7: 21 | BI7: 1 | BJ7: 2 | BK7: 3 | BL7: 4 | BM7: 5 | BN7: 6 | BO7: 7 | BP7: 8 | BQ7: 9 | BR7: 10 | BS7: 11 | BT7: 12 | BU7: 13 | BV7: 14 | BW7: 15 | BX7: 16 | BY7: 17 | BZ7: 18 | CA7: 19 | CB7: 20 | CD7: 21 | CG7: 1 | CH7: 2 | CI7: 3 | CJ7: 4 | CK7: 5 | CL7: 6 | CM7: 7 | CN7: 8 | CO7: 9 | CP7: 10 | CQ7: 11 | CR7: 12
D8: Total Class | E8: OverAll Att. % | F8: Att. 50% | G8: Att. 30% | H8: 46104 | I8: 46105 | J8: 46106 | K8: 46107 | L8: 46111 | M8: MARCH CLASS | N8: MAR % | O8: 46113 | P8: 46114 | Q8: 46115 | R8: 46118 | S8: 46119 | T8: 46120 | U8: 46121 | V8: 46122 | W8: 46125 | X8: 46127 | Y8: 46128 | Z8: 46129 | AA8: 46132 | AB8: 46133 | AC8: 46134 | AD8: 46135 | AE8: 46136 | AF8: 46139 | AG8: 46140 | AH8: 46141 | AI8: 46142 | AJ8: APRIL CLASS | AK8: APRIL % | AL8: 46143 | AM8: 46146 | AN8: 46147 | AO8: 46148 | AP8: 46149 | AQ8: 46150 | AR8: 46153 | AS8: 46154 | AT8: 46155 | AU8: 46156 | AV8: 46157 | AW8: 46160 | AX8: 46161 | AY8: 46162 | AZ8: 46163 | BA8: 46164 | BB8: 46167 | BC8: 46168 | BD8: 46169 | BE8: 46170 | BF8: 46171 | BG8: MAY CLASS | BH8: MAY % | BI8: 46174 | BJ8: 46175 | BK8: 46176 | BL8: 46177 | BM8: 46178 | BN8: 46181 | BO8: 46182 | BP8: 46183 | BQ8: 46184 | BR8: 46185 | BS8: 46188 | BT8: 46189 | BU8: 46190 | BV8: 46191 | BW8: 46192 | BX8: 46195 | BY8: 46196 | BZ8: 46197 | CA8: 46198 | CB8: 46199 | CC8: 46202 | CD8: 46203 | CE8: JUNE CLASS | CF8: JUNE % | CG8: 46204 | CS8: DEC CLASS | CT8: DEC %
A9: S.No. | B9: Enrollment No. | C9: Student Name | D9: =SUM(M9+AJ9+BG9+CE9+CS9) -> 7 | H9: =SUM(H10:H51) -> 0 | I9: =SUM(I10:I51) -> 0 | J9: =SUM(J10:J51) -> 0 | K9: =SUM(K10:K51) -> 0 | L9: =SUM(L10:L51) -> 0 | M9: =COUNTIF(H9:L9,">0") -> 0 | N9: =COUNTIF(H9:L9,">0") -> 0 | O9: =SUM(O10:O51) -> 0 | P9: =SUM(P10:P51) -> 0 | Q9: =SUM(Q10:Q51) -> 0 | R9: =SUM(R10:R51) -> 0 | S9: =SUM(S10:S51) -> 0 | T9: =SUM(T10:T51) -> 0 | U9: =SUM(U10:U51) -> 0 | V9: =SUM(V10:V51) -> 0 | ... AI9: =SUM(AI10:AI51) -> 24 | AJ9: =COUNTIF(O9:AI9,">0") -> 1 | AK9: =SUM(M9+AJ9) -> 1 | AL9: =SUM(AL10:AL51) -> 0 | AM9: =SUM(AM10:AM51) -> 0 | AN9: =SUM(AN10:AN51) -> 0 | AO9: =SUM(AO10:AO51) -> 0 | AP9: =SUM(AP10:AP51) -> 27 | AQ9: =SUM(AQ10:AQ51) -> 0 | AR9: =SUM(AR10:AR51) -> 0 | AS9: =SUM(AS10:AS51) -> 0 | ... BF9: =SUM(BF10:BF51) -> 0 | BG9: =COUNTIF(AL9:BF9,">0") -> 3 | BH9: =SUM(AK9+BG9) -> 4 | BI9: =SUM(BI10:BI51) -> 0 | BJ9: =SUM(BJ10:BJ51) -> 0 | BK9: =SUM(BK10:BK51) -> 0 | BL9: =SUM(BL10:BL51) -> 22 | BM9: =SUM(BM10:BM51) -> 0 | BN9: =SUM(BN10:BN51) -> 0 | BO9: =SUM(BO10:BO51) -> 0 | BP9: =SUM(BP10:BP51) -> 0 | ... CB9: =SUM(CB10:CB51) -> 0 | CC9: =SUM('402'!CC10:CC51) -> 13 | CD9: =SUM(CD10:CD51) -> 0 | CE9: =COUNTIF(BI9:CD9,">0") -> 2 | CF9: =SUM(BH9+CE9) -> 6 | CG9: =SUM(CG11:CG51) -> 32 | CH9: =SUM(CH11:CH51) -> 0 | CI9: =SUM(CI11:CI51) -> 0 | CJ9: =SUM(CJ11:CJ51) -> 0 | CK9: =SUM(CK11:CK51) -> 0 | CL9: =SUM(CL11:CL51) -> 0 | CM9: =SUM(CM11:CM51) -> 0 | CN9: =SUM(CN11:CN51) -> 0 | ... CR9: =SUM(CR11:CR51) -> 0 | CS9: =COUNTIF(CG9:CR9,">0") -> 1 | CT9: =SUM(CF9+CS9) -> 7
A10: 1 | B10: 0827CI231006 | C10: ABHINAV KOURAV | D10: =SUM(M10+AJ10+BG10+CE10+CS10) -> 0 | E10: =(D10)/D$9*100 -> 0 | F10: =IF(E10<50,E10, " ") -> 0 | G10: =IF(E10<30,E10, " ") -> 0 | M10: =SUM(H10:L10) -> 0 | N10: =M10/M$9*100 -> #DIV/0! | AJ10: =SUM(O10:AI10) -> 0 | AK10: =AJ10/AJ$9*100 -> 0 | BG10: =SUM(AL10:BF10) -> 0 | BH10: =BG10/BG$9*100 -> 0 | CE10: =SUM(BI10:CD10) -> 0 | CF10: =CE10/CE$9*100 -> 0 | CS10: =SUM(CG10:CR10) -> 0 | CT10: =CS10/CS$9*100 -> 0
A11: 2 | B11: 0827CI241001 | C11: AANCHAL GUPTA | D11: =SUM(M11+AJ11+BG11+CE11+CS11) -> 5 | E11: =(D11)/D$9*100 -> 71.428571 | F11: =IF(E11<50,E11, " ") | G11: =IF(E11<30,E11, " ") | M11: =SUM(H11:L11) -> 0 | N11: =M11/M$9*100 -> #DIV/0! | AI11: 1 | AJ11: =SUM(O11:AI11) -> 1 | AK11: =AJ11/AJ$9*100 -> 100 | AP11: 1 | BB11: 1 | BG11: =SUM(AL11:BF11) -> 2 | BH11: =BG11/BG$9*100 -> 66.666667 | BL11: 1 | CE11: =SUM(BI11:CD11) -> 1 | CF11: =CE11/CE$9*100 -> 50 | CG11: 1 | CS11: =SUM(CG11:CR11) -> 1 | CT11: =CS11/CS$9*100 -> 100
A12: 3 | B12: 0827CI241002 | C12: AARDRA TRIVEDI | D12: =SUM(M12+AJ12+BG12+CE12+CS12) -> 4 | E12: =(D12)/D$9*100 -> 57.142857 | F12: =IF(E12<50,E12, " ") | G12: =IF(E12<30,E12, " ") | M12: =SUM(H12:L12) -> 0 | N12: =M12/M$9*100 -> #DIV/0! | AJ12: =SUM(O12:AI12) -> 0 | AK12: =AJ12/AJ$9*100 -> 0 | AP12: 1 | AU12: 1 | BG12: =SUM(AL12:BF12) -> 2 | BH12: =BG12/BG$9*100 -> 66.666667 | BL12: 1 | CE12: =SUM(BI12:CD12) -> 1 | CF12: =CE12/CE$9*100 -> 50 | CG12: 1 | CS12: =SUM(CG12:CR12) -> 1 | CT12: =CS12/CS$9*100 -> 100
A13: 4 | B13: 0827CI241003 | C13: AARNA DUBEY | D13: =SUM(M13+AJ13+BG13+CE13+CS13) -> 4 | E13: =(D13)/D$9*100 -> 57.142857 | F13: =IF(E13<50,E13, " ") | G13: =IF(E13<30,E13, " ") | M13: =SUM(H13:L13) -> 0 | N13: =M13/M$9*100 -> #DIV/0! | AJ13: =SUM(O13:AI13) -> 0 | AK13: =AJ13/AJ$9*100 -> 0 | AP13: 1 | AU13: 1 | BG13: =SUM(AL13:BF13) -> 2 | BH13: =BG13/BG$9*100 -> 66.666667 | BL13: 1 | CE13: =SUM(BI13:CD13) -> 1 | CF13: =CE13/CE$9*100 -> 50 | CG13: 1 | CS13: =SUM(CG13:CR13) -> 1 | CT13: =CS13/CS$9*100 -> 100
A14: 5 | B14: 0827CI241004 | C14: AASHI BINDAL | D14: =SUM(M14+AJ14+BG14+CE14+CS14) -> 5 | E14: =(D14)/D$9*100 -> 71.428571 | F14: =IF(E14<50,E14, " ") | G14: =IF(E14<30,E14, " ") | M14: =SUM(H14:L14) -> 0 | N14: =M14/M$9*100 -> #DIV/0! | AI14: 1 | AJ14: =SUM(O14:AI14) -> 1 | AK14: =AJ14/AJ$9*100 -> 100 | AU14: 1 | BB14: 1 | BG14: =SUM(AL14:BF14) -> 2 | BH14: =BG14/BG$9*100 -> 66.666667 | BL14: 1 | CE14: =SUM(BI14:CD14) -> 1 | CF14: =CE14/CE$9*100 -> 50 | CG14: 1 | CS14: =SUM(CG14:CR14) -> 1 | CT14: =CS14/CS$9*100 -> 100
A15: 6 | B15: 0827CI241005 | C15: AASHI SAJJAN | D15: =SUM(M15+AJ15+BG15+CE15+CS15) -> 5 | E15: =(D15)/D$9*100 -> 71.428571 | F15: =IF(E15<50,E15, " ") | G15: =IF(E15<30,E15, " ") | M15: =SUM(H15:L15) -> 0 | N15: =M15/M$9*100 -> #DIV/0! | AI15: 1 | AJ15: =SUM(O15:AI15) -> 1 | AK15: =AJ15/AJ$9*100 -> 100 | AP15: 1 | AU15: 1 | BG15: =SUM(AL15:BF15) -> 2 | BH15: =BG15/BG$9*100 -> 66.666667 | BL15: 1 | CE15: =SUM(BI15:CD15) -> 1 | CF15: =CE15/CE$9*100 -> 50 | CG15: 1 | CS15: =SUM(CG15:CR15) -> 1 | CT15: =CS15/CS$9*100 -> 100
A16: 7 | B16: 0827CI241006 | C16: AAYUSH DHAKAD | D16: =SUM(M16+AJ16+BG16+CE16+CS16) -> 0 | E16: =(D16)/D$9*100 -> 0 | F16: =IF(E16<50,E16, " ") -> 0 | G16: =IF(E16<30,E16, " ") -> 0 | M16: =SUM(H16:L16) -> 0 | N16: =M16/M$9*100 -> #DIV/0! | AJ16: =SUM(O16:AI16) -> 0 | AK16: =AJ16/AJ$9*100 -> 0 | BG16: =SUM(AL16:BF16) -> 0 | BH16: =BG16/BG$9*100 -> 0 | CE16: =SUM(BI16:CD16) -> 0 | CF16: =CE16/CE$9*100 -> 0 | CS16: =SUM(CG16:CR16) -> 0 | CT16: =CS16/CS$9*100 -> 0
A17: 8 | B17: 0827CI241007 | C17: ADARSH PATHADE | D17: =SUM(M17+AJ17+BG17+CE17+CS17) -> 2 | E17: =(D17)/D$9*100 -> 28.571429 | F17: =IF(E17<50,E17, " ") -> 28.571429 | G17: =IF(E17<30,E17, " ") -> 28.571429 | M17: =SUM(H17:L17) -> 0 | N17: =M17/M$9*100 -> #DIV/0! | AI17: 1 | AJ17: =SUM(O17:AI17) -> 1 | AK17: =AJ17/AJ$9*100 -> 100 | BG17: =SUM(AL17:BF17) -> 0 | BH17: =BG17/BG$9*100 -> 0 | CE17: =SUM(BI17:CD17) -> 0 | CF17: =CE17/CE$9*100 -> 0 | CG17: 1 | CS17: =SUM(CG17:CR17) -> 1 | CT17: =CS17/CS$9*100 -> 100
A18: 9 | B18: 0827CI241008 | C18: ADITI MISHRA | D18: =SUM(M18+AJ18+BG18+CE18+CS18) -> 5 | E18: =(D18)/D$9*100 -> 71.428571 | F18: =IF(E18<50,E18, " ") | G18: =IF(E18<30,E18, " ") | M18: =SUM(H18:L18) -> 0 | N18: =M18/M$9*100 -> #DIV/0! | AI18: 1 | AJ18: =SUM(O18:AI18) -> 1 | AK18: =AJ18/AJ$9*100 -> 100 | AP18: 1 | AU18: 1 | BG18: =SUM(AL18:BF18) -> 2 | BH18: =BG18/BG$9*100 -> 66.666667 | BL18: 1 | CE18: =SUM(BI18:CD18) -> 1 | CF18: =CE18/CE$9*100 -> 50 | CG18: 1 | CS18: =SUM(CG18:CR18) -> 1 | CT18: =CS18/CS$9*100 -> 100
A19: 10 | B19: 0827CI241009 | C19: ADITYA TRIPATHI | D19: =SUM(M19+AJ19+BG19+CE19+CS19) -> 3 | E19: =(D19)/D$9*100 -> 42.857143 | F19: =IF(E19<50,E19, " ") -> 42.857143 | G19: =IF(E19<30,E19, " ") | M19: =SUM(H19:L19) -> 0 | N19: =M19/M$9*100 -> #DIV/0! | AI19: 1 | AJ19: =SUM(O19:AI19) -> 1 | AK19: =AJ19/AJ$9*100 -> 100 | AP19: 1 | BG19: =SUM(AL19:BF19) -> 1 | BH19: =BG19/BG$9*100 -> 33.333333 | CE19: =SUM(BI19:CD19) -> 0 | CF19: =CE19/CE$9*100 -> 0 | CG19: 1 | CS19: =SUM(CG19:CR19) -> 1 | CT19: =CS19/CS$9*100 -> 100
A20: 11 | B20: 0827CI241010 | C20: ADWITIYA VERMA | D20: =SUM(M20+AJ20+BG20+CE20+CS20) -> 5 | E20: =(D20)/D$9*100 -> 71.428571 | F20: =IF(E20<50,E20, " ") | G20: =IF(E20<30,E20, " ") | M20: =SUM(H20:L20) -> 0 | N20: =M20/M$9*100 -> #DIV/0! | AI20: 1 | AJ20: =SUM(O20:AI20) -> 1 | AK20: =AJ20/AJ$9*100 -> 100 | AP20: 1 | AU20: 1 | BG20: =SUM(AL20:BF20) -> 2 | BH20: =BG20/BG$9*100 -> 66.666667 | BL20: 1 | CE20: =SUM(BI20:CD20) -> 1 | CF20: =CE20/CE$9*100 -> 50 | CG20: 1 | CS20: =SUM(CG20:CR20) -> 1 | CT20: =CS20/CS$9*100 -> 100
A21: 12 | B21: 0827CI241011 | C21: AKSHADA ANDHALE | D21: =SUM(M21+AJ21+BG21+CE21+CS21) -> 2 | E21: =(D21)/D$9*100 -> 28.571429 | F21: =IF(E21<50,E21, " ") -> 28.571429 | G21: =IF(E21<30,E21, " ") -> 28.571429 | M21: =SUM(H21:L21) -> 0 | N21: =M21/M$9*100 -> #DIV/0! | AJ21: =SUM(O21:AI21) -> 0 | AK21: =AJ21/AJ$9*100 -> 0 | AP21: 1 | AU21: 1 | BG21: =SUM(AL21:BF21) -> 2 | BH21: =BG21/BG$9*100 -> 66.666667 | CE21: =SUM(BI21:CD21) -> 0 | CF21: =CE21/CE$9*100 -> 0 | CS21: =SUM(CG21:CR21) -> 0 | CT21: =CS21/CS$9*100 -> 0
A22: 13 | B22: 0827CI241012 | C22: AKSHARA MANDLIYA | D22: =SUM(M22+AJ22+BG22+CE22+CS22) -> 5 | E22: =(D22)/D$9*100 -> 71.428571 | F22: =IF(E22<50,E22, " ") | G22: =IF(E22<30,E22, " ") | M22: =SUM(H22:L22) -> 0 | N22: =M22/M$9*100 -> #DIV/0! | AI22: 1 | AJ22: =SUM(O22:AI22) -> 1 | AK22: =AJ22/AJ$9*100 -> 100 | AP22: 1 | AU22: 1 | BG22: =SUM(AL22:BF22) -> 2 | BH22: =BG22/BG$9*100 -> 66.666667 | BL22: 1 | CE22: =SUM(BI22:CD22) -> 1 | CF22: =CE22/CE$9*100 -> 50 | CG22: 1 | CS22: =SUM(CG22:CR22) -> 1 | CT22: =CS22/CS$9*100 -> 100
A23: 14 | B23: 0827CI241013 | C23: ALOK KUMAWAT | D23: =SUM(M23+AJ23+BG23+CE23+CS23) -> 5 | E23: =(D23)/D$9*100 -> 71.428571 | F23: =IF(E23<50,E23, " ") | G23: =IF(E23<30,E23, " ") | M23: =SUM(H23:L23) -> 0 | N23: =M23/M$9*100 -> #DIV/0! | AI23: 1 | AJ23: =SUM(O23:AI23) -> 1 | AK23: =AJ23/AJ$9*100 -> 100 | AP23: 1 | AU23: 1 | BG23: =SUM(AL23:BF23) -> 2 | BH23: =BG23/BG$9*100 -> 66.666667 | BL23: 1 | CE23: =SUM(BI23:CD23) -> 1 | CF23: =CE23/CE$9*100 -> 50 | CG23: 1 | CS23: =SUM(CG23:CR23) -> 1 | CT23: =CS23/CS$9*100 -> 100
A24: 15 | B24: 0827CI241014 | C24: ANANYA AGRAWAL | D24: =SUM(M24+AJ24+BG24+CE24+CS24) -> 2 | E24: =(D24)/D$9*100 -> 28.571429 | F24: =IF(E24<50,E24, " ") -> 28.571429 | G24: =IF(E24<30,E24, " ") -> 28.571429 | M24: =SUM(H24:L24) -> 0 | N24: =M24/M$9*100 -> #DIV/0! | AJ24: =SUM(O24:AI24) -> 0 | AK24: =AJ24/AJ$9*100 -> 0 | AU24: 1 | BG24: =SUM(AL24:BF24) -> 1 | BH24: =BG24/BG$9*100 -> 33.333333 | CE24: =SUM(BI24:CD24) -> 0 | CF24: =CE24/CE$9*100 -> 0 | CG24: 1 | CS24: =SUM(CG24:CR24) -> 1 | CT24: =CS24/CS$9*100 -> 100
A25: 16 | B25: 0827CI241015 | C25: ANANYA YADAV | D25: =SUM(M25+AJ25+BG25+CE25+CS25) -> 4 | E25: =(D25)/D$9*100 -> 57.142857 | F25: =IF(E25<50,E25, " ") | G25: =IF(E25<30,E25, " ") | M25: =SUM(H25:L25) -> 0 | N25: =M25/M$9*100 -> #DIV/0! | AJ25: =SUM(O25:AI25) -> 0 | AK25: =AJ25/AJ$9*100 -> 0 | AP25: 1 | AU25: 1 | BG25: =SUM(AL25:BF25) -> 2 | BH25: =BG25/BG$9*100 -> 66.666667 | BL25: 1 | CE25: =SUM(BI25:CD25) -> 1 | CF25: =CE25/CE$9*100 -> 50 | CG25: 1 | CS25: =SUM(CG25:CR25) -> 1 | CT25: =CS25/CS$9*100 -> 100
A26: 17 | B26: 0827CI241016 | C26: ANJALI KHANDELWAL | D26: =SUM(M26+AJ26+BG26+CE26+CS26) -> 3 | E26: =(D26)/D$9*100 -> 42.857143 | F26: =IF(E26<50,E26, " ") -> 42.857143 | G26: =IF(E26<30,E26, " ") | M26: =SUM(H26:L26) -> 0 | N26: =M26/M$9*100 -> #DIV/0! | AI26: 1 | AJ26: =SUM(O26:AI26) -> 1 | AK26: =AJ26/AJ$9*100 -> 100 | AU26: 1 | BG26: =SUM(AL26:BF26) -> 1 | BH26: =BG26/BG$9*100 -> 33.333333 | CE26: =SUM(BI26:CD26) -> 0 | CF26: =CE26/CE$9*100 -> 0 | CG26: 1 | CS26: =SUM(CG26:CR26) -> 1 | CT26: =CS26/CS$9*100 -> 100
A27: 18 | B27: 0827CI241017 | C27: ANMOL MANDLAWADIA | D27: =SUM(M27+AJ27+BG27+CE27+CS27) -> 1 | E27: =(D27)/D$9*100 -> 14.285714 | F27: =IF(E27<50,E27, " ") -> 14.285714 | G27: =IF(E27<30,E27, " ") -> 14.285714 | M27: =SUM(H27:L27) -> 0 | N27: =M27/M$9*100 -> #DIV/0! | AJ27: =SUM(O27:AI27) -> 0 | AK27: =AJ27/AJ$9*100 -> 0 | BG27: =SUM(AL27:BF27) -> 0 | BH27: =BG27/BG$9*100 -> 0 | BL27: 1 | CE27: =SUM(BI27:CD27) -> 1 | CF27: =CE27/CE$9*100 -> 50 | CS27: =SUM(CG27:CR27) -> 0 | CT27: =CS27/CS$9*100 -> 0
A28: 19 | B28: 0827CI241018 | C28: ANMOL SINGH BASSAN | D28: =SUM(M28+AJ28+BG28+CE28+CS28) -> 5 | E28: =(D28)/D$9*100 -> 71.428571 | F28: =IF(E28<50,E28, " ") | G28: =IF(E28<30,E28, " ") | M28: =SUM(H28:L28) -> 0 | N28: =M28/M$9*100 -> #DIV/0! | AI28: 1 | AJ28: =SUM(O28:AI28) -> 1 | AK28: =AJ28/AJ$9*100 -> 100 | AP28: 1 | AU28: 1 | BG28: =SUM(AL28:BF28) -> 2 | BH28: =BG28/BG$9*100 -> 66.666667 | BL28: 1 | CE28: =SUM(BI28:CD28) -> 1 | CF28: =CE28/CE$9*100 -> 50 | CG28: 1 | CS28: =SUM(CG28:CR28) -> 1 | CT28: =CS28/CS$9*100 -> 100
A29: 20 | B29: 0827CI241019 | C29: ANSHIKA KHARE | D29: =SUM(M29+AJ29+BG29+CE29+CS29) -> 4 | E29: =(D29)/D$9*100 -> 57.142857 | F29: =IF(E29<50,E29, " ") | G29: =IF(E29<30,E29, " ") | M29: =SUM(H29:L29) -> 0 | N29: =M29/M$9*100 -> #DIV/0! | AI29: 1 | AJ29: =SUM(O29:AI29) -> 1 | AK29: =AJ29/AJ$9*100 -> 100 | AP29: 1 | AU29: 1 | BG29: =SUM(AL29:BF29) -> 2 | BH29: =BG29/BG$9*100 -> 66.666667 | CE29: =SUM(BI29:CD29) -> 0 | CF29: =CE29/CE$9*100 -> 0 | CG29: 1 | CS29: =SUM(CG29:CR29) -> 1 | CT29: =CS29/CS$9*100 -> 100
A30: 21 | B30: 0827CI241020 | C30: ANSHIKA SHRIVASTAV | D30: =SUM(M30+AJ30+BG30+CE30+CS30) -> 0 | E30: =(D30)/D$9*100 -> 0 | F30: =IF(E30<50,E30, " ") -> 0 | G30: =IF(E30<30,E30, " ") -> 0 | M30: =SUM(H30:L30) -> 0 | N30: =M30/M$9*100 -> #DIV/0! | AJ30: =SUM(O30:AI30) -> 0 | AK30: =AJ30/AJ$9*100 -> 0 | BG30: =SUM(AL30:BF30) -> 0 | BH30: =BG30/BG$9*100 -> 0 | CE30: =SUM(BI30:CD30) -> 0 | CF30: =CE30/CE$9*100 -> 0 | CS30: =SUM(CG30:CR30) -> 0 | CT30: =CS30/CS$9*100 -> 0
A31: 22 | B31: 0827CI241021 | C31: ANUJ MALVIYA | D31: =SUM(M31+AJ31+BG31+CE31+CS31) -> 5 | E31: =(D31)/D$9*100 -> 71.428571 | F31: =IF(E31<50,E31, " ") | G31: =IF(E31<30,E31, " ") | M31: =SUM(H31:L31) -> 0 | N31: =M31/M$9*100 -> #DIV/0! | AI31: 1 | AJ31: =SUM(O31:AI31) -> 1 | AK31: =AJ31/AJ$9*100 -> 100 | AP31: 1 | AU31: 1 | BG31: =SUM(AL31:BF31) -> 2 | BH31: =BG31/BG$9*100 -> 66.666667 | BL31: 1 | CE31: =SUM(BI31:CD31) -> 1 | CF31: =CE31/CE$9*100 -> 50 | CG31: 1 | CS31: =SUM(CG31:CR31) -> 1 | CT31: =CS31/CS$9*100 -> 100
A32: 23 | B32: 0827CI241022 | C32: ANURAG CHOUDHARY | D32: =SUM(M32+AJ32+BG32+CE32+CS32) -> 2 | E32: =(D32)/D$9*100 -> 28.571429 | F32: =IF(E32<50,E32, " ") -> 28.571429 | G32: =IF(E32<30,E32, " ") -> 28.571429 | M32: =SUM(H32:L32) -> 0 | N32: =M32/M$9*100 -> #DIV/0! | AJ32: =SUM(O32:AI32) -> 0 | AK32: =AJ32/AJ$9*100 -> 0 | AP32: 1 | BG32: =SUM(AL32:BF32) -> 1 | BH32: =BG32/BG$9*100 -> 33.333333 | CE32: =SUM(BI32:CD32) -> 0 | CF32: =CE32/CE$9*100 -> 0 | CG32: 1 | CS32: =SUM(CG32:CR32) -> 1 | CT32: =CS32/CS$9*100 -> 100
A33: 24 | B33: 0827CI241023 | C33: ANUSHKA SISODIYA | D33: =SUM(M33+AJ33+BG33+CE33+CS33) -> 4 | E33: =(D33)/D$9*100 -> 57.142857 | F33: =IF(E33<50,E33, " ") | G33: =IF(E33<30,E33, " ") | M33: =SUM(H33:L33) -> 0 | N33: =M33/M$9*100 -> #DIV/0! | AJ33: =SUM(O33:AI33) -> 0 | AK33: =AJ33/AJ$9*100 -> 0 | AP33: 1 | AU33: 1 | BG33: =SUM(AL33:BF33) -> 2 | BH33: =BG33/BG$9*100 -> 66.666667 | BL33: 1 | CE33: =SUM(BI33:CD33) -> 1 | CF33: =CE33/CE$9*100 -> 50 | CG33: 1 | CS33: =SUM(CG33:CR33) -> 1 | CT33: =CS33/CS$9*100 -> 100
A34: 25 | B34: 0827CI241024 | C34: ARNAV TIWARI | D34: =SUM(M34+AJ34+BG34+CE34+CS34) -> 6 | E34: =(D34)/D$9*100 -> 85.714286 | F34: =IF(E34<50,E34, " ") | G34: =IF(E34<30,E34, " ") | M34: =SUM(H34:L34) -> 0 | N34: =M34/M$9*100 -> #DIV/0! | AI34: 1 | AJ34: =SUM(O34:AI34) -> 1 | AK34: =AJ34/AJ$9*100 -> 100 | AP34: 1 | AU34: 1 | BB34: 1 | BG34: =SUM(AL34:BF34) -> 3 | BH34: =BG34/BG$9*100 -> 100 | BL34: 1 | CE34: =SUM(BI34:CD34) -> 1 | CF34: =CE34/CE$9*100 -> 50 | CG34: 1 | CS34: =SUM(CG34:CR34) -> 1 | CT34: =CS34/CS$9*100 -> 100
A35: 26 | B35: 0827CI241025 | C35: ARVIND RUHELA | D35: =SUM(M35+AJ35+BG35+CE35+CS35) -> 2 | E35: =(D35)/D$9*100 -> 28.571429 | F35: =IF(E35<50,E35, " ") -> 28.571429 | G35: =IF(E35<30,E35, " ") -> 28.571429 | M35: =SUM(H35:L35) -> 0 | N35: =M35/M$9*100 -> #DIV/0! | AJ35: =SUM(O35:AI35) -> 0 | AK35: =AJ35/AJ$9*100 -> 0 | BG35: =SUM(AL35:BF35) -> 0 | BH35: =BG35/BG$9*100 -> 0 | BL35: 1 | CE35: =SUM(BI35:CD35) -> 1 | CF35: =CE35/CE$9*100 -> 50 | CG35: 1 | CS35: =SUM(CG35:CR35) -> 1 | CT35: =CS35/CS$9*100 -> 100
A36: 27 | B36: 0827CI241026 | C36: ASHU GARG | D36: =SUM(M36+AJ36+BG36+CE36+CS36) -> 3 | E36: =(D36)/D$9*100 -> 42.857143 | F36: =IF(E36<50,E36, " ") -> 42.857143 | G36: =IF(E36<30,E36, " ") | M36: =SUM(H36:L36) -> 0 | N36: =M36/M$9*100 -> #DIV/0! | AI36: 1 | AJ36: =SUM(O36:AI36) -> 1 | AK36: =AJ36/AJ$9*100 -> 100 | AP36: 1 | BG36: =SUM(AL36:BF36) -> 1 | BH36: =BG36/BG$9*100 -> 33.333333 | CE36: =SUM(BI36:CD36) -> 0 | CF36: =CE36/CE$9*100 -> 0 | CG36: 1 | CS36: =SUM(CG36:CR36) -> 1 | CT36: =CS36/CS$9*100 -> 100
A37: 28 | B37: 0827CI241027 | C37: ASHWIN PATEL | D37: =SUM(M37+AJ37+BG37+CE37+CS37) -> 4 | E37: =(D37)/D$9*100 -> 57.142857 | F37: =IF(E37<50,E37, " ") | G37: =IF(E37<30,E37, " ") | M37: =SUM(H37:L37) -> 0 | N37: =M37/M$9*100 -> #DIV/0! | AI37: 1 | AJ37: =SUM(O37:AI37) -> 1 | AK37: =AJ37/AJ$9*100 -> 100 | AP37: 1 | AU37: 1 | BG37: =SUM(AL37:BF37) -> 2 | BH37: =BG37/BG$9*100 -> 66.666667 | BL37: 1 | CE37: =SUM(BI37:CD37) -> 1 | CF37: =CE37/CE$9*100 -> 50 | CS37: =SUM(CG37:CR37) -> 0 | CT37: =CS37/CS$9*100 -> 0
A38: 29 | B38: 0827CI241028 | C38: AYUSH CHOUHAN | D38: =SUM(M38+AJ38+BG38+CE38+CS38) -> 4 | E38: =(D38)/D$9*100 -> 57.142857 | F38: =IF(E38<50,E38, " ") | G38: =IF(E38<30,E38, " ") | M38: =SUM(H38:L38) -> 0 | N38: =M38/M$9*100 -> #DIV/0! | AI38: 1 | AJ38: =SUM(O38:AI38) -> 1 | AK38: =AJ38/AJ$9*100 -> 100 | AP38: 1 | AU38: 1 | BG38: =SUM(AL38:BF38) -> 2 | BH38: =BG38/BG$9*100 -> 66.666667 | CE38: =SUM(BI38:CD38) -> 0 | CF38: =CE38/CE$9*100 -> 0 | CG38: 1 | CS38: =SUM(CG38:CR38) -> 1 | CT38: =CS38/CS$9*100 -> 100
A39: 30 | B39: 0827CI241029 | C39: AYUSHI DOSHI | D39: =SUM(M39+AJ39+BG39+CE39+CS39) -> 6 | E39: =(D39)/D$9*100 -> 85.714286 | F39: =IF(E39<50,E39, " ") | G39: =IF(E39<30,E39, " ") | M39: =SUM(H39:L39) -> 0 | N39: =M39/M$9*100 -> #DIV/0! | AI39: 1 | AJ39: =SUM(O39:AI39) -> 1 | AK39: =AJ39/AJ$9*100 -> 100 | AP39: 1 | AU39: 1 | BB39: 1 | BG39: =SUM(AL39:BF39) -> 3 | BH39: =BG39/BG$9*100 -> 100 | BL39: 1 | CE39: =SUM(BI39:CD39) -> 1 | CF39: =CE39/CE$9*100 -> 50 | CG39: 1 | CS39: =SUM(CG39:CR39) -> 1 | CT39: =CS39/CS$9*100 -> 100
A40: 31 | B40: 0827CI241030 | C40: BHAGYESH JAIN | D40: =SUM(M40+AJ40+BG40+CE40+CS40) -> 3 | E40: =(D40)/D$9*100 -> 42.857143 | F40: =IF(E40<50,E40, " ") -> 42.857143 | G40: =IF(E40<30,E40, " ") | M40: =SUM(H40:L40) -> 0 | N40: =M40/M$9*100 -> #DIV/0! | AI40: 1 | AJ40: =SUM(O40:AI40) -> 1 | AK40: =AJ40/AJ$9*100 -> 100 | BG40: =SUM(AL40:BF40) -> 0 | BH40: =BG40/BG$9*100 -> 0 | BL40: 1 | CE40: =SUM(BI40:CD40) -> 1 | CF40: =CE40/CE$9*100 -> 50 | CG40: 1 | CS40: =SUM(CG40:CR40) -> 1 | CT40: =CS40/CS$9*100 -> 100
A41: 32 | B41: 0827CI241031 | C41: CHAVAN SHAIFALI KARTIK | D41: =SUM(M41+AJ41+BG41+CE41+CS41) -> 2 | E41: =(D41)/D$9*100 -> 28.571429 | F41: =IF(E41<50,E41, " ") -> 28.571429 | G41: =IF(E41<30,E41, " ") -> 28.571429 | M41: =SUM(H41:L41) -> 0 | N41: =M41/M$9*100 -> #DIV/0! | AJ41: =SUM(O41:AI41) -> 0 | AK41: =AJ41/AJ$9*100 -> 0 | AU41: 1 | BG41: =SUM(AL41:BF41) -> 1 | BH41: =BG41/BG$9*100 -> 33.333333 | CE41: =SUM(BI41:CD41) -> 0 | CF41: =CE41/CE$9*100 -> 0 | CG41: 1 | CS41: =SUM(CG41:CR41) -> 1 | CT41: =CS41/CS$9*100 -> 100
A42: 33 | B42: 0827CI241032 | C42: DAKSH OJHA | D42: =SUM(M42+AJ42+BG42+CE42+CS42) -> 2 | E42: =(D42)/D$9*100 -> 28.571429 | F42: =IF(E42<50,E42, " ") -> 28.571429 | G42: =IF(E42<30,E42, " ") -> 28.571429 | M42: =SUM(H42:L42) -> 0 | N42: =M42/M$9*100 -> #DIV/0! | AJ42: =SUM(O42:AI42) -> 0 | AK42: =AJ42/AJ$9*100 -> 0 | AP42: 1 | BG42: =SUM(AL42:BF42) -> 1 | BH42: =BG42/BG$9*100 -> 33.333333 | CE42: =SUM(BI42:CD42) -> 0 | CF42: =CE42/CE$9*100 -> 0 | CG42: 1 | CS42: =SUM(CG42:CR42) -> 1 | CT42: =CS42/CS$9*100 -> 100
A43: 34 | B43: 0827CI241033 | C43: DEVKRISHNA PUROHIT | D43: =SUM(M43+AJ43+BG43+CE43+CS43) -> 0 | E43: =(D43)/D$9*100 -> 0 | F43: =IF(E43<50,E43, " ") -> 0 | G43: =IF(E43<30,E43, " ") -> 0 | M43: =SUM(H43:L43) -> 0 | N43: =M43/M$9*100 -> #DIV/0! | AJ43: =SUM(O43:AI43) -> 0 | AK43: =AJ43/AJ$9*100 -> 0 | BG43: =SUM(AL43:BF43) -> 0 | BH43: =BG43/BG$9*100 -> 0 | CE43: =SUM(BI43:CD43) -> 0 | CF43: =CE43/CE$9*100 -> 0 | CS43: =SUM(CG43:CR43) -> 0 | CT43: =CS43/CS$9*100 -> 0
A44: 35 | B44: 0827CI241034 | C44: DEWANSHI GAIKWAD | D44: =SUM(M44+AJ44+BG44+CE44+CS44) -> 2 | E44: =(D44)/D$9*100 -> 28.571429 | F44: =IF(E44<50,E44, " ") -> 28.571429 | G44: =IF(E44<30,E44, " ") -> 28.571429 | M44: =SUM(H44:L44) -> 0 | N44: =M44/M$9*100 -> #DIV/0! | AI44: 1 | AJ44: =SUM(O44:AI44) -> 1 | AK44: =AJ44/AJ$9*100 -> 100 | AP44: 1 | BG44: =SUM(AL44:BF44) -> 1 | BH44: =BG44/BG$9*100 -> 33.333333 | CE44: =SUM(BI44:CD44) -> 0 | CF44: =CE44/CE$9*100 -> 0 | CS44: =SUM(CG44:CR44) -> 0 | CT44: =CS44/CS$9*100 -> 0
A45: 36 | B45: 0827CI241035 | C45: DHRUV KUSHWAH | D45: =SUM(M45+AJ45+BG45+CE45+CS45) -> 5 | E45: =(D45)/D$9*100 -> 71.428571 | F45: =IF(E45<50,E45, " ") | G45: =IF(E45<30,E45, " ") | M45: =SUM(H45:L45) -> 0 | N45: =M45/M$9*100 -> #DIV/0! | AJ45: =SUM(O45:AI45) -> 0 | AK45: =AJ45/AJ$9*100 -> 0 | AP45: 1 | AU45: 1 | BB45: 1 | BG45: =SUM(AL45:BF45) -> 3 | BH45: =BG45/BG$9*100 -> 100 | BL45: 1 | CE45: =SUM(BI45:CD45) -> 1 | CF45: =CE45/CE$9*100 -> 50 | CG45: 1 | CS45: =SUM(CG45:CR45) -> 1 | CT45: =CS45/CS$9*100 -> 100
A46: 37 | B46: 0827CI241036 | C46: DISHA BHAWSAR | D46: =SUM(M46+AJ46+BG46+CE46+CS46) -> 4 | E46: =(D46)/D$9*100 -> 57.142857 | F46: =IF(E46<50,E46, " ") | G46: =IF(E46<30,E46, " ") | M46: =SUM(H46:L46) -> 0 | N46: =M46/M$9*100 -> #DIV/0! | AI46: 1 | AJ46: =SUM(O46:AI46) -> 1 | AK46: =AJ46/AJ$9*100 -> 100 | AP46: 1 | AU46: 1 | BG46: =SUM(AL46:BF46) -> 2 | BH46: =BG46/BG$9*100 -> 66.666667 | CE46: =SUM(BI46:CD46) -> 0 | CF46: =CE46/CE$9*100 -> 0 | CG46: 1 | CS46: =SUM(CG46:CR46) -> 1 | CT46: =CS46/CS$9*100 -> 100
A47: 38 | B47: 0827CI241037 | C47: DIVY SHAH | D47: =SUM(M47+AJ47+BG47+CE47+CS47) -> 0 | E47: =(D47)/D$9*100 -> 0 | F47: =IF(E47<50,E47, " ") -> 0 | G47: =IF(E47<30,E47, " ") -> 0 | M47: =SUM(H47:L47) -> 0 | N47: =M47/M$9*100 -> #DIV/0! | AJ47: =SUM(O47:AI47) -> 0 | AK47: =AJ47/AJ$9*100 -> 0 | BG47: =SUM(AL47:BF47) -> 0 | BH47: =BG47/BG$9*100 -> 0 | CE47: =SUM(BI47:CD47) -> 0 | CF47: =CE47/CE$9*100 -> 0 | CS47: =SUM(CG47:CR47) -> 0 | CT47: =CS47/CS$9*100 -> 0
A48: 39 | B48: 0827CI241038 | C48: FARHIN KHAN | D48: =SUM(M48+AJ48+BG48+CE48+CS48) -> 2 | E48: =(D48)/D$9*100 -> 28.571429 | F48: =IF(E48<50,E48, " ") -> 28.571429 | G48: =IF(E48<30,E48, " ") -> 28.571429 | M48: =SUM(H48:L48) -> 0 | N48: =M48/M$9*100 -> #DIV/0! | AI48: 1 | AJ48: =SUM(O48:AI48) -> 1 | AK48: =AJ48/AJ$9*100 -> 100 | AP48: 1 | BG48: =SUM(AL48:BF48) -> 1 | BH48: =BG48/BG$9*100 -> 33.333333 | CE48: =SUM(BI48:CD48) -> 0 | CF48: =CE48/CE$9*100 -> 0 | CG48: 1
A49: 40 | B49: 0827CI241039 | C49: GANESH KUSHWAH | D49: =SUM(M49+AJ49+BG49+CE49+CS49) -> 0 | E49: =(D49)/D$9*100 -> 0 | F49: =IF(E49<50,E49, " ") -> 0 | G49: =IF(E49<30,E49, " ") -> 0 | M49: =SUM(H49:L49) -> 0 | N49: =M49/M$9*100 -> #DIV/0! | AJ49: =SUM(O49:AI49) -> 0 | AK49: =AJ49/AJ$9*100 -> 0 | BG49: =SUM(AL49:BF49) -> 0 | BH49: =BG49/BG$9*100 -> 0 | CE49: =SUM(BI49:CD49) -> 0 | CF49: =CE49/CE$9*100 -> 0
A50: 41 | B50: 0827CI241040 | C50: GARVIT KALA | D50: =SUM(M50+AJ50+BG50+CE50+CS50) -> 4 | E50: =(D50)/D$9*100 -> 57.142857 | F50: =IF(E50<50,E50, " ") | G50: =IF(E50<30,E50, " ") | M50: =SUM(H50:L50) -> 0 | N50: =M50/M$9*100 -> #DIV/0! | AI50: 1 | AJ50: =SUM(O50:AI50) -> 1 | AK50: =AJ50/AJ$9*100 -> 100 | AU50: 1 | BG50: =SUM(AL50:BF50) -> 1 | BH50: =BG50/BG$9*100 -> 33.333333 | BL50: 1 | CE50: =SUM(BI50:CD50) -> 1 | CF50: =CE50/CE$9*100 -> 50 | CG50: 1 | CS50: =SUM(CG50:CR50) -> 1 | CT50: =CS50/CS$9*100 -> 100
A51: 42 | B51: 0827CI241041 | C51: GOURANSH UJJAINIYA | D51: =SUM(M51+AJ51+BG51+CE51+CS51) -> 5 | E51: =(D51)/D$9*100 -> 71.428571 | F51: =IF(E51<50,E51, " ") | G51: =IF(E51<30,E51, " ") | M51: =SUM(H51:L51) -> 0 | N51: =M51/M$51*100 -> #DIV/0! | AI51: 1 | AJ51: =SUM(O51:AI51) -> 1 | AK51: =AJ51/AJ$9*100 -> 100 | AP51: 1 | BB51: 1 | BG51: =SUM(AL51:BF51) -> 2 | BH51: =BG51/BG$9*100 -> 66.666667 | BL51: 1 | CE51: =SUM(BI51:CD51) -> 1 | CF51: =CE51/CE$9*100 -> 50 | CG51: 1 | CS51: =SUM(CG51:CR51) -> 1 | CT51: =CS51/CS$9*100 -> 100
A52: BATCH 2 | D52: =SUM(M52+AJ52+BG52+CE52+CS52) -> 10 | H52: =SUM(H53:H93) -> 0 | I52: =SUM(I53:I93) -> 0 | J52: =SUM(J53:J93) -> 0 | K52: =SUM(K53:K93) -> 0 | L52: =SUM(L53:L93) -> 0 | M52: =COUNTIF(H52:L52,">0") -> 0 | N52: =COUNTIF(H52:L52,">0") -> 0 | O52: =SUM(O53:O93) -> 0 | P52: =SUM(P53:P93) -> 0 | Q52: =SUM(Q53:Q93) -> 0 | R52: =SUM(R53:R93) -> 0 | S52: =SUM(S53:S93) -> 0 | T52: =SUM(T53:T93) -> 0 | U52: =SUM(U53:U93) -> 0 | V52: =SUM(V53:V93) -> 0 | ... AI52: =SUM(AI53:AI93) -> 0 | AJ52: =COUNTIF(O52:AI52,">0") -> 3 | AK52: =SUM(M52+AJ52) -> 3 | AL52: =SUM(AL53:AL93) -> 0 | AM52: =SUM(AM53:AM93) -> 20 | AN52: =SUM(AN53:AN93) -> 0 | AO52: =SUM(AO53:AO93) -> 0 | AP52: =SUM(AP53:AP93) -> 0 | AQ52: =SUM(AQ53:AQ93) -> 0 | AR52: =SUM(AR53:AR93) -> 16 | AS52: =SUM(AS53:AS93) -> 0 | ... BF52: =SUM(BF53:BF93) -> 0 | BG52: =COUNTIF(AL52:BF52,">0") -> 3 | BH52: =SUM(AK52+BG52) -> 6 | BI52: =SUM(BI53:BI93) -> 20 | BJ52: =SUM(BJ53:BJ93) -> 0 | BK52: =SUM(BK53:BK93) -> 0 | BL52: =SUM(BL53:BL93) -> 0 | BM52: =SUM(BM53:BM93) -> 0 | BN52: =SUM(BN53:BN93) -> 0 | BO52: =SUM(BO53:BO93) -> 0 | BP52: =SUM(BP53:BP93) -> 0 | ... CD52: =SUM(CD53:CD93) -> 0 | CE52: =COUNTIF(BI52:CD52,">0") -> 4 | CF52: =SUM(BH52+CE52) -> 10 | CG52: =SUM(CG53:CG91) -> 0 | CH52: =SUM(CH53:CH91) -> 0 | CI52: =SUM(CI53:CI91) -> 0 | CJ52: =SUM(CJ53:CJ91) -> 0 | CK52: =SUM(CK53:CK91) -> 0 | CL52: =SUM(CL53:CL91) -> 0 | CM52: =SUM(CM53:CM91) -> 0 | CN52: =SUM(CN53:CN91) -> 0 | ... CR52: =SUM(CR53:CR91) -> 0 | CS52: =COUNTIF(CG52:CR52,">0") -> 0 | CT52: =SUM(CF52+CS52) -> 10
A53: 43 | B53: 0827CI241042 | C53: GOURAV PARMAR | D53: =SUM(M53+AJ53+BG53+CE53+CS53) -> 4 | E53: =(D53)/D$52*100 -> 40 | F53: =IF(E53<50,E53, " ") -> 40 | G53: =IF(E53<30,E53, " ") | M53: =SUM(H53:L53) -> 0 | N53: =M53/M$52*100 -> #DIV/0! | AF53: 1 | AJ53: =SUM(O53:AI53) -> 1 | AK53: =AJ53/AJ$52*100 -> 33.333333 | AR53: 1 | BG53: =SUM(AL53:BF53) -> 1 | BH53: =BG53/BG$52*100 -> 33.333333 | BS53: 1 | CC53: 1 | CE53: =SUM(BI53:CD53) -> 2 | CF53: =CE53/CE$9*100 -> 100 | CS53: =SUM(CG53:CR53) -> 0 | CT53: =CS53/CS$9*100 -> 0
A54: 44 | B54: 0827CI241043 | C54: GUNJAN KOSE | D54: =SUM(M54+AJ54+BG54+CE54+CS54) -> 6 | E54: =(D54)/D$52*100 -> 60 | F54: =IF(E54<50,E54, " ") | G54: =IF(E54<30,E54, " ") | M54: =SUM(H54:L54) -> 0 | N54: =M54/M$52*100 -> #DIV/0! | W54: 1 | AF54: 1 | AJ54: =SUM(O54:AI54) -> 2 | AK54: =AJ54/AJ$52*100 -> 66.666667 | AR54: 1 | BG54: =SUM(AL54:BF54) -> 1 | BH54: =BG54/BG$52*100 -> 33.333333 | BI54: 1 | BS54: 1 | CC54: 1 | CE54: =SUM(BI54:CD54) -> 3 | CF54: =CE54/CE$9*100 -> 150 | CS54: =SUM(CG54:CR54) -> 0 | CT54: =CS54/CS$9*100 -> 0
A55: 45 | B55: 0827CI241044 | C55: HARIPRIYA GUPTA | D55: =SUM(M55+AJ55+BG55+CE55+CS55) -> 5 | E55: =(D55)/D$52*100 -> 50 | F55: =IF(E55<50,E55, " ") | G55: =IF(E55<30,E55, " ") | M55: =SUM(H55:L55) -> 0 | N55: =M55/M$52*100 -> #DIV/0! | W55: 1 | AF55: 1 | AJ55: =SUM(O55:AI55) -> 2 | AK55: =AJ55/AJ$52*100 -> 66.666667 | AR55: 1 | BG55: =SUM(AL55:BF55) -> 1 | BH55: =BG55/BG$52*100 -> 33.333333 | BS55: 1 | CC55: 1 | CE55: =SUM(BI55:CD55) -> 2 | CF55: =CE55/CE$9*100 -> 100 | CS55: =SUM(CG55:CR55) -> 0 | CT55: =CS55/CS$9*100 -> 0
A56: 46 | B56: 0827CI241045 | C56: HARSH VARDHAN SINGH | D56: =SUM(M56+AJ56+BG56+CE56+CS56) -> 6 | E56: =(D56)/D$52*100 -> 60 | F56: =IF(E56<50,E56, " ") | G56: =IF(E56<30,E56, " ") | M56: =SUM(H56:L56) -> 0 | N56: =M56/M$52*100 -> #DIV/0! | AA56: 1 | AJ56: =SUM(O56:AI56) -> 1 | AK56: =AJ56/AJ$52*100 -> 33.333333 | AM56: 1 | BG56: =SUM(AL56:BF56) -> 1 | BH56: =BG56/BG$52*100 -> 33.333333 | BI56: 1 | BS56: 1 | BX56: 1 | CC56: 1 | CE56: =SUM(BI56:CD56) -> 4 | CF56: =CE56/CE$9*100 -> 200 | CS56: =SUM(CG56:CR56) -> 0 | CT56: =CS56/CS$9*100 -> 0
A57: 47 | B57: 0827CI241046 | C57: HARSHIT SINGHI | D57: =SUM(M57+AJ57+BG57+CE57+CS57) -> 7 | E57: =(D57)/D$52*100 -> 70 | F57: =IF(E57<50,E57, " ") | G57: =IF(E57<30,E57, " ") | M57: =SUM(H57:L57) -> 0 | N57: =M57/M$52*100 -> #DIV/0! | W57: 1 | AA57: 1 | AF57: 1 | AJ57: =SUM(O57:AI57) -> 3 | AK57: =AJ57/AJ$52*100 -> 100 | AM57: 1 | AR57: 1 | BG57: =SUM(AL57:BF57) -> 2 | BH57: =BG57/BG$52*100 -> 66.666667 | BX57: 1 | CC57: 1 | CE57: =SUM(BI57:CD57) -> 2 | CF57: =CE57/CE$9*100 -> 100 | CS57: =SUM(CG57:CR57) -> 0 | CT57: =CS57/CS$9*100 -> 0
A58: 48 | B58: 0827CI241047 | C58: JAGRATI RAJPOOT | D58: =SUM(M58+AJ58+BG58+CE58+CS58) -> 5 | E58: =(D58)/D$52*100 -> 50 | F58: =IF(E58<50,E58, " ") | G58: =IF(E58<30,E58, " ") | M58: =SUM(H58:L58) -> 0 | N58: =M58/M$52*100 -> #DIV/0! | W58: 1 | AF58: 1 | AJ58: =SUM(O58:AI58) -> 2 | AK58: =AJ58/AJ$52*100 -> 66.666667 | BG58: =SUM(AL58:BF58) -> 0 | BH58: =BG58/BG$52*100 -> 0 | BI58: 1 | BS58: 1 | BX58: 1 | CE58: =SUM(BI58:CD58) -> 3 | CF58: =CE58/CE$9*100 -> 150 | CS58: =SUM(CG58:CR58) -> 0 | CT58: =CS58/CS$9*100 -> 0
A59: 49 | B59: 0827CI241048 | C59: JANHVI VYAS | D59: =SUM(M59+AJ59+BG59+CE59+CS59) -> 8 | E59: =(D59)/D$52*100 -> 80 | F59: =IF(E59<50,E59, " ") | G59: =IF(E59<30,E59, " ") | M59: =SUM(H59:L59) -> 0 | N59: =M59/M$52*100 -> #DIV/0! | AA59: 1 | AF59: 1 | AJ59: =SUM(O59:AI59) -> 2 | AK59: =AJ59/AJ$52*100 -> 66.666667 | AM59: 1 | AR59: 1 | BG59: =SUM(AL59:BF59) -> 2 | BH59: =BG59/BG$52*100 -> 66.666667 | BI59: 1 | BS59: 1 | BX59: 1 | CC59: 1 | CE59: =SUM(BI59:CD59) -> 4 | CF59: =CE59/CE$9*100 -> 200 | CS59: =SUM(CG59:CR59) -> 0 | CT59: =CS59/CS$9*100 -> 0
A60: 50 | B60: 0827CI241049 | C60: JAYANT SENGAR | D60: =SUM(M60+AJ60+BG60+CE60+CS60) -> 9 | E60: =(D60)/D$52*100 -> 90 | F60: =IF(E60<50,E60, " ") | G60: =IF(E60<30,E60, " ") | M60: =SUM(H60:L60) -> 0 | N60: =M60/M$52*100 -> #DIV/0! | W60: 1 | AA60: 1 | AF60: 1 | AJ60: =SUM(O60:AI60) -> 3 | AK60: =AJ60/AJ$52*100 -> 100 | AM60: 1 | AR60: 1 | BB60: 1 | BG60: =SUM(AL60:BF60) -> 3 | BH60: =BG60/BG$52*100 -> 100 | BS60: 1 | BX60: 1 | CC60: 1 | CE60: =SUM(BI60:CD60) -> 3 | CF60: =CE60/CE$9*100 -> 150 | CS60: =SUM(CG60:CR60) -> 0 | CT60: =CS60/CS$9*100 -> 0
A61: 51 | B61: 0827CI241050 | C61: JAYESH SAGAR | D61: =SUM(M61+AJ61+BG61+CE61+CS61) -> 3 | E61: =(D61)/D$52*100 -> 30 | F61: =IF(E61<50,E61, " ") -> 30 | G61: =IF(E61<30,E61, " ") | M61: =SUM(H61:L61) -> 0 | N61: =M61/M$52*100 -> #DIV/0! | AJ61: =SUM(O61:AI61) -> 0 | AK61: =AJ61/AJ$52*100 -> 0 | BG61: =SUM(AL61:BF61) -> 0 | BH61: =BG61/BG$52*100 -> 0 | BI61: 1 | BX61: 1 | CC61: 1 | CE61: =SUM(BI61:CD61) -> 3 | CF61: =CE61/CE$9*100 -> 150 | CS61: =SUM(CG61:CR61) -> 0 | CT61: =CS61/CS$9*100 -> 0
A62: 52 | B62: 0827CI241051 | C62: JIYA PAGARE | D62: =SUM(M62+AJ62+BG62+CE62+CS62) -> 2 | E62: =(D62)/D$52*100 -> 20 | F62: =IF(E62<50,E62, " ") -> 20 | G62: =IF(E62<30,E62, " ") -> 20 | M62: =SUM(H62:L62) -> 0 | N62: =M62/M$52*100 -> #DIV/0! | AJ62: =SUM(O62:AI62) -> 0 | AK62: =AJ62/AJ$52*100 -> 0 | AM62: 1 | BG62: =SUM(AL62:BF62) -> 1 | BH62: =BG62/BG$52*100 -> 33.333333 | CC62: 1 | CE62: =SUM(BI62:CD62) -> 1 | CF62: =CE62/CE$9*100 -> 50 | CS62: =SUM(CG62:CR62) -> 0 | CT62: =CS62/CS$9*100 -> 0
A63: 53 | B63: 0827CI241052 | C63: KANAK GOYAL | D63: =SUM(M63+AJ63+BG63+CE63+CS63) -> 7 | E63: =(D63)/D$52*100 -> 70 | F63: =IF(E63<50,E63, " ") | G63: =IF(E63<30,E63, " ") | M63: =SUM(H63:L63) -> 0 | N63: =M63/M$52*100 -> #DIV/0! | AA63: 1 | AJ63: =SUM(O63:AI63) -> 1 | AK63: =AJ63/AJ$52*100 -> 33.333333 | AM63: 1 | AR63: 1 | BG63: =SUM(AL63:BF63) -> 2 | BH63: =BG63/BG$52*100 -> 66.666667 | BI63: 1 | BS63: 1 | BX63: 1 | CC63: 1 | CE63: =SUM(BI63:CD63) -> 4 | CF63: =CE63/CE$9*100 -> 200 | CS63: =SUM(CG63:CR63) -> 0 | CT63: =CS63/CS$9*100 -> 0
A64: 54 | B64: 0827CI241053 | C64: KARAN SINGH BHADORIYA | D64: =SUM(M64+AJ64+BG64+CE64+CS64) -> 7 | E64: =(D64)/D$52*100 -> 70 | F64: =IF(E64<50,E64, " ") | G64: =IF(E64<30,E64, " ") | M64: =SUM(H64:L64) -> 0 | N64: =M64/M$52*100 -> #DIV/0! | W64: 1 | AA64: 1 | AF64: 1 | AJ64: =SUM(O64:AI64) -> 3 | AK64: =AJ64/AJ$52*100 -> 100 | AM64: 1 | BB64: 1 | BG64: =SUM(AL64:BF64) -> 2 | BH64: =BG64/BG$52*100 -> 66.666667 | BS64: 1 | BX64: 1 | CE64: =SUM(BI64:CD64) -> 2 | CF64: =CE64/CE$9*100 -> 100 | CS64: =SUM(CG64:CR64) -> 0 | CT64: =CS64/CS$9*100 -> 0
A65: 55 | B65: 0827CI241054 | C65: KHUSHAL MISHRA | D65: =SUM(M65+AJ65+BG65+CE65+CS65) -> 6 | E65: =(D65)/D$52*100 -> 60 | F65: =IF(E65<50,E65, " ") | G65: =IF(E65<30,E65, " ") | M65: =SUM(H65:L65) -> 0 | N65: =M65/M$52*100 -> #DIV/0! | AF65: 1 | AJ65: =SUM(O65:AI65) -> 1 | AK65: =AJ65/AJ$52*100 -> 33.333333 | AR65: 1 | BB65: 1 | BG65: =SUM(AL65:BF65) -> 2 | BH65: =BG65/BG$52*100 -> 66.666667 | BS65: 1 | BX65: 1 | CC65: 1 | CE65: =SUM(BI65:CD65) -> 3 | CF65: =CE65/CE$9*100 -> 150 | CS65: =SUM(CG65:CR65) -> 0 | CT65: =CS65/CS$9*100 -> 0
A66: 56 | B66: 0827CI241055 | C66: KHUSHI | D66: =SUM(M66+AJ66+BG66+CE66+CS66) -> 6 | E66: =(D66)/D$52*100 -> 60 | F66: =IF(E66<50,E66, " ") | G66: =IF(E66<30,E66, " ") | M66: =SUM(H66:L66) -> 0 | N66: =M66/M$52*100 -> #DIV/0! | W66: 1 | AA66: 1 | AF66: 1 | AJ66: =SUM(O66:AI66) -> 3 | AK66: =AJ66/AJ$52*100 -> 100 | AM66: 1 | BG66: =SUM(AL66:BF66) -> 1 | BH66: =BG66/BG$52*100 -> 33.333333 | BI66: 1 | CC66: 1 | CE66: =SUM(BI66:CD66) -> 2 | CF66: =CE66/CE$9*100 -> 100 | CS66: =SUM(CG66:CR66) -> 0 | CT66: =CS66/CS$9*100 -> 0
A67: 57 | B67: 0827CI241056 | C67: KHUSHI HEDAU | D67: =SUM(M67+AJ67+BG67+CE67+CS67) -> 9 | E67: =(D67)/D$52*100 -> 90 | F67: =IF(E67<50,E67, " ") | G67: =IF(E67<30,E67, " ") | M67: =SUM(H67:L67) -> 0 | N67: =M67/M$52*100 -> #DIV/0! | W67: 1 | AA67: 1 | AF67: 1 | AJ67: =SUM(O67:AI67) -> 3 | AK67: =AJ67/AJ$52*100 -> 100 | AM67: 1 | AR67: 1 | BB67: 1 | BG67: =SUM(AL67:BF67) -> 3 | BH67: =BG67/BG$52*100 -> 100 | BS67: 1 | BX67: 1 | CC67: 1 | CE67: =SUM(BI67:CD67) -> 3 | CF67: =CE67/CE$9*100 -> 150 | CS67: =SUM(CG67:CR67) -> 0 | CT67: =CS67/CS$9*100 -> 0
A68: 58 | B68: 0827CI241057 | C68: KHUSHI MITTAL | D68: =SUM(M68+AJ68+BG68+CE68+CS68) -> 8 | E68: =(D68)/D$52*100 -> 80 | F68: =IF(E68<50,E68, " ") | G68: =IF(E68<30,E68, " ") | M68: =SUM(H68:L68) -> 0 | N68: =M68/M$52*100 -> #DIV/0! | AA68: 1 | AF68: 1 | AJ68: =SUM(O68:AI68) -> 2 | AK68: =AJ68/AJ$52*100 -> 66.666667 | AM68: 1 | AR68: 1 | BB68: 1 | BG68: =SUM(AL68:BF68) -> 3 | BH68: =BG68/BG$52*100 -> 100 | BI68: 1 | BS68: 1 | CC68: 1 | CE68: =SUM(BI68:CD68) -> 3 | CF68: =CE68/CE$9*100 -> 150 | CS68: =SUM(CG68:CR68) -> 0 | CT68: =CS68/CS$9*100 -> 0
A69: 59 | B69: 0827CI241058 | C69: KRATIKA DUGAYA | D69: =SUM(M69+AJ69+BG69+CE69+CS69) -> 6 | E69: =(D69)/D$52*100 -> 60 | F69: =IF(E69<50,E69, " ") | G69: =IF(E69<30,E69, " ") | M69: =SUM(H69:L69) -> 0 | N69: =M69/M$52*100 -> #DIV/0! | AF69: 1 | AJ69: =SUM(O69:AI69) -> 1 | AK69: =AJ69/AJ$52*100 -> 33.333333 | AM69: 1 | BB69: 1 | BG69: =SUM(AL69:BF69) -> 2 | BH69: =BG69/BG$52*100 -> 66.666667 | BI69: 1 | BS69: 1 | CC69: 1 | CE69: =SUM(BI69:CD69) -> 3 | CF69: =CE69/CE$9*100 -> 150 | CS69: =SUM(CG69:CR69) -> 0 | CT69: =CS69/CS$9*100 -> 0
A70: 60 | B70: 0827CI241059 | C70: KRISH PRAJAPAT | D70: =SUM(M70+AJ70+BG70+CE70+CS70) -> 6 | E70: =(D70)/D$52*100 -> 60 | F70: =IF(E70<50,E70, " ") | G70: =IF(E70<30,E70, " ") | M70: =SUM(H70:L70) -> 0 | N70: =M70/M$52*100 -> #DIV/0! | W70: 1 | AA70: 1 | AF70: 1 | AJ70: =SUM(O70:AI70) -> 3 | AK70: =AJ70/AJ$52*100 -> 100 | BG70: =SUM(AL70:BF70) -> 0 | BH70: =BG70/BG$52*100 -> 0 | BS70: 1 | BX70: 1 | CC70: 1 | CE70: =SUM(BI70:CD70) -> 3 | CF70: =CE70/CE$9*100 -> 150 | CS70: =SUM(CG70:CR70) -> 0 | CT70: =CS70/CS$9*100 -> 0
A71: 61 | B71: 0827CI241060 | C71: KRISHNA HOLKAR | D71: =SUM(M71+AJ71+BG71+CE71+CS71) -> 3 | E71: =(D71)/D$52*100 -> 30 | F71: =IF(E71<50,E71, " ") -> 30 | G71: =IF(E71<30,E71, " ") | M71: =SUM(H71:L71) -> 0 | N71: =M71/M$52*100 -> #DIV/0! | AF71: 1 | AJ71: =SUM(O71:AI71) -> 1 | AK71: =AJ71/AJ$52*100 -> 33.333333 | BG71: =SUM(AL71:BF71) -> 0 | BH71: =BG71/BG$52*100 -> 0 | BS71: 1 | BX71: 1 | CE71: =SUM(BI71:CD71) -> 2 | CF71: =CE71/CE$9*100 -> 100 | CS71: =SUM(CG71:CR71) -> 0 | CT71: =CS71/CS$9*100 -> 0
A72: 62 | B72: 0827CI241061 | C72: KRISHNA NANDGAONKAR | D72: =SUM(M72+AJ72+BG72+CE72+CS72) -> 1 | E72: =(D72)/D$52*100 -> 10 | F72: =IF(E72<50,E72, " ") -> 10 | G72: =IF(E72<30,E72, " ") -> 10 | M72: =SUM(H72:L72) -> 0 | N72: =M72/M$52*100 -> #DIV/0! | AJ72: =SUM(O72:AI72) -> 0 | AK72: =AJ72/AJ$52*100 -> 0 | BG72: =SUM(AL72:BF72) -> 0 | BH72: =BG72/BG$52*100 -> 0 | BS72: 1 | CE72: =SUM(BI72:CD72) -> 1 | CF72: =CE72/CE$9*100 -> 50 | CS72: =SUM(CG72:CR72) -> 0 | CT72: =CS72/CS$9*100 -> 0
A73: 63 | B73: 0827CI241062 | C73: KRISHNA PRAJAPATI | D73: =SUM(M73+AJ73+BG73+CE73+CS73) -> 7 | E73: =(D73)/D$52*100 -> 70 | F73: =IF(E73<50,E73, " ") | G73: =IF(E73<30,E73, " ") | M73: =SUM(H73:L73) -> 0 | N73: =M73/M$52*100 -> #DIV/0! | W73: 1 | AA73: 1 | AJ73: =SUM(O73:AI73) -> 2 | AK73: =AJ73/AJ$52*100 -> 66.666667 | AM73: 1 | BB73: 1 | BG73: =SUM(AL73:BF73) -> 2 | BH73: =BG73/BG$52*100 -> 66.666667 | BS73: 1 | BX73: 1 | CC73: 1 | CE73: =SUM(BI73:CD73) -> 3 | CF73: =CE73/CE$9*100 -> 150 | CS73: =SUM(CG73:CR73) -> 0 | CT73: =CS73/CS$9*100 -> 0
A74: 64 | B74: 0827CI241063 | C74: KUSHAGRA SINGH TOMAR | D74: =SUM(M74+AJ74+BG74+CE74+CS74) -> 9 | E74: =(D74)/D$52*100 -> 90 | F74: =IF(E74<50,E74, " ") | G74: =IF(E74<30,E74, " ") | M74: =SUM(H74:L74) -> 0 | N74: =M74/M$52*100 -> #DIV/0! | W74: 1 | AA74: 1 | AF74: 1 | AJ74: =SUM(O74:AI74) -> 3 | AK74: =AJ74/AJ$52*100 -> 100 | AM74: 1 | BB74: 1 | BG74: =SUM(AL74:BF74) -> 2 | BH74: =BG74/BG$52*100 -> 66.666667 | BI74: 1 | BS74: 1 | BX74: 1 | CC74: 1 | CE74: =SUM(BI74:CD74) -> 4 | CF74: =CE74/CE$9*100 -> 200 | CS74: =SUM(CG74:CR74) -> 0 | CT74: =CS74/CS$9*100 -> 0
A75: 65 | B75: 0827CI241064 | C75: KUSHAL MEHTA | D75: =SUM(M75+AJ75+BG75+CE75+CS75) -> 8 | E75: =(D75)/D$52*100 -> 80 | F75: =IF(E75<50,E75, " ") | G75: =IF(E75<30,E75, " ") | M75: =SUM(H75:L75) -> 0 | N75: =M75/M$52*100 -> #DIV/0! | W75: 1 | AA75: 1 | AF75: 1 | AJ75: =SUM(O75:AI75) -> 3 | AK75: =AJ75/AJ$52*100 -> 100 | AM75: 1 | AR75: 1 | BB75: 1 | BG75: =SUM(AL75:BF75) -> 3 | BH75: =BG75/BG$52*100 -> 100 | BX75: 1 | CC75: 1 | CE75: =SUM(BI75:CD75) -> 2 | CF75: =CE75/CE$9*100 -> 100 | CS75: =SUM(CG75:CR75) -> 0 | CT75: =CS75/CS$9*100 -> 0
A76: 66 | B76: 0827CI241065 | C76: LAKSHYA VERMA | D76: =SUM(M76+AJ76+BG76+CE76+CS76) -> 1 | E76: =(D76)/D$52*100 -> 10 | F76: =IF(E76<50,E76, " ") -> 10 | G76: =IF(E76<30,E76, " ") -> 10 | M76: =SUM(H76:L76) -> 0 | N76: =M76/M$52*100 -> #DIV/0! | AA76: 1 | AJ76: =SUM(O76:AI76) -> 1 | AK76: =AJ76/AJ$52*100 -> 33.333333 | BG76: =SUM(AL76:BF76) -> 0 | BH76: =BG76/BG$52*100 -> 0 | CE76: =SUM(BI76:CD76) -> 0 | CF76: =CE76/CE$9*100 -> 0 | CS76: =SUM(CG76:CR76) -> 0 | CT76: =CS76/CS$9*100 -> 0
A77: 67 | B77: 0827CI241066 | C77: MANAN GUPTA | D77: =SUM(M77+AJ77+BG77+CE77+CS77) -> 7 | E77: =(D77)/D$52*100 -> 70 | F77: =IF(E77<50,E77, " ") | G77: =IF(E77<30,E77, " ") | M77: =SUM(H77:L77) -> 0 | N77: =M77/M$52*100 -> #DIV/0! | W77: 1 | AA77: 1 | AF77: 1 | AJ77: =SUM(O77:AI77) -> 3 | AK77: =AJ77/AJ$52*100 -> 100 | AM77: 1 | BG77: =SUM(AL77:BF77) -> 1 | BH77: =BG77/BG$52*100 -> 33.333333 | BI77: 1 | BS77: 1 | CC77: 1 | CE77: =SUM(BI77:CD77) -> 3 | CF77: =CE77/CE$9*100 -> 150 | CS77: =SUM(CG77:CR77) -> 0 | CT77: =CS77/CS$9*100 -> 0
A78: 68 | B78: 0827CI241067 | C78: MAYUR YADAV | D78: =SUM(M78+AJ78+BG78+CE78+CS78) -> 2 | E78: =(D78)/D$52*100 -> 20 | F78: =IF(E78<50,E78, " ") -> 20 | G78: =IF(E78<30,E78, " ") -> 20 | M78: =SUM(H78:L78) -> 0 | N78: =M78/M$52*100 -> #DIV/0! | AJ78: =SUM(O78:AI78) -> 0 | AK78: =AJ78/AJ$52*100 -> 0 | BG78: =SUM(AL78:BF78) -> 0 | BH78: =BG78/BG$52*100 -> 0 | BX78: 1 | CC78: 1 | CE78: =SUM(BI78:CD78) -> 2 | CF78: =CE78/CE$9*100 -> 100 | CS78: =SUM(CG78:CR78) -> 0 | CT78: =CS78/CS$9*100 -> 0
A79: 69 | B79: 0827CI241068 | C79: MEHUL VIJAYVARGIYA | D79: =SUM(M79+AJ79+BG79+CE79+CS79) -> 3 | E79: =(D79)/D$52*100 -> 30 | F79: =IF(E79<50,E79, " ") -> 30 | G79: =IF(E79<30,E79, " ") | M79: =SUM(H79:L79) -> 0 | N79: =M79/M$52*100 -> #DIV/0! | AF79: 1 | AJ79: =SUM(O79:AI79) -> 1 | AK79: =AJ79/AJ$52*100 -> 33.333333 | BG79: =SUM(AL79:BF79) -> 0 | BH79: =BG79/BG$52*100 -> 0 | BX79: 1 | CC79: 1 | CE79: =SUM(BI79:CD79) -> 2 | CF79: =CE79/CE$9*100 -> 100 | CS79: =SUM(CG79:CR79) -> 0 | CT79: =CS79/CS$9*100 -> 0
A80: 70 | B80: 0827CI241069 | C80: MIHIKA TIWARI | D80: =SUM(M80+AJ80+BG80+CE80+CS80) -> 9 | E80: =(D80)/D$52*100 -> 90 | F80: =IF(E80<50,E80, " ") | G80: =IF(E80<30,E80, " ") | M80: =SUM(H80:L80) -> 0 | N80: =M80/M$52*100 -> #DIV/0! | W80: 1 | AA80: 1 | AF80: 1 | AJ80: =SUM(O80:AI80) -> 3 | AK80: =AJ80/AJ$52*100 -> 100 | AM80: 1 | BB80: 1 | BG80: =SUM(AL80:BF80) -> 2 | BH80: =BG80/BG$52*100 -> 66.666667 | BI80: 1 | BS80: 1 | BX80: 1 | CC80: 1 | CE80: =SUM(BI80:CD80) -> 4 | CF80: =CE80/CE$9*100 -> 200 | CS80: =SUM(CG80:CR80) -> 0 | CT80: =CS80/CS$9*100 -> 0
A81: 71 | B81: 0827CI241070 | C81: MITALI RAJPUT | D81: =SUM(M81+AJ81+BG81+CE81+CS81) -> 7 | E81: =(D81)/D$52*100 -> 70 | F81: =IF(E81<50,E81, " ") | G81: =IF(E81<30,E81, " ") | M81: =SUM(H81:L81) -> 0 | N81: =M81/M$52*100 -> #DIV/0! | AF81: 1 | AJ81: =SUM(O81:AI81) -> 1 | AK81: =AJ81/AJ$52*100 -> 33.333333 | AM81: 1 | BB81: 1 | BG81: =SUM(AL81:BF81) -> 2 | BH81: =BG81/BG$52*100 -> 66.666667 | BI81: 1 | BS81: 1 | BX81: 1 | CC81: 1 | CE81: =SUM(BI81:CD81) -> 4 | CF81: =CE81/CE$9*100 -> 200 | CS81: =SUM(CG81:CR81) -> 0 | CT81: =CS81/CS$9*100 -> 0
A82: 72 | B82: 0827CI241071 | C82: MITUSHI TAWAR | D82: =SUM(M82+AJ82+BG82+CE82+CS82) -> 1 | E82: =(D82)/D$52*100 -> 10 | F82: =IF(E82<50,E82, " ") -> 10 | G82: =IF(E82<30,E82, " ") -> 10 | M82: =SUM(H82:L82) -> 0 | N82: =M82/M$52*100 -> #DIV/0! | AJ82: =SUM(O82:AI82) -> 0 | AK82: =AJ82/AJ$52*100 -> 0 | BG82: =SUM(AL82:BF82) -> 0 | BH82: =BG82/BG$52*100 -> 0 | CC82: 1 | CE82: =SUM(BI82:CD82) -> 1 | CF82: =CE82/CE$9*100 -> 50 | CS82: =SUM(CG82:CR82) -> 0 | CT82: =CS82/CS$9*100 -> 0
A83: 73 | B83: 0827CI241072 | C83: MOHAMMED ZEESHAN KHAN | D83: =SUM(M83+AJ83+BG83+CE83+CS83) -> 2 | E83: =(D83)/D$52*100 -> 20 | F83: =IF(E83<50,E83, " ") -> 20 | G83: =IF(E83<30,E83, " ") -> 20 | M83: =SUM(H83:L83) -> 0 | N83: =M83/M$52*100 -> #DIV/0! | AJ83: =SUM(O83:AI83) -> 0 | AK83: =AJ83/AJ$52*100 -> 0 | BB83: 1 | BG83: =SUM(AL83:BF83) -> 1 | BH83: =BG83/BG$52*100 -> 33.333333 | CC83: 1 | CE83: =SUM(BI83:CD83) -> 1 | CF83: =CE83/CE$9*100 -> 50 | CS83: =SUM(CG83:CR83) -> 0 | CT83: =CS83/CS$9*100 -> 0
A84: 74 | B84: 0827CI241073 | C84: MOHINI YADAV | D84: =SUM(M84+AJ84+BG84+CE84+CS84) -> 5 | E84: =(D84)/D$52*100 -> 50 | F84: =IF(E84<50,E84, " ") | G84: =IF(E84<30,E84, " ") | M84: =SUM(H84:L84) -> 0 | N84: =M84/M$52*100 -> #DIV/0! | AF84: 1 | AJ84: =SUM(O84:AI84) -> 1 | AK84: =AJ84/AJ$52*100 -> 33.333333 | AR84: 1 | BB84: 1 | BG84: =SUM(AL84:BF84) -> 2 | BH84: =BG84/BG$52*100 -> 66.666667 | BI84: 1 | CC84: 1 | CE84: =SUM(BI84:CD84) -> 2 | CF84: =CE84/CE$9*100 -> 100 | CS84: =SUM(CG84:CR84) -> 0 | CT84: =CS84/CS$9*100 -> 0
A85: 75 | B85: 0827CI241074 | C85: MOHIT PRAJAPAT | D85: =SUM(M85+AJ85+BG85+CE85+CS85) -> 5 | E85: =(D85)/D$52*100 -> 50 | F85: =IF(E85<50,E85, " ") | G85: =IF(E85<30,E85, " ") | M85: =SUM(H85:L85) -> 0 | N85: =M85/M$52*100 -> #DIV/0! | AF85: 1 | AJ85: =SUM(O85:AI85) -> 1 | AK85: =AJ85/AJ$52*100 -> 33.333333 | AR85: 1 | BB85: 1 | BG85: =SUM(AL85:BF85) -> 2 | BH85: =BG85/BG$52*100 -> 66.666667 | BI85: 1 | BX85: 1 | CE85: =SUM(BI85:CD85) -> 2 | CF85: =CE85/CE$9*100 -> 100 | CS85: =SUM(CG85:CR85) -> 0 | CT85: =CS85/CS$9*100 -> 0
A86: 76 | B86: 0827CI241075 | C86: MOIZ UDDIN | D86: =SUM(M86+AJ86+BG86+CE86+CS86) -> 6 | E86: =(D86)/D$52*100 -> 60 | F86: =IF(E86<50,E86, " ") | G86: =IF(E86<30,E86, " ") | M86: =SUM(H86:L86) -> 0 | N86: =M86/M$52*100 -> #DIV/0! | AA86: 1 | AF86: 1 | AJ86: =SUM(O86:AI86) -> 2 | AK86: =AJ86/AJ$52*100 -> 66.666667 | AR86: 1 | BB86: 1 | BG86: =SUM(AL86:BF86) -> 2 | BH86: =BG86/BG$52*100 -> 66.666667 | BI86: 1 | CC86: 1 | CE86: =SUM(BI86:CD86) -> 2 | CF86: =CE86/CE$9*100 -> 100 | CS86: =SUM(CG86:CR86) -> 0 | CT86: =CS86/CS$9*100 -> 0
A87: 77 | B87: 0827CI241076 | C87: MOKSHA JAIN | D87: =SUM(M87+AJ87+BG87+CE87+CS87) -> 2 | E87: =(D87)/D$52*100 -> 20 | F87: =IF(E87<50,E87, " ") -> 20 | G87: =IF(E87<30,E87, " ") -> 20 | M87: =SUM(H87:L87) -> 0 | N87: =M87/M$52*100 -> #DIV/0! | AA87: 1 | AJ87: =SUM(O87:AI87) -> 1 | AK87: =AJ87/AJ$52*100 -> 33.333333 | BG87: =SUM(AL87:BF87) -> 0 | BH87: =BG87/BG$52*100 -> 0 | CC87: 1 | CE87: =SUM(BI87:CD87) -> 1 | CF87: =CE87/CE$9*100 -> 50 | CS87: =SUM(CG87:CR87) -> 0 | CT87: =CS87/CS$9*100 -> 0
A88: 78 | B88: 0827CI241077 | C88: MRIGISHA VERMA | D88: =SUM(M88+AJ88+BG88+CE88+CS88) -> 3 | E88: =(D88)/D$52*100 -> 30 | F88: =IF(E88<50,E88, " ") -> 30 | G88: =IF(E88<30,E88, " ") | M88: =SUM(H88:L88) -> 0 | N88: =M88/M$52*100 -> #DIV/0! | AA88: 1 | AJ88: =SUM(O88:AI88) -> 1 | AK88: =AJ88/AJ$52*100 -> 33.333333 | BG88: =SUM(AL88:BF88) -> 0 | BH88: =BG88/BG$52*100 -> 0 | BI88: 1 | BS88: 1 | CE88: =SUM(BI88:CD88) -> 2 | CF88: =CE88/CE$9*100 -> 100 | CS88: =SUM(CG88:CR88) -> 0 | CT88: =CS88/CS$9*100 -> 0
A89: 79 | B89: 0827CI241078 | C89: MUKUL VYAS | D89: =SUM(M89+AJ89+BG89+CE89+CS89) -> 7 | E89: =(D89)/D$52*100 -> 70 | F89: =IF(E89<50,E89, " ") | G89: =IF(E89<30,E89, " ") | M89: =SUM(H89:L89) -> 0 | N89: =M89/M$52*100 -> #DIV/0! | W89: 1 | AA89: 1 | AJ89: =SUM(O89:AI89) -> 2 | AK89: =AJ89/AJ$52*100 -> 66.666667 | AR89: 1 | BB89: 1 | BG89: =SUM(AL89:BF89) -> 2 | BH89: =BG89/BG$52*100 -> 66.666667 | BS89: 1 | BX89: 1 | CC89: 1 | CE89: =SUM(BI89:CD89) -> 3 | CF89: =CE89/CE$9*100 -> 150 | CS89: =SUM(CG89:CR89) -> 0 | CT89: =CS89/CS$9*100 -> 0
A90: 80 | B90: 0827CI241079 | C90: NAINSI PATIDAR | D90: =SUM(M90+AJ90+BG90+CE90+CS90) -> 5 | E90: =(D90)/D$52*100 -> 50 | F90: =IF(E90<50,E90, " ") | G90: =IF(E90<30,E90, " ") | M90: =SUM(H90:L90) -> 0 | N90: =M90/M$52*100 -> #DIV/0! | W90: 1 | AF90: 1 | AJ90: =SUM(O90:AI90) -> 2 | AK90: =AJ90/AJ$52*100 -> 66.666667 | AM90: 1 | BG90: =SUM(AL90:BF90) -> 1 | BH90: =BG90/BG$52*100 -> 33.333333 | BI90: 1 | BS90: 1 | CE90: =SUM(BI90:CD90) -> 2 | CF90: =CE90/CE$9*100 -> 100 | CS90: =SUM(CG90:CR90) -> 0 | CT90: =CS90/CS$9*100 -> 0
A91: 81 | B91: 0827CI241080 | C91: NIHARIKA SOLANKI | D91: =SUM(M91+AJ91+BG91+CE91+CS91) -> 8 | E91: =(D91)/D$52*100 -> 80 | F91: =IF(E91<50,E91, " ") | G91: =IF(E91<30,E91, " ") | M91: =SUM(H91:L91) -> 0 | N91: =M91/M$52*100 -> #DIV/0! | AA91: 1 | AF91: 1 | AJ91: =SUM(O91:AI91) -> 2 | AK91: =AJ91/AJ$52*100 -> 66.666667 | AM91: 1 | BB91: 1 | BG91: =SUM(AL91:BF91) -> 2 | BH91: =BG91/BG$52*100 -> 66.666667 | BI91: 1 | BS91: 1 | BX91: 1 | CC91: 1 | CE91: =SUM(BI91:CD91) -> 4 | CF91: =CE91/CE$9*100 -> 200 | CS91: =SUM(CG91:CR91) -> 0 | CT91: =CS91/CS$9*100 -> 0
A92: 82 | B92: 0827CI241081 | C92: NIHARIKA TIWARI | D92: =SUM(M92+AJ92+BG92+CE92+CS92) -> 9 | E92: =(D92)/D$52*100 -> 90 | F92: =IF(E92<50,E92, " ") | G92: =IF(E92<30,E92, " ") | M92: =SUM(H92:L92) -> 0 | N92: =M92/M$52*100 -> #DIV/0! | W92: 1 | AA92: 1 | AJ92: =SUM(O92:AI92) -> 2 | AK92: =AJ92/AJ$52*100 -> 66.666667 | AM92: 1 | AR92: 1 | BB92: 1 | BG92: =SUM(AL92:BF92) -> 3 | BH92: =BG92/BG$52*100 -> 100 | BI92: 1 | BS92: 1 | BX92: 1 | CC92: 1 | CE92: =SUM(BI92:CD92) -> 4 | CF92: =CE92/CE$9*100 -> 200 | CS92: =SUM(CG92:CR92) -> 0 | CT92: =CS92/CS$9*100 -> 0
A93: 83 | B93: 0827CI241082 | C93: NITIN RATHORE | D93: =SUM(M93+AJ93+BG93+CE93+CS93) -> 0 | E93: =(D93)/D$52*100 -> 0 | F93: =IF(E93<50,E93, " ") -> 0 | G93: =IF(E93<30,E93, " ") -> 0 | M93: =SUM(H93:L93) -> 0 | N93: =M93/M$52*100 -> #DIV/0! | AJ93: =SUM(O93:AI93) -> 0 | AK93: =AJ93/AJ$52*100 -> 0 | BG93: =SUM(AL93:BF93) -> 0 | BH93: =BG93/BG$52*100 -> 0 | CE93: =SUM(BI93:CD93) -> 0 | CF93: =CE93/CE$9*100 -> 0 | CS93: =SUM(CG93:CR93) -> 0 | CT93: =CS93/CS$9*100 -> 0

Sheet 403
A2: Faculty Name: | C2: Prof. Chanchal Bansal
A3: Subject Name : | C3: Analysis and Design of Algorithm
A4: Subject Code : | C4: CSIT-403
A5: Start Date | C5: 46104
A6: End Date | BJ6: PS
H7: 1 | I7: 2 | J7: 3 | K7: 4 | L7: 5 | O7: 1 | P7: 2 | Q7: 3 | R7: 4 | S7: 5 | T7: 6 | U7: 7 | V7: 8 | W7: 9 | X7: 10 | Y7: 11 | Z7: 12 | AA7: 13 | AB7: 14 | AC7: 15 | AD7: 16 | AE7: 17 | AF7: 18 | AG7: 19 | AH7: 20 | AI7: 21 | AL7: 1 | AM7: 2 | AN7: 3 | AO7: 4 | AP7: 5 | AQ7: 6 | AR7: 7 | AS7: 8 | AT7: 9 | AU7: 10 | AV7: 11 | AW7: 12 | AX7: 13 | AY7: 14 | AZ7: 15 | BA7: 16 | BB7: 17 | BC7: 18 | BD7: 19 | BE7: 20 | BF7: 21 | BI7: 1 | BJ7: 2 | BK7: 3 | BL7: 4 | BM7: 5 | BN7: 6 | BO7: 7 | BP7: 8 | BQ7: 9 | BR7: 10 | BS7: 11 | BT7: 12 | BU7: 13 | BV7: 14 | BW7: 15 | BX7: 16 | BY7: 17 | BZ7: 18 | CA7: 19 | CB7: 20 | CC7: 21 | CD7: 22 | CG7: 1 | CH7: 2 | CI7: 3 | CJ7: 4 | CK7: 5 | CL7: 6 | CM7: 7 | CN7: 8 | CO7: 9 | CP7: 10 | CQ7: 11 | CR7: 12 | CS7: 13 | CT7: 14 | CU7: 15 | CV7: 16
D8: Total Class | E8: OverAll Att. % | F8: Att. 50% | G8: Att. 30% | H8: 46104 | I8: 46105 | J8: 46106 | K8: 46107 | L8: 46111 | M8: MAR CLASS | N8: MARCH % | O8: 46113 | P8: 46114 | Q8: 46115 | R8: 46118 | S8: 46119 | T8: 46120 | U8: 46121 | V8: 46122 | W8: 46125 | X8: 46127 | Y8: 46128 | Z8: 46129 | AA8: 46132 | AB8: 46133 | AC8: 46134 | AD8: 46135 | AE8: 46136 | AF8: 46139 | AG8: 46140 | AH8: 46141 | AI8: 46142 | AJ8: APRIL CLASS | AK8: APRIL % | AL8: 46143 | AM8: 46146 | AN8: 46147 | AO8: 46148 | AP8: 46149 | AQ8: 46150 | AR8: 46153 | AS8: 46154 | AT8: 46155 | AU8: 46156 | AV8: 46157 | AW8: 46160 | AX8: 46161 | AY8: 46162 | AZ8: 46163 | BA8: 46164 | BB8: 46167 | BC8: 46168 | BD8: 46169 | BE8: 46170 | BF8: 46171 | BG8: MAY CLASS | BH8: MAY% | BI8: 46175 | BJ8: 46175 | BK8: 46176 | BL8: 46177 | BM8: 46178 | BN8: 46196 | BO8: 46197 | BP8: 46198 | BQ8: 46199 | BR8: 46203 | BS8: 46188 | BT8: 46189 | BU8: 46190 | BV8: 46191 | BW8: 46192 | BX8: 46195 | BY8: 46196 | BZ8: 46197 | CA8: 46198 | CB8: 46199 | CC8: 46202 | CD8: 46203 | CE8: JUNE CLASS | CF8: JUNE % | CG8: 46204 | CH8: 46204 | CI8: 46205 | CJ8: 46206 | CK8: 46209 | CL8: 46209 | CM8: 46209 | CW8: JULY CLASS | CX8: JULY% | DK8: AUG CLASS | DL8: AUG%
A9: s.no. | B9: Enrollment NO. | C9: Student Name | D9: =SUM(M9+AJ9+BG9+CE9+CW9+DK9) -> 40 | H9: =SUM(H11:H92) -> 0 | I9: =SUM(I11:I92) -> 0 | J9: =SUM(J11:J92) -> 0 | K9: =SUM(K11:K92) -> 0 | L9: =SUM(L11:L92) -> 0 | M9: =COUNTIF(H9:L9,">0") -> 0 | N9: =COUNTIF(H9:K9,">0") -> 0 | O9: =SUM(O11:O92) -> 0 | P9: =SUM(P11:P92) -> 0 | Q9: =SUM(Q11:Q92) -> 0 | R9: =SUM(R11:R92) -> 0 | S9: =SUM(S11:S92) -> 0 | T9: =SUM(T11:T92) -> 0 | U9: =SUM(U11:U92) -> 0 | V9: =SUM(V11:V92) -> 0 | ... AI9: =SUM(AI11:AI92) -> 44 | AJ9: =COUNTIF(O9:AI9,">0") -> 11 | AK9: =SUM(M9+AJ9) -> 11 | AL9: =SUM(AL11:AL92) -> 25 | AM9: =SUM(AM11:AM92) -> 0 | AN9: =SUM(AN11:AN92) -> 0 | AO9: =SUM(AO11:AO92) -> 38 | AP9: =SUM(AP11:AP92) -> 46 | AQ9: =SUM(AQ11:AQ92) -> 17 | AR9: =SUM(AR11:AR92) -> 0 | AS9: =SUM(AS11:AS92) -> 41 | ... BF9: =SUM(BF11:BF92) -> 24 | BG9: =COUNTIF(AM9:BF9,">0") -> 14 | BH9: =SUM(AK9+BG9) -> 25 | BI9: =SUM(BI11:BI92) -> 50 | BJ9: =SUM(BJ11:BJ92) -> 50 | BK9: =SUM(BK11:BK92) -> 0 | BL9: =SUM(BL11:BL92) -> 49 | BM9: =SUM(BM11:BM92) -> 0 | BN9: =SUM(BN11:BN92) -> 48 | BO9: =SUM(BO11:BO92) -> 51 | BP9: =SUM(BP11:BP92) -> 21 | ... CD9: =SUM(CD11:CD92) -> 0 | CE9: =COUNTIF(BI9:CD9,">0") -> 8 | CF9: =SUM(BH9+CE9) -> 33 | CG9: =SUM(CG11:CG85) -> 48 | CH9: =SUM(CH11:CH85) -> 48 | CI9: =SUM(CI11:CI85) -> 47 | CJ9: =SUM(CJ11:CJ85) -> 14 | CK9: =SUM(CK11:CK85) -> 9 | CL9: =SUM(CL11:CL85) -> 9 | CM9: =SUM(CM11:CM85) -> 9 | CN9: =SUM(CN11:CN85) -> 0 | ... CR9: =SUM(CR11:CR85) -> 0 | CS9: =SUM(CS10:CS92) -> 0 | CT9: =SUM(CT10:CT92) -> 0 | CU9: =SUM(CU11:CU92) -> 0 | CV9: =SUM(CV11:CV85) -> 0 | CW9: =COUNTIF(CG9:CV9,">0") -> 7 | CX9: =SUM(CF9+CW9) -> 40 | CY9: =SUM(CY11:CY85) -> 0 | CZ9: =SUM(CZ11:CZ85) -> 0 | DA9: =SUM(DA11:DA85) -> 0 | DB9: =SUM(DB11:DB85) -> 0 | DC9: =SUM(DC11:DC85) -> 0 | DD9: =SUM(DD11:DD85) -> 0 | DE9: =SUM(DE11:DE85) -> 0 | DF9: =SUM(DF11:DF85) -> 0 | ... DJ9: =SUM(DJ11:DJ85) -> 0 | DK9: =COUNTIF(CY9:DJ9,">0") -> 0 | DL9: =SUM(CX9+DK9) -> 40
A10: 1 | B10: 0827CI231006 | C10: ABHINAV KOURAV | D10: =SUM(M10+AJ10+BG10+CE10+CW10+DK10) -> 0 | E10: =(D10)/D$9*100 -> 0 | F10: =IF(E10<50,E10, " ") -> 0 | G10: =IF(E10<30,E10, " ") -> 0 | M10: =SUM(H10:L10) -> 0 | N10: =M10/M$9*100 -> #DIV/0! | AJ10: =SUM(O10:AI10) -> 0 | AK10: =AJ10/AJ$9*100 -> 0 | BG10: =SUM(AM10:BF10) -> 0 | BH10: =BG10/BG$9*100 -> 0 | CE10: =SUM(BI10:CD10) -> 0 | CF10: =CE10/CE$9*100 -> 0 | CW10: =SUM(CG10:CV10) -> 0 | CX10: =CW10/CW$9*100 -> 0 | DK10: =SUM(CY10:DJ10) -> 0 | DL10: =DK10/DK$9*100 -> #DIV/0!
A11: 2 | B11: 0827CI241001 | C11: AANCHAL GUTA | D11: =SUM(M11+AJ11+BG11+CE11+CW11+DK11) -> 28 | E11: =(D11)/D$9*100 -> 70 | F11: =IF(E11<50,E11, " ") | G11: =IF(E11<30,E11, " ") | M11: =SUM(H11:L11) -> 0 | N11: =M11/M$9*100 -> #DIV/0! | X11: 1 | Y11: 1 | AB11: 1 | AD11: 1 | AF11: 1 | AG11: 1 | AH11: 1 | AI11: 1 | AJ11: =SUM(O11:AI11) -> 8 | AK11: =AJ11/AJ$9*100 -> 72.727273 | AL11: 1 | AP11: 1 | AT11: 1 | AX11: 1 | AY11: 1 | BC11: 1 | BD11: 1 | BE11: 1 | BF11: 1 | BG11: =SUM(AM11:BF11) -> 8 | BH11: =BG11/BG$9*100 -> 57.142857 | BI11: 1 | BJ11: 1 | BL11: 1 | BN11: 1 | BO11: 1 | BP11: 1 | BQ11: 1 | BR11: 1 | CE11: =SUM(BI11:CD11) -> 8 | CF11: =CE11/CE$9*100 -> 100 | CG11: 1 | CH11: 1 | CI11: 1 | CJ11: 1 | CW11: =SUM(CG11:CV11) -> 4 | CX11: =CW11/CW$9*100 -> 57.142857 | DK11: =SUM(CY11:DJ11) -> 0 | DL11: =DK11/DK$9*100 -> #DIV/0!
A12: 3 | B12: 0827CI241002 | C12: AARDRA TRIVEDI | D12: =SUM(M12+AJ12+BG12+CE12+CW12+DK12) -> 17 | E12: =(D12)/D$9*100 -> 42.5 | F12: =IF(E12<50,E12, " ") -> 42.5 | G12: =IF(E12<30,E12, " ") | M12: =SUM(H12:L12) -> 0 | N12: =M12/M$9*100 -> #DIV/0! | X12: 1 | Y12: 1 | AB12: 1 | AC12: 1 | AF12: 1 | AG12: 1 | AH12: 1 | AJ12: =SUM(O12:AI12) -> 7 | AK12: =AJ12/AJ$9*100 -> 63.636364 | AO12: 1 | AP12: 1 | AS12: 1 | AX12: 1 | AY12: 1 | BG12: =SUM(AM12:BF12) -> 5 | BH12: =BG12/BG$9*100 -> 35.714286 | BL12: 1 | BN12: 1 | BR12: 1 | CE12: =SUM(BI12:CD12) -> 3 | CF12: =CE12/CE$9*100 -> 37.5 | CG12: 1 | CH12: 1 | CW12: =SUM(CG12:CV12) -> 2 | CX12: =CW12/CW$9*100 -> 28.571429 | DK12: =SUM(CY12:DJ12) -> 0 | DL12: =DK12/DK$9*100 -> #DIV/0!
A13: 4 | B13: 0827CI241003 | C13: AARNA DUBEY | D13: =SUM(M13+AJ13+BG13+CE13+CW13+DK13) -> 21 | E13: =(D13)/D$9*100 -> 52.5 | F13: =IF(E13<50,E13, " ") | G13: =IF(E13<30,E13, " ") | M13: =SUM(H13:L13) -> 0 | N13: =M13/M$9*100 -> #DIV/0! | X13: 1 | Y13: 1 | AB13: 1 | AC13: 1 | AD13: 1 | AF13: 1 | AG13: 1 | AH13: 1 | AJ13: =SUM(O13:AI13) -> 8 | AK13: =AJ13/AJ$9*100 -> 72.727273 | AO13: 1 | AP13: 1 | AS13: 1 | AX13: 1 | AY13: 1 | BF13: 1 | BG13: =SUM(AM13:BF13) -> 6 | BH13: =BG13/BG$9*100 -> 42.857143 | BI13: 1 | BJ13: 1 | BL13: 1 | BN13: 1 | BR13: 1 | CE13: =SUM(BI13:CD13) -> 5 | CF13: =CE13/CE$9*100 -> 62.5 | CG13: 1 | CH13: 1 | CW13: =SUM(CG13:CV13) -> 2 | CX13: =CW13/CW$9*100 -> 28.571429 | DK13: =SUM(CY13:DJ13) -> 0 | DL13: =DK13/DK$9*100 -> #DIV/0!
A14: 5 | B14: 0827CI241004 | C14: AASHI BINDAL | D14: =SUM(M14+AJ14+BG14+CE14+CW14+DK14) -> 27 | E14: =(D14)/D$9*100 -> 67.5 | F14: =IF(E14<50,E14, " ") | G14: =IF(E14<30,E14, " ") | M14: =SUM(H14:L14) -> 0 | N14: =M14/M$9*100 -> #DIV/0! | X14: 1 | Y14: 1 | AB14: 1 | AF14: 1 | AG14: 1 | AH14: 1 | AI14: 1 | AJ14: =SUM(O14:AI14) -> 7 | AK14: =AJ14/AJ$9*100 -> 63.636364 | AL14: 1 | AT14: 1 | AU14: 1 | AV14: 1 | AX14: 1 | AY14: 1 | BB14: 1 | BC14: 1 | BD14: 1 | BE14: 1 | BG14: =SUM(AM14:BF14) -> 9 | BH14: =BG14/BG$9*100 -> 64.285714 | BI14: 1 | BJ14: 1 | BL14: 1 | BN14: 1 | BR14: 1 | CE14: =SUM(BI14:CD14) -> 5 | CF14: =CE14/CE$9*100 -> 62.5 | CG14: 1 | CH14: 1 | CI14: 1 | CK14: 1 | CL14: 1 | CM14: 1 | CW14: =SUM(CG14:CV14) -> 6 | CX14: =CW14/CW$9*100 -> 85.714286 | DK14: =SUM(CY14:DJ14) -> 0 | DL14: =DK14/DK$9*100 -> #DIV/0!
A15: 6 | B15: 0827CI241005 | C15: AASHI SAJJAN | D15: =SUM(M15+AJ15+BG15+CE15+CW15+DK15) -> 29 | E15: =(D15)/D$9*100 -> 72.5 | F15: =IF(E15<50,E15, " ") | G15: =IF(E15<30,E15, " ") | M15: =SUM(H15:L15) -> 0 | N15: =M15/M$9*100 -> #DIV/0! | X15: 1 | Y15: 1 | AB15: 1 | AD15: 1 | AF15: 1 | AG15: 1 | AH15: 1 | AI15: 1 | AJ15: =SUM(O15:AI15) -> 8 | AK15: =AJ15/AJ$9*100 -> 72.727273 | AL15: 1 | AP15: 1 | AT15: 1 | AU15: 1 | AV15: 1 | AX15: 1 | AY15: 1 | BB15: 1 | BD15: 1 | BE15: 1 | BG15: =SUM(AM15:BF15) -> 9 | BH15: =BG15/BG$9*100 -> 64.285714 | BI15: 1 | BJ15: 1 | BL15: 1 | BP15: 1 | BQ15: 1 | BR15: 1 | CE15: =SUM(BI15:CD15) -> 6 | CF15: =CE15/CE$9*100 -> 75 | CG15: 1 | CH15: 1 | CI15: 1 | CK15: 1 | CL15: 1 | CM15: 1 | CW15: =SUM(CG15:CV15) -> 6 | CX15: =CW15/CW$9*100 -> 85.714286 | DK15: =SUM(CY15:DJ15) -> 0 | DL15: =DK15/DK$9*100 -> #DIV/0!
A16: 7 | B16: 0827CI241006 | C16: AAYUSH DHAKAD | D16: =SUM(M16+AJ16+BG16+CE16+CW16+DK16) -> 5 | E16: =(D16)/D$9*100 -> 12.5 | F16: =IF(E16<50,E16, " ") -> 12.5 | G16: =IF(E16<30,E16, " ") -> 12.5 | M16: =SUM(H16:L16) -> 0 | N16: =M16/M$9*100 -> #DIV/0! | AB16: 1 | AC16: 1 | AJ16: =SUM(O16:AI16) -> 2 | AK16: =AJ16/AJ$9*100 -> 18.181818 | AO16: 1 | AY16: 1 | BD16: 1 | BG16: =SUM(AM16:BF16) -> 3 | BH16: =BG16/BG$9*100 -> 21.428571 | CE16: =SUM(BI16:CD16) -> 0 | CF16: =CE16/CE$9*100 -> 0 | CW16: =SUM(CG16:CV16) -> 0 | CX16: =CW16/CW$9*100 -> 0 | DK16: =SUM(CY16:DJ16) -> 0 | DL16: =DK16/DK$9*100 -> #DIV/0!
A17: 8 | B17: 0827CI241007 | C17: ADARSH PATHADE | D17: =SUM(M17+AJ17+BG17+CE17+CW17+DK17) -> 13 | E17: =(D17)/D$9*100 -> 32.5 | F17: =IF(E17<50,E17, " ") -> 32.5 | G17: =IF(E17<30,E17, " ") | M17: =SUM(H17:L17) -> 0 | N17: =M17/M$9*100 -> #DIV/0! | Y17: 1 | AB17: 1 | AI17: 1 | AJ17: =SUM(O17:AI17) -> 3 | AK17: =AJ17/AJ$9*100 -> 27.272727 | AL17: 1 | AY17: 1 | BG17: =SUM(AM17:BF17) -> 1 | BH17: =BG17/BG$9*100 -> 7.1428571 | BI17: 1 | BJ17: 1 | BN17: 1 | BO17: 1 | BQ17: 1 | BR17: 1 | CE17: =SUM(BI17:CD17) -> 6 | CF17: =CE17/CE$9*100 -> 75 | CG17: 1 | CH17: 1 | CI17: 1 | CW17: =SUM(CG17:CV17) -> 3 | CX17: =CW17/CW$9*100 -> 42.857143 | DK17: =SUM(CY17:DJ17) -> 0 | DL17: =DK17/DK$9*100 -> #DIV/0!
A18: 9 | B18: 0827CI241008 | C18: ADITI MISHRA | D18: =SUM(M18+AJ18+BG18+CE18+CW18+DK18) -> 16 | E18: =(D18)/D$9*100 -> 40 | F18: =IF(E18<50,E18, " ") -> 40 | G18: =IF(E18<30,E18, " ") | M18: =SUM(H18:L18) -> 0 | N18: =M18/M$9*100 -> #DIV/0! | X18: 1 | Y18: 1 | AC18: 1 | AD18: 1 | AG18: 1 | AI18: 1 | AJ18: =SUM(O18:AI18) -> 6 | AK18: =AJ18/AJ$9*100 -> 54.545455 | AO18: 1 | AP18: 1 | AU18: 1 | BG18: =SUM(AM18:BF18) -> 3 | BH18: =BG18/BG$9*100 -> 21.428571 | BL18: 1 | BN18: 1 | BQ18: 1 | BR18: 1 | CE18: =SUM(BI18:CD18) -> 4 | CF18: =CE18/CE$9*100 -> 50 | CG18: 1 | CH18: 1 | CI18: 1 | CW18: =SUM(CG18:CV18) -> 3 | CX18: =CW18/CW$9*100 -> 42.857143 | DK18: =SUM(CY18:DJ18) -> 0 | DL18: =DK18/DK$9*100 -> #DIV/0!
A19: 10 | B19: 0827CI241009 | C19: ADITYA TRIPATHI | D19: =SUM(M19+AJ19+BG19+CE19+CW19+DK19) -> 19 | E19: =(D19)/D$9*100 -> 47.5 | F19: =IF(E19<50,E19, " ") -> 47.5 | G19: =IF(E19<30,E19, " ") | M19: =SUM(H19:L19) -> 0 | N19: =M19/M$9*100 -> #DIV/0! | X19: 1 | Y19: 1 | AB19: 1 | AC19: 1 | AD19: 1 | AG19: 1 | AH19: 1 | AI19: 1 | AJ19: =SUM(O19:AI19) -> 8 | AK19: =AJ19/AJ$9*100 -> 72.727273 | AO19: 1 | AP19: 1 | AV19: 1 | AX19: 1 | BB19: 1 | BC19: 1 | BE19: 1 | BG19: =SUM(AM19:BF19) -> 7 | BH19: =BG19/BG$9*100 -> 50 | BN19: 1 | BQ19: 1 | BR19: 1 | CE19: =SUM(BI19:CD19) -> 3 | CF19: =CE19/CE$9*100 -> 37.5 | CI19: 1 | CW19: =SUM(CG19:CV19) -> 1 | CX19: =CW19/CW$9*100 -> 14.285714 | DK19: =SUM(CY19:DJ19) -> 0 | DL19: =DK19/DK$9*100 -> #DIV/0!
A20: 11 | B20: 0827CI241010 | C20: ADWITIYA VERMA | D20: =SUM(M20+AJ20+BG20+CE20+CW20+DK20) -> 25 | E20: =(D20)/D$9*100 -> 62.5 | F20: =IF(E20<50,E20, " ") | G20: =IF(E20<30,E20, " ") | M20: =SUM(H20:L20) -> 0 | N20: =M20/M$9*100 -> #DIV/0! | X20: 1 | Y20: 1 | AB20: 1 | AC20: 1 | AD20: 1 | AF20: 1 | AG20: 1 | AH20: 1 | AI20: 1 | AJ20: =SUM(O20:AI20) -> 9 | AK20: =AJ20/AJ$9*100 -> 81.818182 | AL20: 1 | AO20: 1 | AP20: 1 | AS20: 1 | AT20: 1 | AU20: 1 | AX20: 1 | AY20: 1 | BB20: 1 | BD20: 1 | BG20: =SUM(AM20:BF20) -> 9 | BH20: =BG20/BG$9*100 -> 64.285714 | BI20: 1 | BJ20: 1 | BL20: 1 | BN20: 1 | BQ20: 1 | BR20: 1 | CE20: =SUM(BI20:CD20) -> 6 | CF20: =CE20/CE$9*100 -> 75 | CI20: 1 | CW20: =SUM(CG20:CV20) -> 1 | CX20: =CW20/CW$9*100 -> 14.285714 | DK20: =SUM(CY20:DJ20) -> 0 | DL20: =DK20/DK$9*100 -> #DIV/0!
A21: 12 | B21: 0827CI241011 | C21: AKSHADA ANDHALE | D21: =SUM(M21+AJ21+BG21+CE21+CW21+DK21) -> 23 | E21: =(D21)/D$9*100 -> 57.5 | F21: =IF(E21<50,E21, " ") | G21: =IF(E21<30,E21, " ") | M21: =SUM(H21:L21) -> 0 | N21: =M21/M$9*100 -> #DIV/0! | X21: 1 | Y21: 1 | AB21: 1 | AC21: 1 | AF21: 1 | AG21: 1 | AJ21: =SUM(O21:AI21) -> 6 | AK21: =AJ21/AJ$9*100 -> 54.545455 | AL21: 1 | AO21: 1 | AP21: 1 | AQ21: 1 | AT21: 1 | AU21: 1 | AX21: 1 | AY21: 1 | BG21: =SUM(AM21:BF21) -> 7 | BH21: =BG21/BG$9*100 -> 50 | BI21: 1 | BJ21: 1 | BN21: 1 | BQ21: 1 | BR21: 1 | CE21: =SUM(BI21:CD21) -> 5 | CF21: =CE21/CE$9*100 -> 62.5 | CG21: 1 | CH21: 1 | CK21: 1 | CL21: 1 | CM21: 1 | CW21: =SUM(CG21:CV21) -> 5 | CX21: =CW21/CW$9*100 -> 71.428571 | DK21: =SUM(CY21:DJ21) -> 0 | DL21: =DK21/DK$9*100 -> #DIV/0!
A22: 13 | B22: 0827CI241012 | C22: AKSHARA MANDLIYA | D22: =SUM(M22+AJ22+BG22+CE22+CW22+DK22) -> 18 | E22: =(D22)/D$9*100 -> 45 | F22: =IF(E22<50,E22, " ") -> 45 | G22: =IF(E22<30,E22, " ") | M22: =SUM(H22:L22) -> 0 | N22: =M22/M$9*100 -> #DIV/0! | X22: 1 | Y22: 1 | AC22: 1 | AD22: 1 | AG22: 1 | AI22: 1 | AJ22: =SUM(O22:AI22) -> 6 | AK22: =AJ22/AJ$9*100 -> 54.545455 | AO22: 1 | AP22: 1 | AU22: 1 | BG22: =SUM(AM22:BF22) -> 3 | BH22: =BG22/BG$9*100 -> 21.428571 | BI22: 1 | BJ22: 1 | BL22: 1 | BN22: 1 | BQ22: 1 | BR22: 1 | CE22: =SUM(BI22:CD22) -> 6 | CF22: =CE22/CE$9*100 -> 75 | CG22: 1 | CH22: 1 | CI22: 1 | CW22: =SUM(CG22:CV22) -> 3 | CX22: =CW22/CW$9*100 -> 42.857143 | DK22: =SUM(CY22:DJ22) -> 0 | DL22: =DK22/DK$9*100 -> #DIV/0!
A23: 14 | B23: 0827CI241013 | C23: ALOK KUMAWAT | D23: =SUM(M23+AJ23+BG23+CE23+CW23+DK23) -> 20 | E23: =(D23)/D$9*100 -> 50 | F23: =IF(E23<50,E23, " ") | G23: =IF(E23<30,E23, " ") | M23: =SUM(H23:L23) -> 0 | N23: =M23/M$9*100 -> #DIV/0! | X23: 1 | AD23: 1 | AE23: 1 | AG23: 1 | AI23: 1 | AJ23: =SUM(O23:AI23) -> 5 | AK23: =AJ23/AJ$9*100 -> 45.454545 | AT23: 1 | AU23: 1 | AV23: 1 | AY23: 1 | BB23: 1 | BD23: 1 | BG23: =SUM(AM23:BF23) -> 6 | BH23: =BG23/BG$9*100 -> 42.857143 | BI23: 1 | BJ23: 1 | BL23: 1 | BN23: 1 | BR23: 1 | CE23: =SUM(BI23:CD23) -> 5 | CF23: =CE23/CE$9*100 -> 62.5 | CG23: 1 | CH23: 1 | CI23: 1 | CJ23: 1 | CW23: =SUM(CG23:CV23) -> 4 | CX23: =CW23/CW$9*100 -> 57.142857 | DK23: =SUM(CY23:DJ23) -> 0 | DL23: =DK23/DK$9*100 -> #DIV/0!
A24: 15 | B24: 0827CI241014 | C24: ANANYA AGRAWAL | D24: =SUM(M24+AJ24+BG24+CE24+CW24+DK24) -> 19 | E24: =(D24)/D$9*100 -> 47.5 | F24: =IF(E24<50,E24, " ") -> 47.5 | G24: =IF(E24<30,E24, " ") | M24: =SUM(H24:L24) -> 0 | N24: =M24/M$9*100 -> #DIV/0! | X24: 1 | Y24: 1 | AB24: 1 | AC24: 1 | AF24: 1 | AI24: 1 | AJ24: =SUM(O24:AI24) -> 6 | AK24: =AJ24/AJ$9*100 -> 54.545455 | AL24: 1 | AO24: 1 | AT24: 1 | AU24: 1 | AX24: 1 | AY24: 1 | BG24: =SUM(AM24:BF24) -> 5 | BH24: =BG24/BG$9*100 -> 35.714286 | BI24: 1 | BJ24: 1 | BN24: 1 | BQ24: 1 | BR24: 1 | CE24: =SUM(BI24:CD24) -> 5 | CF24: =CE24/CE$9*100 -> 62.5 | CG24: 1 | CH24: 1 | CI24: 1 | CW24: =SUM(CG24:CV24) -> 3 | CX24: =CW24/CW$9*100 -> 42.857143 | DK24: =SUM(CY24:DJ24) -> 0 | DL24: =DK24/DK$9*100 -> #DIV/0!
A25: 16 | B25: 0827CI241015 | C25: ANANYA YADAV | D25: =SUM(M25+AJ25+BG25+CE25+CW25+DK25) -> 17 | E25: =(D25)/D$9*100 -> 42.5 | F25: =IF(E25<50,E25, " ") -> 42.5 | G25: =IF(E25<30,E25, " ") | M25: =SUM(H25:L25) -> 0 | N25: =M25/M$9*100 -> #DIV/0! | X25: 1 | Y25: 1 | AC25: 1 | AD25: 1 | AG25: 1 | AJ25: =SUM(O25:AI25) -> 5 | AK25: =AJ25/AJ$9*100 -> 45.454545 | AL25: 1 | AP25: 1 | AT25: 1 | AU25: 1 | BG25: =SUM(AM25:BF25) -> 3 | BH25: =BG25/BG$9*100 -> 21.428571 | BI25: 1 | BJ25: 1 | BL25: 1 | BN25: 1 | BQ25: 1 | BR25: 1 | CE25: =SUM(BI25:CD25) -> 6 | CF25: =CE25/CE$9*100 -> 75 | CG25: 1 | CH25: 1 | CI25: 1 | CW25: =SUM(CG25:CV25) -> 3 | CX25: =CW25/CW$9*100 -> 42.857143 | DK25: =SUM(CY25:DJ25) -> 0 | DL25: =DK25/DK$9*100 -> #DIV/0!
A26: 17 | B26: 0827CI241016 | C26: ANJALI KHANDELWAL | D26: =SUM(M26+AJ26+BG26+CE26+CW26+DK26) -> 25 | E26: =(D26)/D$9*100 -> 62.5 | F26: =IF(E26<50,E26, " ") | G26: =IF(E26<30,E26, " ") | M26: =SUM(H26:L26) -> 0 | N26: =M26/M$9*100 -> #DIV/0! | X26: 1 | Y26: 1 | AB26: 1 | AC26: 1 | AD26: 1 | AF26: 1 | AG26: 1 | AI26: 1 | AJ26: =SUM(O26:AI26) -> 8 | AK26: =AJ26/AJ$9*100 -> 72.727273 | AS26: 1 | AT26: 1 | AU26: 1 | AV26: 1 | AX26: 1 | AY26: 1 | BB26: 1 | BC26: 1 | BD26: 1 | BE26: 1 | BG26: =SUM(AM26:BF26) -> 10 | BH26: =BG26/BG$9*100 -> 71.428571 | BI26: 1 | BJ26: 1 | BN26: 1 | BP26: 1 | BQ26: 1 | BR26: 1 | CE26: =SUM(BI26:CD26) -> 6 | CF26: =CE26/CE$9*100 -> 75 | CI26: 1 | CW26: =SUM(CG26:CV26) -> 1 | CX26: =CW26/CW$9*100 -> 14.285714 | DK26: =SUM(CY26:DJ26) -> 0 | DL26: =DK26/DK$9*100 -> #DIV/0!
A27: 18 | B27: 0827CI241017 | C27: ANMOL MANDLAWADIA | D27: =SUM(M27+AJ27+BG27+CE27+CW27+DK27) -> 10 | E27: =(D27)/D$9*100 -> 25 | F27: =IF(E27<50,E27, " ") -> 25 | G27: =IF(E27<30,E27, " ") -> 25 | M27: =SUM(H27:L27) -> 0 | N27: =M27/M$9*100 -> #DIV/0! | Y27: 1 | AB27: 1 | AJ27: =SUM(O27:AI27) -> 2 | AK27: =AJ27/AJ$9*100 -> 18.181818 | AY27: 1 | BG27: =SUM(AM27:BF27) -> 1 | BH27: =BG27/BG$9*100 -> 7.1428571 | BL27: 1 | BO27: 1 | BP27: 1 | BR27: 1 | CE27: =SUM(BI27:CD27) -> 4 | CF27: =CE27/CE$9*100 -> 50 | CG27: 1 | CH27: 1 | CJ27: 1 | CW27: =SUM(CG27:CV27) -> 3 | CX27: =CW27/CW$9*100 -> 42.857143 | DK27: =SUM(CY27:DJ27) -> 0 | DL27: =DK27/DK$9*100 -> #DIV/0!
A28: 19 | B28: 0827CI241018 | C28: ANMOL SINGH BASSAN | D28: =SUM(M28+AJ28+BG28+CE28+CW28+DK28) -> 24 | E28: =(D28)/D$9*100 -> 60 | F28: =IF(E28<50,E28, " ") | G28: =IF(E28<30,E28, " ") | M28: =SUM(H28:L28) -> 0 | N28: =M28/M$9*100 -> #DIV/0! | X28: 1 | AB28: 1 | AD28: 1 | AE28: 1 | AG28: 1 | AH28: 1 | AI28: 1 | AJ28: =SUM(O28:AI28) -> 7 | AK28: =AJ28/AJ$9*100 -> 63.636364 | AL28: 1 | AO28: 1 | AP28: 1 | AT28: 1 | AU28: 1 | AV28: 1 | AY28: 1 | BB28: 1 | BD28: 1 | BG28: =SUM(AM28:BF28) -> 8 | BH28: =BG28/BG$9*100 -> 57.142857 | BI28: 1 | BJ28: 1 | BL28: 1 | BN28: 1 | BR28: 1 | CE28: =SUM(BI28:CD28) -> 5 | CF28: =CE28/CE$9*100 -> 62.5 | CG28: 1 | CH28: 1 | CI28: 1 | CJ28: 1 | CW28: =SUM(CG28:CV28) -> 4 | CX28: =CW28/CW$9*100 -> 57.142857 | DK28: =SUM(CY28:DJ28) -> 0 | DL28: =DK28/DK$9*100 -> #DIV/0!
A29: 20 | B29: 0827CI241019 | C29: ANSHIKA KHARE | D29: =SUM(M29+AJ29+BG29+CE29+CW29+DK29) -> 18 | E29: =(D29)/D$9*100 -> 45 | F29: =IF(E29<50,E29, " ") -> 45 | G29: =IF(E29<30,E29, " ") | M29: =SUM(H29:L29) -> 0 | N29: =M29/M$9*100 -> #DIV/0! | X29: 1 | Y29: 1 | AC29: 1 | AD29: 1 | AG29: 1 | AI29: 1 | AJ29: =SUM(O29:AI29) -> 6 | AK29: =AJ29/AJ$9*100 -> 54.545455 | AL29: 1 | AO29: 1 | AP29: 1 | AS29: 1 | AU29: 1 | BB29: 1 | BG29: =SUM(AM29:BF29) -> 5 | BH29: =BG29/BG$9*100 -> 35.714286 | BI29: 1 | BJ29: 1 | BN29: 1 | BR29: 1 | CE29: =SUM(BI29:CD29) -> 4 | CF29: =CE29/CE$9*100 -> 50 | CG29: 1 | CH29: 1 | CI29: 1 | CW29: =SUM(CG29:CV29) -> 3 | CX29: =CW29/CW$9*100 -> 42.857143 | DK29: =SUM(CY29:DJ29) -> 0 | DL29: =DK29/DK$9*100 -> #DIV/0!
A30: 21 | B30: 0827CI241020 | C30: ANSHIKA SHRIVASTAV | D30: =SUM(M30+AJ30+BG30+CE30+CW30+DK30) -> 0 | E30: =(D30)/D$9*100 -> 0 | F30: =IF(E30<50,E30, " ") -> 0 | G30: =IF(E30<30,E30, " ") -> 0 | M30: =SUM(H30:L30) -> 0 | N30: =M30/M$9*100 -> #DIV/0! | AJ30: =SUM(O30:AI30) -> 0 | AK30: =AJ30/AJ$9*100 -> 0 | AL30: 1 | BG30: =SUM(AM30:BF30) -> 0 | BH30: =BG30/BG$9*100 -> 0 | CE30: =SUM(BI30:CD30) -> 0 | CF30: =CE30/CE$9*100 -> 0 | CW30: =SUM(CG30:CV30) -> 0 | CX30: =CW30/CW$9*100 -> 0 | DK30: =SUM(CY30:DJ30) -> 0 | DL30: =DK30/DK$9*100 -> #DIV/0!
A31: 22 | B31: 0827CI241021 | C31: ANUJ MALVIYA | D31: =SUM(M31+AJ31+BG31+CE31+CW31+DK31) -> 16 | E31: =(D31)/D$9*100 -> 40 | F31: =IF(E31<50,E31, " ") -> 40 | G31: =IF(E31<30,E31, " ") | M31: =SUM(H31:L31) -> 0 | N31: =M31/M$9*100 -> #DIV/0! | AH31: 1 | AI31: 1 | AJ31: =SUM(O31:AI31) -> 2 | AK31: =AJ31/AJ$9*100 -> 18.181818 | AP31: 1 | AS31: 1 | AU31: 1 | AX31: 1 | BF31: 1 | BG31: =SUM(AM31:BF31) -> 5 | BH31: =BG31/BG$9*100 -> 35.714286 | BI31: 1 | BJ31: 1 | BL31: 1 | BO31: 1 | BQ31: 1 | BR31: 1 | CE31: =SUM(BI31:CD31) -> 6 | CF31: =CE31/CE$9*100 -> 75 | CG31: 1 | CH31: 1 | CI31: 1 | CW31: =SUM(CG31:CV31) -> 3 | CX31: =CW31/CW$9*100 -> 42.857143 | DK31: =SUM(CY31:DJ31) -> 0 | DL31: =DK31/DK$9*100 -> #DIV/0!
