Workbook

Sheet 601
A1: CSIT-601
A2: Faculty Name: | C2: Prof. Amrita Jain
A3: Subject Name : | C3: Software Engineering & Agile
A4: Subject Code :
A5: Start Date | C5: 46069
A6: End Date
H7: 1
D8: Total Class | E8: OverAll Att. % | F8: Att. 50% | G8: Att. 30% | H8: 46069 | I8: 46070 | J8: 46071 | K8: 46072 | L8: 46076 | M8: 46077 | N8: 46078 | O8: 46079 | P8: 46080 | Q8: 46081 | R8: FEB CLASS | S8: FEB% | T8: 46085 | U8: 46086 | V8: 46087 | W8: 46090 | X8: 46091 | Y8: 46092 | Z8: 46093 | AA8: 46094 | AB8: 46097 | AC8: 46098 | AD8: 46099 | AE8: 46100 | AF8: 46101 | AG8: 46104 | AH8: 46105 | AI8: 46106 | AJ8: 46107 | AK8: 46111 | AL8: MAR CLASS | AM8: MAR% | AN8: 46113 | AO8: 46114 | AP8: 46115 | AQ8: 46118 | AR8: 46119 | AS8: 46120 | AT8: 46121 | AU8: 46122 | AV8: 46125 | AW8: 46127 | AX8: 46128 | AY8: 46129 | AZ8: 46132 | BA8: 46133 | BB8: 46134 | BC8: 46135 | BD8: 46136 | BE8: 46139 | BF8: 46140 | BG8: 46141 | BH8: 46142 | BI8: APRIL CLASS | BJ8: APRIL % | BK8: 46143 | BL8: 46146 | BM8: 46147 | BN8: 46148 | BO8: 46149 | BP8: 46150 | BQ8: 46153 | BR8: 46154 | BS8: 46155 | BT8: 46156 | BU8: 46157 | BV8: 46160 | BW8: 46161 | BX8: 46162 | BY8: 46163 | BZ8: 46164 | CA8: 46167 | CB8: 46168 | CC8: 46169 | CD8: 46170 | CE8: 46171 | CF8: MAY CLASS | CG8: MAY % | CH8: 46174 | CI8: 46175 | CJ8: 46176 | CK8: 46177 | CL8: 46178 | CM8: 46181 | CN8: 46182 | CO8: 46183 | CP8: 46184 | CQ8: 46185 | CR8: 46186 | CS8: JUNE CLASS | CT8: JUNE% | CU8: SPECIAL LEAVE | CV8: OVER ALL % | CW8: TOTAL CLASS | CX8: REMARK
A9: s.no. | B9: Enrollment NO. | C9: Student Name | D9: =SUM(R9+AL9+BI9+CF9+CS9) -> 27 | H9: =SUM(H10:H92) -> 0 | I9: =SUM(I10:I92) -> 0 | J9: =SUM(J10:J92) -> 0 | K9: =SUM(K10:K92) -> 9 | L9: =SUM(L10:L92) -> 0 | M9: =SUM(M10:M92) -> 31 | N9: =SUM(N10:N92) -> 0 | O9: =SUM(O10:O92) -> 0 | ... Q9: =SUM(Q10:Q92) -> 0 | R9: =COUNTIF(H9:Q9,">0") -> 2 | S9: =COUNTIF(H9:I9,">0") -> 0 | T9: =SUM(T10:T92) -> 0 | U9: =SUM(U10:U92) -> 0 | V9: =SUM(V10:V92) -> 0 | W9: =SUM(W10:W92) -> 0 | X9: =SUM(X10:X92) -> 0 | Y9: =SUM(Y10:Y92) -> 33 | Z9: =SUM(Z10:Z92) -> 0 | AA9: =SUM(AA10:AA92) -> 12 | ... AK9: =SUM(AK10:AK92) -> 0 | AL9: =COUNTIF(T9:AK9,">0") -> 8 | AM9: =SUM(R9+AL9) -> 10 | AN9: =SUM(AN10:AN91) -> 0 | AO9: =SUM(AO10:AO91) -> 0 | AP9: =SUM(AP10:AP91) -> 0 | AQ9: =SUM(AQ10:AQ91) -> 0 | AR9: =SUM(AR10:AR91) -> 0 | AS9: =SUM(AS10:AS91) -> 43 | AT9: =SUM(AT10:AT91) -> 0 | AU9: =SUM(AU10:AU91) -> 0 | ... BH9: =SUM(BH10:BH91) -> 0 | BI9: =COUNTIF(AN9:BH9,">0") -> 8 | BJ9: =SUM(AM9+BI9) -> 18 | BK9: =SUM(BK10:BK91) -> 8 | BL9: =SUM(BL10:BL91) -> 25 | BM9: =SUM(BM10:BM91) -> 26 | BN9: =SUM(BN10:BN91) -> 0 | BO9: =SUM(BO10:BO91) -> 0 | BP9: =SUM(BP10:BP91) -> 22 | BQ9: =SUM(BQ10:BQ91) -> 25 | BR9: =SUM(BR10:BR91) -> 48 | ... BW9: =SUM(BW10:BW91) -> 0 | CF9: =COUNTIF(BK9:CE9,">0") -> 9 | CG9: =SUM(BJ9+CF9) -> 27 | CH9: =SUM(CH10:CH84) -> 0 | CI9: =SUM(CI10:CI84) -> 0 | CJ9: =SUM(CJ10:CJ84) -> 0 | CK9: =SUM(CK10:CK69) -> 0 | CL9: =SUM(CL10:CL69) -> 0 | CM9: =SUM(CM10:CM69) -> 0 | CN9: =SUM(CN10:CN69) -> 0 | CO9: =SUM(CO10:CO84) -> 0 | CP9: =SUM(CP10:CP69) -> 0 | CQ9: =SUM(CQ10:CQ69) -> 0 | CR9: =SUM(CR10:CR69) -> 0 | CS9: =COUNTIF(CH9:CR9,">0") -> 0 | CT9: =SUM(CG9+CS9) -> 27 | CV9: =SUM(R9+AL9+BI9+CF9+CS9+CU9) -> 27 | CW9: =SUM(R9+AL9+BI9+CF9+CS9+CU9) -> 27
A10: 1 | B10: 0827CI231001 | C10: AADARSH GARHEWAL | D10: =SUM(R10+AL10+BI10+CF10+CS10+CU10) -> 3 | E10: =(D10)/D$9*100 -> 11.111111 | F10: =IF(E10<50,E10, " ") -> 11.111111 | G10: =IF(E10<30,E10, " ") -> 11.111111 | R10: =SUM(H10:Q10) -> 0 | S10: =R10/R$9*100 -> 0 | AB10: 1 | AH10: 1 | AL10: =SUM(T10:AK10) -> 2 | AM10: =AL10/AL$9*100 -> 25 | BI10: =SUM(AN10:BH10) -> 0 | BJ10: =BI10/BI$9*100 -> 0 | BR10: 1 | CF10: =SUM(BK10:BW10) -> 1 | CG10: =CF10/CF$9*100 -> 11.111111 | CS10: =SUM(CH10:CR10) -> 0 | CT10: =CS10/CS$9*100 -> #DIV/0! | CV10: =(D10)/D$9*100 -> 11.111111 | CW10: =SUM(R10+AL10+BI10+CF10+CS10+CU10) -> 3
A11: 2 | B11: 0827CI231002 | C11: AYUSH PATEL | D11: =SUM(R11+AL11+BI11+CF11+CS11+CU11) -> 19 | E11: =(D11)/D$9*100 -> 70.37037 | F11: =IF(E11<50,E11, " ") | G11: =IF(E11<30,E11, " ") | M11: 1 | R11: =SUM(H11:Q11) -> 1 | S11: =R11/R$9*100 -> 50 | Y11: 1 | AA11: 1 | AB11: 1 | AC11: 1 | AD11: 1 | AH11: 1 | AI11: 1 | AL11: =SUM(T11:AK11) -> 7 | AM11: =AL11/AL$9*100 -> 87.5 | AS11: 1 | BE11: 1 | BF11: 1 | BG11: 1 | BI11: =SUM(AN11:BH11) -> 4 | BJ11: =BI11/BI$9*100 -> 50 | BL11: 1 | BM11: 1 | BQ11: 1 | BR11: 1 | BS11: 1 | BU11: 1 | BV11: 1 | CF11: =SUM(BK11:BW11) -> 7 | CG11: =CF11/CF$9*100 -> 77.777778 | CS11: =SUM(CH11:CR11) -> 0 | CT11: =CS11/CS$9*100 -> #DIV/0! | CV11: =(D11)/D$9*100 -> 70.37037 | CW11: =SUM(R11+AL11+BI11+CF11+CS11+CU11) -> 19
A12: 3 | B12: 0827CI231003 | C12: ABHAY DUGAYA | D12: =SUM(R12+AL12+BI12+CF12+CS12+CU12) -> 6 | E12: =(D12)/D$9*100 -> 22.222222 | F12: =IF(E12<50,E12, " ") -> 22.222222 | G12: =IF(E12<30,E12, " ") -> 22.222222 | R12: =SUM(H12:Q12) -> 0 | S12: =R12/R$9*100 -> 0 | AB12: 1 | AC12: 1 | AH12: 1 | AL12: =SUM(T12:AK12) -> 3 | AM12: =AL12/AL$9*100 -> 37.5 | BF12: 1 | BI12: =SUM(AN12:BH12) -> 1 | BJ12: =BI12/BI$9*100 -> 12.5 | BR12: 1 | BS12: 1 | CF12: =SUM(BK12:BW12) -> 2 | CG12: =CF12/CF$9*100 -> 22.222222 | CS12: =SUM(CH12:CR12) -> 0 | CT12: =CS12/CS$9*100 -> #DIV/0! | CV12: =(D12)/D$9*100 -> 22.222222 | CW12: =SUM(R12+AL12+BI12+CF12+CS12+CU12) -> 6
A13: 4 | B13: 0827CI231004 | C13: ABHISHEK JAISWAL | D13: =SUM(R13+AL13+BI13+CF13+CS13+CU13) -> 13 | E13: =(D13)/D$9*100 -> 48.148148 | F13: =IF(E13<50,E13, " ") -> 48.148148 | G13: =IF(E13<30,E13, " ") | R13: =SUM(H13:Q13) -> 0 | S13: =R13/R$9*100 -> 0 | AB13: 1 | AC13: 1 | AH13: 1 | AI13: 1 | AL13: =SUM(T13:AK13) -> 4 | AM13: =AL13/AL$9*100 -> 50 | AS13: 1 | BA13: 1 | BF13: 1 | BI13: =SUM(AN13:BH13) -> 3 | BJ13: =BI13/BI$9*100 -> 37.5 | BL13: 1 | BM13: 1 | BQ13: 1 | BR13: 1 | BS13: 1 | BU13: 1 | CF13: =SUM(BK13:BW13) -> 6 | CG13: =CF13/CF$9*100 -> 66.666667 | CS13: =SUM(CH13:CR13) -> 0 | CT13: =CS13/CS$9*100 -> #DIV/0! | CV13: =(D13)/D$9*100 -> 48.148148 | CW13: =SUM(R13+AL13+BI13+CF13+CS13+CU13) -> 13
A14: 5 | B14: 0827CI231005 | C14: ABHISHEK VERMA | D14: =SUM(R14+AL14+BI14+CF14+CS14+CU14) -> 16 | E14: =(D14)/D$9*100 -> 59.259259 | F14: =IF(E14<50,E14, " ") | G14: =IF(E14<30,E14, " ") | K14: 1 | M14: 1 | R14: =SUM(H14:Q14) -> 2 | S14: =R14/R$9*100 -> 100 | AB14: 1 | AD14: 1 | AF14: 1 | AI14: 1 | AL14: =SUM(T14:AK14) -> 4 | AM14: =AL14/AL$9*100 -> 50 | AS14: 1 | BE14: 1 | BF14: 1 | BI14: =SUM(AN14:BH14) -> 3 | BJ14: =BI14/BI$9*100 -> 37.5 | BK14: 1 | BL14: 1 | BP14: 1 | BQ14: 1 | BR14: 1 | BS14: 1 | BU14: 1 | CF14: =SUM(BK14:BW14) -> 7 | CG14: =CF14/CF$9*100 -> 77.777778 | CS14: =SUM(CH14:CR14) -> 0 | CT14: =CS14/CS$9*100 -> #DIV/0! | CV14: =(D14)/D$9*100 -> 59.259259 | CW14: =SUM(R14+AL14+BI14+CF14+CS14+CU14) -> 16
A15: 6 | B15: 0827CI231006 | C15: ABINAV KOURAV | D15: =SUM(R15+AL15+BI15+CF15+CS15+CU15) -> 0 | E15: =(D15)/D$9*100 -> 0 | F15: =IF(E15<50,E15, " ") -> 0 | G15: =IF(E15<30,E15, " ") -> 0 | R15: =SUM(H15:Q15) -> 0 | S15: =R15/R$9*100 -> 0 | AL15: =SUM(T15:AK15) -> 0 | AM15: =AL15/AL$9*100 -> 0 | BI15: =SUM(AN15:BH15) -> 0 | BJ15: =BI15/BI$9*100 -> 0 | CF15: =SUM(BK15:BW15) -> 0 | CG15: =CF15/CF$9*100 -> 0 | CS15: =SUM(CH15:CR15) -> 0 | CT15: =CS15/CS$9*100 -> #DIV/0! | CV15: =(D15)/D$9*100 -> 0 | CW15: =SUM(R15+AL15+BI15+CF15+CS15+CU15) -> 0
A16: 7 | B16: 0827CI231007 | C16: ADARSH PRATAP SINGH GURJAR | D16: =SUM(R16+AL16+BI16+CF16+CS16+CU16) -> 9 | E16: =(D16)/D$9*100 -> 33.333333 | F16: =IF(E16<50,E16, " ") -> 33.333333 | G16: =IF(E16<30,E16, " ") | R16: =SUM(H16:Q16) -> 0 | S16: =R16/R$9*100 -> 0 | AH16: 1 | AL16: =SUM(T16:AK16) -> 1 | AM16: =AL16/AL$9*100 -> 12.5 | AS16: 1 | BB16: 1 | BF16: 1 | BI16: =SUM(AN16:BH16) -> 3 | BJ16: =BI16/BI$9*100 -> 37.5 | BM16: 1 | BP16: 1 | BQ16: 1 | BR16: 1 | BV16: 1 | CF16: =SUM(BK16:BW16) -> 5 | CG16: =CF16/CF$9*100 -> 55.555556 | CS16: =SUM(CH16:CR16) -> 0 | CT16: =CS16/CS$9*100 -> #DIV/0! | CV16: =(D16)/D$9*100 -> 33.333333 | CW16: =SUM(R16+AL16+BI16+CF16+CS16+CU16) -> 9
A17: 8 | B17: 0827CI231008 | C17: ADITI VISHWAKARMA | D17: =SUM(R17+AL17+BI17+CF17+CS17+CU17) -> 15 | E17: =(D17)/D$9*100 -> 55.555556 | F17: =IF(E17<50,E17, " ") | G17: =IF(E17<30,E17, " ") | M17: 1 | R17: =SUM(H17:Q17) -> 1 | S17: =R17/R$9*100 -> 50 | AB17: 1 | AC17: 1 | AD17: 1 | AF17: 1 | AI17: 1 | AL17: =SUM(T17:AK17) -> 5 | AM17: =AL17/AL$9*100 -> 62.5 | AS17: 1 | BE17: 1 | BF17: 1 | BI17: =SUM(AN17:BH17) -> 3 | BJ17: =BI17/BI$9*100 -> 37.5 | BK17: 1 | BL17: 1 | BP17: 1 | BQ17: 1 | BR17: 1 | BS17: 1 | CF17: =SUM(BK17:BW17) -> 6 | CG17: =CF17/CF$9*100 -> 66.666667 | CS17: =SUM(CH17:CR17) -> 0 | CT17: =CS17/CS$9*100 -> #DIV/0! | CV17: =(D17)/D$9*100 -> 55.555556 | CW17: =SUM(R17+AL17+BI17+CF17+CS17+CU17) -> 15
A18: 9 | B18: 0827CI231009 | C18: ADITYA TIWARI | D18: =SUM(R18+AL18+BI18+CF18+CS18+CU18) -> 9 | E18: =(D18)/D$9*100 -> 33.333333 | F18: =IF(E18<50,E18, " ") -> 33.333333 | G18: =IF(E18<30,E18, " ") | M18: 1 | R18: =SUM(H18:Q18) -> 1 | S18: =R18/R$9*100 -> 50 | AH18: 1 | AI18: 1 | AL18: =SUM(T18:AK18) -> 2 | AM18: =AL18/AL$9*100 -> 25 | AS18: 1 | BF18: 1 | BG18: 1 | BI18: =SUM(AN18:BH18) -> 3 | BJ18: =BI18/BI$9*100 -> 37.5 | BM18: 1 | BR18: 1 | BS18: 1 | CF18: =SUM(BK18:BW18) -> 3 | CG18: =CF18/CF$9*100 -> 33.333333 | CS18: =SUM(CH18:CR18) -> 0 | CT18: =CS18/CS$9*100 -> #DIV/0! | CV18: =(D18)/D$9*100 -> 33.333333 | CW18: =SUM(R18+AL18+BI18+CF18+CS18+CU18) -> 9
A19: 10 | B19: 0827CI231010 | C19: AKASH BARASKAR | D19: =SUM(R19+AL19+BI19+CF19+CS19+CU19) -> 10 | E19: =(D19)/D$9*100 -> 37.037037 | F19: =IF(E19<50,E19, " ") -> 37.037037 | G19: =IF(E19<30,E19, " ") | R19: =SUM(H19:Q19) -> 0 | S19: =R19/R$9*100 -> 0 | AC19: 1 | AD19: 1 | AL19: =SUM(T19:AK19) -> 2 | AM19: =AL19/AL$9*100 -> 25 | AZ19: 1 | BA19: 1 | BB19: 1 | BE19: 1 | BF19: 1 | BI19: =SUM(AN19:BH19) -> 5 | BJ19: =BI19/BI$9*100 -> 62.5 | BS19: 1 | BU19: 1 | BV19: 1 | CF19: =SUM(BK19:BW19) -> 3 | CG19: =CF19/CF$9*100 -> 33.333333 | CS19: =SUM(CH19:CR19) -> 0 | CT19: =CS19/CS$9*100 -> #DIV/0! | CV19: =(D19)/D$9*100 -> 37.037037 | CW19: =SUM(R19+AL19+BI19+CF19+CS19+CU19) -> 10
A20: 11 | B20: 0827CI231011 | C20: AKSHAT KARODE | D20: =SUM(R20+AL20+BI20+CF20+CS20+CU20) -> 8 | E20: =(D20)/D$9*100 -> 29.62963 | F20: =IF(E20<50,E20, " ") -> 29.62963 | G20: =IF(E20<30,E20, " ") -> 29.62963 | R20: =SUM(H20:Q20) -> 0 | S20: =R20/R$9*100 -> 0 | AB20: 1 | AC20: 1 | AI20: 1 | AL20: =SUM(T20:AK20) -> 3 | AM20: =AL20/AL$9*100 -> 37.5 | AS20: 1 | BF20: 1 | BI20: =SUM(AN20:BH20) -> 2 | BJ20: =BI20/BI$9*100 -> 25 | BP20: 1 | BR20: 1 | BS20: 1 | CF20: =SUM(BK20:BW20) -> 3 | CG20: =CF20/CF$9*100 -> 33.333333 | CS20: =SUM(CH20:CR20) -> 0 | CT20: =CS20/CS$9*100 -> #DIV/0! | CV20: =(D20)/D$9*100 -> 29.62963 | CW20: =SUM(R20+AL20+BI20+CF20+CS20+CU20) -> 8
A21: 12 | B21: 0827CI231012 | C21: AKSHAY KHANNA | D21: =SUM(R21+AL21+BI21+CF21+CS21+CU21) -> 10 | E21: =(D21)/D$9*100 -> 37.037037 | F21: =IF(E21<50,E21, " ") -> 37.037037 | G21: =IF(E21<30,E21, " ") | M21: 1 | R21: =SUM(H21:Q21) -> 1 | S21: =R21/R$9*100 -> 50 | AB21: 1 | AL21: =SUM(T21:AK21) -> 1 | AM21: =AL21/AL$9*100 -> 12.5 | AS21: 1 | BA21: 1 | BF21: 1 | BG21: 1 | BI21: =SUM(AN21:BH21) -> 4 | BJ21: =BI21/BI$9*100 -> 50 | BM21: 1 | BQ21: 1 | BR21: 1 | BS21: 1 | CF21: =SUM(BK21:BW21) -> 4 | CG21: =CF21/CF$9*100 -> 44.444444 | CS21: =SUM(CH21:CR21) -> 0 | CT21: =CS21/CS$9*100 -> #DIV/0! | CV21: =(D21)/D$9*100 -> 37.037037 | CW21: =SUM(R21+AL21+BI21+CF21+CS21+CU21) -> 10
A22: 13 | B22: 0827CI231013 | C22: AMAY MISHRA | D22: =SUM(R22+AL22+BI22+CF22+CS22+CU22) -> 10 | E22: =(D22)/D$9*100 -> 37.037037 | F22: =IF(E22<50,E22, " ") -> 37.037037 | G22: =IF(E22<30,E22, " ") | R22: =SUM(H22:Q22) -> 0 | S22: =R22/R$9*100 -> 0 | Y22: 1 | AB22: 1 | AI22: 1 | AL22: =SUM(T22:AK22) -> 3 | AM22: =AL22/AL$9*100 -> 37.5 | AS22: 1 | BE22: 1 | BF22: 1 | BG22: 1 | BI22: =SUM(AN22:BH22) -> 4 | BJ22: =BI22/BI$9*100 -> 50 | BP22: 1 | BQ22: 1 | BR22: 1 | CF22: =SUM(BK22:BW22) -> 3 | CG22: =CF22/CF$9*100 -> 33.333333 | CS22: =SUM(CH22:CR22) -> 0 | CT22: =CS22/CS$9*100 -> #DIV/0! | CV22: =(D22)/D$9*100 -> 37.037037 | CW22: =SUM(R22+AL22+BI22+CF22+CS22+CU22) -> 10
A23: 14 | B23: 0827CI231014 | C23: AMBAR YADAV | D23: =SUM(R23+AL23+BI23+CF23+CS23+CU23) -> 5 | E23: =(D23)/D$9*100 -> 18.518519 | F23: =IF(E23<50,E23, " ") -> 18.518519 | G23: =IF(E23<30,E23, " ") -> 18.518519 | R23: =SUM(H23:Q23) -> 0 | S23: =R23/R$9*100 -> 0 | AI23: 1 | AL23: =SUM(T23:AK23) -> 1 | AM23: =AL23/AL$9*100 -> 12.5 | AS23: 1 | BI23: =SUM(AN23:BH23) -> 1 | BJ23: =BI23/BI$9*100 -> 12.5 | BP23: 1 | BQ23: 1 | BR23: 1 | CF23: =SUM(BK23:BW23) -> 3 | CG23: =CF23/CF$9*100 -> 33.333333 | CS23: =SUM(CH23:CR23) -> 0 | CT23: =CS23/CS$9*100 -> #DIV/0! | CV23: =(D23)/D$9*100 -> 18.518519 | CW23: =SUM(R23+AL23+BI23+CF23+CS23+CU23) -> 5
A24: 15 | B24: 0827CI231015 | C24: AMIT YADAV | D24: =SUM(R24+AL24+BI24+CF24+CS24+CU24) -> 6 | E24: =(D24)/D$9*100 -> 22.222222 | F24: =IF(E24<50,E24, " ") -> 22.222222 | G24: =IF(E24<30,E24, " ") -> 22.222222 | R24: =SUM(H24:Q24) -> 0 | S24: =R24/R$9*100 -> 0 | Y24: 1 | AB24: 1 | AC24: 1 | AL24: =SUM(T24:AK24) -> 3 | AM24: =AL24/AL$9*100 -> 37.5 | BF24: 1 | BI24: =SUM(AN24:BH24) -> 1 | BJ24: =BI24/BI$9*100 -> 12.5 | BR24: 1 | BS24: 1 | CF24: =SUM(BK24:BW24) -> 2 | CG24: =CF24/CF$9*100 -> 22.222222 | CS24: =SUM(CH24:CR24) -> 0 | CT24: =CS24/CS$9*100 -> #DIV/0! | CV24: =(D24)/D$9*100 -> 22.222222 | CW24: =SUM(R24+AL24+BI24+CF24+CS24+CU24) -> 6
A25: 16 | B25: 0827CI231016 | C25: ANIRUDDH CHATURVEDI | D25: =SUM(R25+AL25+BI25+CF25+CS25+CU25) -> 7 | E25: =(D25)/D$9*100 -> 25.925926 | F25: =IF(E25<50,E25, " ") -> 25.925926 | G25: =IF(E25<30,E25, " ") -> 25.925926 | M25: 1 | R25: =SUM(H25:Q25) -> 1 | S25: =R25/R$9*100 -> 50 | Y25: 1 | AB25: 1 | AD25: 1 | AL25: =SUM(T25:AK25) -> 3 | AM25: =AL25/AL$9*100 -> 37.5 | BI25: =SUM(AN25:BH25) -> 0 | BJ25: =BI25/BI$9*100 -> 0 | BK25: 1 | BS25: 1 | BU25: 1 | CF25: =SUM(BK25:BW25) -> 3 | CG25: =CF25/CF$9*100 -> 33.333333 | CS25: =SUM(CH25:CR25) -> 0 | CT25: =CS25/CS$9*100 -> #DIV/0! | CV25: =(D25)/D$9*100 -> 25.925926 | CW25: =SUM(R25+AL25+BI25+CF25+CS25+CU25) -> 7
A26: 17 | B26: 0827CI231017 | C26: ANIRUDDHA SHARMA | D26: =SUM(R26+AL26+BI26+CF26+CS26+CU26) -> 3 | E26: =(D26)/D$9*100 -> 11.111111 | F26: =IF(E26<50,E26, " ") -> 11.111111 | G26: =IF(E26<30,E26, " ") -> 11.111111 | M26: 1 | R26: =SUM(H26:Q26) -> 1 | S26: =R26/R$9*100 -> 50 | AA26: 1 | AL26: =SUM(T26:AK26) -> 1 | AM26: =AL26/AL$9*100 -> 12.5 | BI26: =SUM(AN26:BH26) -> 0 | BJ26: =BI26/BI$9*100 -> 0 | BS26: 1 | CF26: =SUM(BK26:BW26) -> 1 | CG26: =CF26/CF$9*100 -> 11.111111 | CS26: =SUM(CH26:CR26) -> 0 | CT26: =CS26/CS$9*100 -> #DIV/0! | CV26: =(D26)/D$9*100 -> 11.111111 | CW26: =SUM(R26+AL26+BI26+CF26+CS26+CU26) -> 3
A27: 18 | B27: 0827CI231018 | C27: ANSH RATHORE | D27: =SUM(R27+AL27+BI27+CF27+CS27+CU27) -> 6 | E27: =(D27)/D$9*100 -> 22.222222 | F27: =IF(E27<50,E27, " ") -> 22.222222 | G27: =IF(E27<30,E27, " ") -> 22.222222 | M27: 1 | R27: =SUM(H27:Q27) -> 1 | S27: =R27/R$9*100 -> 50 | Y27: 1 | AH27: 1 | AI27: 1 | AL27: =SUM(T27:AK27) -> 3 | AM27: =AL27/AL$9*100 -> 37.5 | AS27: 1 | BF27: 1 | BI27: =SUM(AN27:BH27) -> 2 | BJ27: =BI27/BI$9*100 -> 25 | CF27: =SUM(BK27:BW27) -> 0 | CG27: =CF27/CF$9*100 -> 0 | CS27: =SUM(CH27:CR27) -> 0 | CT27: =CS27/CS$9*100 -> #DIV/0! | CV27: =(D27)/D$9*100 -> 22.222222 | CW27: =SUM(R27+AL27+BI27+CF27+CS27+CU27) -> 6
A28: 19 | B28: 0827CI231019 | C28: ANSH VAISHNAV | D28: =SUM(R28+AL28+BI28+CF28+CS28+CU28) -> 5 | E28: =(D28)/D$9*100 -> 18.518519 | F28: =IF(E28<50,E28, " ") -> 18.518519 | G28: =IF(E28<30,E28, " ") -> 18.518519 | M28: 1 | R28: =SUM(H28:Q28) -> 1 | S28: =R28/R$9*100 -> 50 | Y28: 1 | AC28: 1 | AL28: =SUM(T28:AK28) -> 2 | AM28: =AL28/AL$9*100 -> 25 | BI28: =SUM(AN28:BH28) -> 0 | BJ28: =BI28/BI$9*100 -> 0 | BR28: 1 | BS28: 1 | CF28: =SUM(BK28:BW28) -> 2 | CG28: =CF28/CF$9*100 -> 22.222222 | CS28: =SUM(CH28:CR28) -> 0 | CT28: =CS28/CS$9*100 -> #DIV/0! | CV28: =(D28)/D$9*100 -> 18.518519 | CW28: =SUM(R28+AL28+BI28+CF28+CS28+CU28) -> 5
A29: 20 | B29: 0827CI231020 | C29: ANSHU BILAWLIYA | D29: =SUM(R29+AL29+BI29+CF29+CS29+CU29) -> 23 | E29: =(D29)/D$9*100 -> 85.185185 | F29: =IF(E29<50,E29, " ") | G29: =IF(E29<30,E29, " ") | K29: 1 | M29: 1 | R29: =SUM(H29:Q29) -> 2 | S29: =R29/R$9*100 -> 100 | Y29: 1 | AA29: 1 | AB29: 1 | AC29: 1 | AD29: 1 | AH29: 1 | AI29: 1 | AL29: =SUM(T29:AK29) -> 7 | AM29: =AL29/AL$9*100 -> 87.5 | AS29: 1 | AZ29: 1 | BA29: 1 | BB29: 1 | BE29: 1 | BF29: 1 | BG29: 1 | BI29: =SUM(AN29:BH29) -> 7 | BJ29: =BI29/BI$9*100 -> 87.5 | BL29: 1 | BM29: 1 | BQ29: 1 | BR29: 1 | BS29: 1 | BU29: 1 | BV29: 1 | CF29: =SUM(BK29:BW29) -> 7 | CG29: =CF29/CF$9*100 -> 77.777778 | CS29: =SUM(CH29:CR29) -> 0 | CT29: =CS29/CS$9*100 -> #DIV/0! | CV29: =(D29)/D$9*100 -> 85.185185 | CW29: =SUM(R29+AL29+BI29+CF29+CS29+CU29) -> 23
A30: 21 | B30: 0827CI231021 | C30: ANUJ MALVIYA | D30: =SUM(R30+AL30+BI30+CF30+CS30+CU30) -> 6 | E30: =(D30)/D$9*100 -> 22.222222 | F30: =IF(E30<50,E30, " ") -> 22.222222 | G30: =IF(E30<30,E30, " ") -> 22.222222 | R30: =SUM(H30:Q30) -> 0 | S30: =R30/R$9*100 -> 0 | AL30: =SUM(T30:AK30) -> 0 | AM30: =AL30/AL$9*100 -> 0 | AS30: 1 | BF30: 1 | BG30: 1 | BI30: =SUM(AN30:BH30) -> 3 | BJ30: =BI30/BI$9*100 -> 37.5 | BP30: 1 | BR30: 1 | BS30: 1 | CF30: =SUM(BK30:BW30) -> 3 | CG30: =CF30/CF$9*100 -> 33.333333 | CS30: =SUM(CH30:CR30) -> 0 | CT30: =CS30/CS$9*100 -> #DIV/0! | CV30: =(D30)/D$9*100 -> 22.222222 | CW30: =SUM(R30+AL30+BI30+CF30+CS30+CU30) -> 6
A31: 22 | B31: 0827CI231022 | C31: ANVESH TRIVEDI | D31: =SUM(R31+AL31+BI31+CF31+CS31+CU31) -> 12 | E31: =(D31)/D$9*100 -> 44.444444 | F31: =IF(E31<50,E31, " ") -> 44.444444 | G31: =IF(E31<30,E31, " ") | M31: 1 | R31: =SUM(H31:Q31) -> 1 | S31: =R31/R$9*100 -> 50 | AC31: 1 | AH31: 1 | AI31: 1 | AL31: =SUM(T31:AK31) -> 3 | AM31: =AL31/AL$9*100 -> 37.5 | AS31: 1 | BA31: 1 | BF31: 1 | BG31: 1 | BI31: =SUM(AN31:BH31) -> 4 | BJ31: =BI31/BI$9*100 -> 50 | BM31: 1 | BQ31: 1 | BR31: 1 | BS31: 1 | CF31: =SUM(BK31:BW31) -> 4 | CG31: =CF31/CF$9*100 -> 44.444444 | CS31: =SUM(CH31:CR31) -> 0 | CT31: =CS31/CS$9*100 -> #DIV/0! | CV31: =(D31)/D$9*100 -> 44.444444 | CW31: =SUM(R31+AL31+BI31+CF31+CS31+CU31) -> 12
A32: 23 | B32: 0827CI231023 | C32: ANYA JAIN | D32: =SUM(R32+AL32+BI32+CF32+CS32+CU32) -> 14 | E32: =(D32)/D$9*100 -> 51.851852 | F32: =IF(E32<50,E32, " ") | G32: =IF(E32<30,E32, " ") | K32: 1 | R32: =SUM(H32:Q32) -> 1 | S32: =R32/R$9*100 -> 50 | AB32: 1 | AC32: 1 | AD32: 1 | AH32: 1 | AL32: =SUM(T32:AK32) -> 4 | AM32: =AL32/AL$9*100 -> 50 | AS32: 1 | BA32: 1 | BE32: 1 | BF32: 1 | BI32: =SUM(AN32:BH32) -> 4 | BJ32: =BI32/BI$9*100 -> 50 | BM32: 1 | BQ32: 1 | BR32: 1 | BS32: 1 | BU32: 1 | CF32: =SUM(BK32:BW32) -> 5 | CG32: =CF32/CF$9*100 -> 55.555556 | CS32: =SUM(CH32:CR32) -> 0 | CT32: =CS32/CS$9*100 -> #DIV/0! | CV32: =(D32)/D$9*100 -> 51.851852 | CW32: =SUM(R32+AL32+BI32+CF32+CS32+CU32) -> 14
A33: 24 | B33: 0827CI231024 | C33: ARYAN SINGH BHADORIA | D33: =SUM(R33+AL33+BI33+CF33+CS33+CU33) -> 13 | E33: =(D33)/D$9*100 -> 48.148148 | F33: =IF(E33<50,E33, " ") -> 48.148148 | G33: =IF(E33<30,E33, " ") | M33: 1 | R33: =SUM(H33:Q33) -> 1 | S33: =R33/R$9*100 -> 50 | AB33: 1 | AC33: 1 | AH33: 1 | AI33: 1 | AL33: =SUM(T33:AK33) -> 4 | AM33: =AL33/AL$9*100 -> 50 | AS33: 1 | BA33: 1 | BF33: 1 | BG33: 1 | BI33: =SUM(AN33:BH33) -> 4 | BJ33: =BI33/BI$9*100 -> 50 | BM33: 1 | BQ33: 1 | BR33: 1 | BS33: 1 | CF33: =SUM(BK33:BW33) -> 4 | CG33: =CF33/CF$9*100 -> 44.444444 | CS33: =SUM(CH33:CR33) -> 0 | CT33: =CS33/CS$9*100 -> #DIV/0! | CV33: =(D33)/D$9*100 -> 48.148148 | CW33: =SUM(R33+AL33+BI33+CF33+CS33+CU33) -> 13
A34: 25 | B34: 0827CI231025 | C34: ASHWIN CARPENTER | D34: =SUM(R34+AL34+BI34+CF34+CS34+CU34) -> 5 | E34: =(D34)/D$9*100 -> 18.518519 | F34: =IF(E34<50,E34, " ") -> 18.518519 | G34: =IF(E34<30,E34, " ") -> 18.518519 | R34: =SUM(H34:Q34) -> 0 | S34: =R34/R$9*100 -> 0 | Y34: 1 | AC34: 1 | AL34: =SUM(T34:AK34) -> 2 | AM34: =AL34/AL$9*100 -> 25 | AS34: 1 | BI34: =SUM(AN34:BH34) -> 1 | BJ34: =BI34/BI$9*100 -> 12.5 | BL34: 1 | BV34: 1 | CF34: =SUM(BK34:BW34) -> 2 | CG34: =CF34/CF$9*100 -> 22.222222 | CS34: =SUM(CH34:CR34) -> 0 | CT34: =CS34/CS$9*100 -> #DIV/0! | CV34: =(D34)/D$9*100 -> 18.518519 | CW34: =SUM(R34+AL34+BI34+CF34+CS34+CU34) -> 5
A35: 26 | B35: 0827CI231026 | C35: AVI KEDARE | D35: =SUM(R35+AL35+BI35+CF35+CS35+CU35) -> 17 | E35: =(D35)/D$9*100 -> 62.962963 | F35: =IF(E35<50,E35, " ") | G35: =IF(E35<30,E35, " ") | K35: 1 | M35: 1 | R35: =SUM(H35:Q35) -> 2 | S35: =R35/R$9*100 -> 100 | Y35: 1 | AA35: 1 | AB35: 1 | AC35: 1 | AD35: 1 | AL35: =SUM(T35:AK35) -> 5 | AM35: =AL35/AL$9*100 -> 62.5 | AS35: 1 | BE35: 1 | BF35: 1 | BG35: 1 | BI35: =SUM(AN35:BH35) -> 4 | BJ35: =BI35/BI$9*100 -> 50 | BL35: 1 | BQ35: 1 | BR35: 1 | BS35: 1 | BU35: 1 | BV35: 1 | CF35: =SUM(BK35:BW35) -> 6 | CG35: =CF35/CF$9*100 -> 66.666667 | CS35: =SUM(CH35:CR35) -> 0 | CT35: =CS35/CS$9*100 -> #DIV/0! | CV35: =(D35)/D$9*100 -> 62.962963 | CW35: =SUM(R35+AL35+BI35+CF35+CS35+CU35) -> 17
A36: 27 | B36: 0827CI231027 | C36: AYUSH CHOUDHARY | D36: =SUM(R36+AL36+BI36+CF36+CS36+CU36) -> 0 | E36: =(D36)/D$9*100 -> 0 | F36: =IF(E36<50,E36, " ") -> 0 | G36: =IF(E36<30,E36, " ") -> 0 | R36: =SUM(H36:Q36) -> 0 | S36: =R36/R$9*100 -> 0 | AL36: =SUM(T36:AK36) -> 0 | AM36: =AL36/AL$9*100 -> 0 | BI36: =SUM(AN36:BH36) -> 0 | BJ36: =BI36/BI$9*100 -> 0 | CF36: =SUM(BK36:BW36) -> 0 | CG36: =CF36/CF$9*100 -> 0 | CS36: =SUM(CH36:CR36) -> 0 | CT36: =CS36/CS$9*100 -> #DIV/0! | CV36: =(D36)/D$9*100 -> 0 | CW36: =SUM(R36+AL36+BI36+CF36+CS36+CU36) -> 0
A37: 28 | B37: 0827CI231028 | C37: AYUSH CHOURASIYA | D37: =SUM(R37+AL37+BI37+CF37+CS37+CU37) -> 7 | E37: =(D37)/D$9*100 -> 25.925926 | F37: =IF(E37<50,E37, " ") -> 25.925926 | G37: =IF(E37<30,E37, " ") -> 25.925926 | K37: 1 | R37: =SUM(H37:Q37) -> 1 | S37: =R37/R$9*100 -> 50 | Y37: 1 | AB37: 1 | AC37: 1 | AD37: 1 | AL37: =SUM(T37:AK37) -> 4 | AM37: =AL37/AL$9*100 -> 50 | BA37: 1 | BE37: 1 | BI37: =SUM(AN37:BH37) -> 2 | BJ37: =BI37/BI$9*100 -> 25 | CF37: =SUM(BK37:BW37) -> 0 | CG37: =CF37/CF$9*100 -> 0 | CS37: =SUM(CH37:CR37) -> 0 | CT37: =CS37/CS$9*100 -> #DIV/0! | CV37: =(D37)/D$9*100 -> 25.925926 | CW37: =SUM(R37+AL37+BI37+CF37+CS37+CU37) -> 7
A38: 29 | B38: 0827CI231029 | C38: CHIRAG | D38: =SUM(R38+AL38+BI38+CF38+CS38+CU38) -> 4 | E38: =(D38)/D$9*100 -> 14.814815 | F38: =IF(E38<50,E38, " ") -> 14.814815 | G38: =IF(E38<30,E38, " ") -> 14.814815 | R38: =SUM(H38:Q38) -> 0 | S38: =R38/R$9*100 -> 0 | AH38: 1 | AL38: =SUM(T38:AK38) -> 1 | AM38: =AL38/AL$9*100 -> 12.5 | BF38: 1 | BI38: =SUM(AN38:BH38) -> 1 | BJ38: =BI38/BI$9*100 -> 12.5 | BR38: 1 | BS38: 1 | CF38: =SUM(BK38:BW38) -> 2 | CG38: =CF38/CF$9*100 -> 22.222222 | CS38: =SUM(CH38:CR38) -> 0 | CT38: =CS38/CS$9*100 -> #DIV/0! | CV38: =(D38)/D$9*100 -> 14.814815 | CW38: =SUM(R38+AL38+BI38+CF38+CS38+CU38) -> 4
A39: 30 | B39: 0827CI231030 | C39: DARSHIL JAIN | D39: =SUM(R39+AL39+BI39+CF39+CS39+CU39) -> 3 | E39: =(D39)/D$9*100 -> 11.111111 | F39: =IF(E39<50,E39, " ") -> 11.111111 | G39: =IF(E39<30,E39, " ") -> 11.111111 | R39: =SUM(H39:Q39) -> 0 | S39: =R39/R$9*100 -> 0 | AL39: =SUM(T39:AK39) -> 0 | AM39: =AL39/AL$9*100 -> 0 | BI39: =SUM(AN39:BH39) -> 0 | BJ39: =BI39/BI$9*100 -> 0 | BM39: 1 | BR39: 1 | BS39: 1 | CF39: =SUM(BK39:BW39) -> 3 | CG39: =CF39/CF$9*100 -> 33.333333 | CS39: =SUM(CH39:CR39) -> 0 | CT39: =CS39/CS$9*100 -> #DIV/0! | CV39: =(D39)/D$9*100 -> 11.111111 | CW39: =SUM(R39+AL39+BI39+CF39+CS39+CU39) -> 3
A40: 31 | B40: 0827CI231031 | C40: DARSHIT JAIN | D40: =SUM(R40+AL40+BI40+CF40+CS40+CU40) -> 8 | E40: =(D40)/D$9*100 -> 29.62963 | F40: =IF(E40<50,E40, " ") -> 29.62963 | G40: =IF(E40<30,E40, " ") -> 29.62963 | M40: 1 | R40: =SUM(H40:Q40) -> 1 | S40: =R40/R$9*100 -> 50 | Y40: 1 | AC40: 1 | AL40: =SUM(T40:AK40) -> 2 | AM40: =AL40/AL$9*100 -> 25 | AS40: 1 | BF40: 1 | BI40: =SUM(AN40:BH40) -> 2 | BJ40: =BI40/BI$9*100 -> 25 | BM40: 1 | BQ40: 1 | BS40: 1 | CF40: =SUM(BK40:BW40) -> 3 | CG40: =CF40/CF$9*100 -> 33.333333 | CS40: =SUM(CH40:CR40) -> 0 | CT40: =CS40/CS$9*100 -> #DIV/0! | CV40: =(D40)/D$9*100 -> 29.62963 | CW40: =SUM(R40+AL40+BI40+CF40+CS40+CU40) -> 8
A41: 32 | B41: 0827CI231032 | C41: DEEVA JAIN | D41: =SUM(R41+AL41+BI41+CF41+CS41+CU41) -> 8 | E41: =(D41)/D$9*100 -> 29.62963 | F41: =IF(E41<50,E41, " ") -> 29.62963 | G41: =IF(E41<30,E41, " ") -> 29.62963 | R41: =SUM(H41:Q41) -> 0 | S41: =R41/R$9*100 -> 0 | AB41: 1 | AC41: 1 | AH41: 1 | AL41: =SUM(T41:AK41) -> 3 | AM41: =AL41/AL$9*100 -> 37.5 | AS41: 1 | BF41: 1 | BI41: =SUM(AN41:BH41) -> 2 | BJ41: =BI41/BI$9*100 -> 25 | BL41: 1 | BR41: 1 | BU41: 1 | CF41: =SUM(BK41:BW41) -> 3 | CG41: =CF41/CF$9*100 -> 33.333333 | CS41: =SUM(CH41:CR41) -> 0 | CT41: =CS41/CS$9*100 -> #DIV/0! | CV41: =(D41)/D$9*100 -> 29.62963 | CW41: =SUM(R41+AL41+BI41+CF41+CS41+CU41) -> 8
A42: 33 | B42: 0827CI231033 | C42: DEV AGRAWAL | D42: =SUM(R42+AL42+BI42+CF42+CS42+CU42) -> 4 | E42: =(D42)/D$9*100 -> 14.814815 | F42: =IF(E42<50,E42, " ") -> 14.814815 | G42: =IF(E42<30,E42, " ") -> 14.814815 | R42: =SUM(H42:Q42) -> 0 | S42: =R42/R$9*100 -> 0 | Y42: 1 | AL42: =SUM(T42:AK42) -> 1 | AM42: =AL42/AL$9*100 -> 12.5 | AS42: 1 | BI42: =SUM(AN42:BH42) -> 1 | BJ42: =BI42/BI$9*100 -> 12.5 | BU42: 1 | BV42: 1 | CF42: =SUM(BK42:BW42) -> 2 | CG42: =CF42/CF$9*100 -> 22.222222 | CS42: =SUM(CH42:CR42) -> 0 | CT42: =CS42/CS$9*100 -> #DIV/0! | CV42: =(D42)/D$9*100 -> 14.814815 | CW42: =SUM(R42+AL42+BI42+CF42+CS42+CU42) -> 4
A43: 34 | B43: 0827CI231034 | C43: DEVANG SHARMA | D43: =SUM(R43+AL43+BI43+CF43+CS43+CU43) -> 8 | E43: =(D43)/D$9*100 -> 29.62963 | F43: =IF(E43<50,E43, " ") -> 29.62963 | G43: =IF(E43<30,E43, " ") -> 29.62963 | R43: =SUM(H43:Q43) -> 0 | S43: =R43/R$9*100 -> 0 | AB43: 1 | AL43: =SUM(T43:AK43) -> 1 | AM43: =AL43/AL$9*100 -> 12.5 | AS43: 1 | BF43: 1 | BG43: 1 | BI43: =SUM(AN43:BH43) -> 3 | BJ43: =BI43/BI$9*100 -> 37.5 | BL43: 1 | BR43: 1 | BS43: 1 | BU43: 1 | CF43: =SUM(BK43:BW43) -> 4 | CG43: =CF43/CF$9*100 -> 44.444444 | CS43: =SUM(CH43:CR43) -> 0 | CT43: =CS43/CS$9*100 -> #DIV/0! | CV43: =(D43)/D$9*100 -> 29.62963 | CW43: =SUM(R43+AL43+BI43+CF43+CS43+CU43) -> 8
A44: 35 | B44: 0827CI231035 | C44: DHEER PANCHAL | D44: =SUM(R44+AL44+BI44+CF44+CS44+CU44) -> 8 | E44: =(D44)/D$9*100 -> 29.62963 | F44: =IF(E44<50,E44, " ") -> 29.62963 | G44: =IF(E44<30,E44, " ") -> 29.62963 | M44: 1 | R44: =SUM(H44:Q44) -> 1 | S44: =R44/R$9*100 -> 50 | Y44: 1 | AB44: 1 | AC44: 1 | AL44: =SUM(T44:AK44) -> 3 | AM44: =AL44/AL$9*100 -> 37.5 | BF44: 1 | BG44: 1 | BI44: =SUM(AN44:BH44) -> 2 | BJ44: =BI44/BI$9*100 -> 25 | BR44: 1 | BS44: 1 | CF44: =SUM(BK44:BW44) -> 2 | CG44: =CF44/CF$9*100 -> 22.222222 | CS44: =SUM(CH44:CR44) -> 0 | CT44: =CS44/CS$9*100 -> #DIV/0! | CV44: =(D44)/D$9*100 -> 29.62963 | CW44: =SUM(R44+AL44+BI44+CF44+CS44+CU44) -> 8
A45: 36 | B45: 0827CI231036 | C45: DHERYA CHOUHAN | D45: =SUM(R45+AL45+BI45+CF45+CS45+CU45) -> 0 | E45: =(D45)/D$9*100 -> 0 | F45: =IF(E45<50,E45, " ") -> 0 | G45: =IF(E45<30,E45, " ") -> 0 | R45: =SUM(H45:Q45) -> 0 | S45: =R45/R$9*100 -> 0 | AL45: =SUM(T45:AK45) -> 0 | AM45: =AL45/AL$9*100 -> 0 | BI45: =SUM(AN45:BH45) -> 0 | BJ45: =BI45/BI$9*100 -> 0 | CF45: =SUM(BK45:BW45) -> 0 | CG45: =CF45/CF$9*100 -> 0 | CS45: =SUM(CH45:CR45) -> 0 | CT45: =CS45/CS$9*100 -> #DIV/0! | CV45: =(D45)/D$9*100 -> 0 | CW45: =SUM(R45+AL45+BI45+CF45+CS45+CU45) -> 0
A46: 37 | B46: 0827CI231037 | C46: DIPENDRA GAMI | D46: =SUM(R46+AL46+BI46+CF46+CS46+CU46) -> 7 | E46: =(D46)/D$9*100 -> 25.925926 | F46: =IF(E46<50,E46, " ") -> 25.925926 | G46: =IF(E46<30,E46, " ") -> 25.925926 | M46: 1 | R46: =SUM(H46:Q46) -> 1 | S46: =R46/R$9*100 -> 50 | AC46: 1 | AL46: =SUM(T46:AK46) -> 1 | AM46: =AL46/AL$9*100 -> 12.5 | AS46: 1 | BF46: 1 | BI46: =SUM(AN46:BH46) -> 2 | BJ46: =BI46/BI$9*100 -> 25 | BM46: 1 | BR46: 1 | BS46: 1 | CF46: =SUM(BK46:BW46) -> 3 | CG46: =CF46/CF$9*100 -> 33.333333 | CS46: =SUM(CH46:CR46) -> 0 | CT46: =CS46/CS$9*100 -> #DIV/0! | CV46: =(D46)/D$9*100 -> 25.925926 | CW46: =SUM(R46+AL46+BI46+CF46+CS46+CU46) -> 7
A47: 38 | B47: 0827CI231038 | C47: DIPESH PATIDAR | D47: =SUM(R47+AL47+BI47+CF47+CS47+CU47) -> 16 | E47: =(D47)/D$9*100 -> 59.259259 | F47: =IF(E47<50,E47, " ") | G47: =IF(E47<30,E47, " ") | R47: =SUM(H47:Q47) -> 0 | S47: =R47/R$9*100 -> 0 | Y47: 1 | AA47: 1 | AB47: 1 | AC47: 1 | AD47: 1 | AH47: 1 | AI47: 1 | AL47: =SUM(T47:AK47) -> 7 | AM47: =AL47/AL$9*100 -> 87.5 | AS47: 1 | BG47: 1 | BI47: =SUM(AN47:BH47) -> 2 | BJ47: =BI47/BI$9*100 -> 25 | BL47: 1 | BM47: 1 | BQ47: 1 | BR47: 1 | BS47: 1 | BU47: 1 | BV47: 1 | CF47: =SUM(BK47:BW47) -> 7 | CG47: =CF47/CF$9*100 -> 77.777778 | CS47: =SUM(CH47:CR47) -> 0 | CT47: =CS47/CS$9*100 -> #DIV/0! | CV47: =(D47)/D$9*100 -> 59.259259 | CW47: =SUM(R47+AL47+BI47+CF47+CS47+CU47) -> 16
A48: 39 | B48: 0827CI231039 | C48: DISHA ASIJA | D48: =SUM(R48+AL48+BI48+CF48+CS48+CU48) -> 6 | E48: =(D48)/D$9*100 -> 22.222222 | F48: =IF(E48<50,E48, " ") -> 22.222222 | G48: =IF(E48<30,E48, " ") -> 22.222222 | M48: 1 | R48: =SUM(H48:Q48) -> 1 | S48: =R48/R$9*100 -> 50 | Y48: 1 | AH48: 1 | AI48: 1 | AL48: =SUM(T48:AK48) -> 3 | AM48: =AL48/AL$9*100 -> 37.5 | AS48: 1 | BI48: =SUM(AN48:BH48) -> 1 | BJ48: =BI48/BI$9*100 -> 12.5 | BR48: 1 | CF48: =SUM(BK48:BW48) -> 1 | CG48: =CF48/CF$9*100 -> 11.111111 | CS48: =SUM(CH48:CR48) -> 0 | CT48: =CS48/CS$9*100 -> #DIV/0! | CV48: =(D48)/D$9*100 -> 22.222222 | CW48: =SUM(R48+AL48+BI48+CF48+CS48+CU48) -> 6
A49: 40 | B49: 0827CI231040 | C49: EKLAVYA JANGID | D49: =SUM(R49+AL49+BI49+CF49+CS49+CU49) -> 6 | E49: =(D49)/D$9*100 -> 22.222222 | F49: =IF(E49<50,E49, " ") -> 22.222222 | G49: =IF(E49<30,E49, " ") -> 22.222222 | M49: 1 | R49: =SUM(H49:Q49) -> 1 | S49: =R49/R$9*100 -> 50 | Y49: 1 | AH49: 1 | AI49: 1 | AL49: =SUM(T49:AK49) -> 3 | AM49: =AL49/AL$9*100 -> 37.5 | AS49: 1 | BI49: =SUM(AN49:BH49) -> 1 | BJ49: =BI49/BI$9*100 -> 12.5 | BR49: 1 | CF49: =SUM(BK49:BW49) -> 1 | CG49: =CF49/CF$9*100 -> 11.111111 | CS49: =SUM(CH49:CR49) -> 0 | CT49: =CS49/CS$9*100 -> #DIV/0! | CV49: =(D49)/D$9*100 -> 22.222222 | CW49: =SUM(R49+AL49+BI49+CF49+CS49+CU49) -> 6
A50: 41 | B50: 0827CI231041 | C50: GULISHA AGRAWAL | D50: =SUM(R50+AL50+BI50+CF50+CS50+CU50) -> 6 | E50: =(D50)/D$9*100 -> 22.222222 | F50: =IF(E50<50,E50, " ") -> 22.222222 | G50: =IF(E50<30,E50, " ") -> 22.222222 | M50: 1 | R50: =SUM(H50:Q50) -> 1 | S50: =R50/R$9*100 -> 50 | Y50: 1 | AH50: 1 | AL50: =SUM(T50:AK50) -> 2 | AM50: =AL50/AL$9*100 -> 25 | BE50: 1 | BI50: =SUM(AN50:BH50) -> 1 | BJ50: =BI50/BI$9*100 -> 12.5 | BQ50: 1 | BR50: 1 | CF50: =SUM(BK50:BW50) -> 2 | CG50: =CF50/CF$9*100 -> 22.222222 | CS50: =SUM(CH50:CR50) -> 0 | CT50: =CS50/CS$9*100 -> #DIV/0! | CV50: =(D50)/D$9*100 -> 22.222222 | CW50: =SUM(R50+AL50+BI50+CF50+CS50+CU50) -> 6
A51: 42 | B51: 0827CI231042 | C51: GUNJAN UDIWAL | D51: =SUM(R51+AL51+BI51+CF51+CS51+CU51) -> 11 | E51: =(D51)/D$9*100 -> 40.740741 | F51: =IF(E51<50,E51, " ") -> 40.740741 | G51: =IF(E51<30,E51, " ") | M51: 1 | R51: =SUM(H51:Q51) -> 1 | S51: =R51/R$9*100 -> 50 | AA51: 1 | AB51: 1 | AC51: 1 | AI51: 1 | AL51: =SUM(T51:AK51) -> 4 | AM51: =AL51/AL$9*100 -> 50 | AS51: 1 | BF51: 1 | BG51: 1 | BI51: =SUM(AN51:BH51) -> 3 | BJ51: =BI51/BI$9*100 -> 37.5 | BL51: 1 | BP51: 1 | BU51: 1 | CF51: =SUM(BK51:BW51) -> 3 | CG51: =CF51/CF$9*100 -> 33.333333 | CS51: =SUM(CH51:CR51) -> 0 | CT51: =CS51/CS$9*100 -> #DIV/0! | CV51: =(D51)/D$9*100 -> 40.740741 | CW51: =SUM(R51+AL51+BI51+CF51+CS51+CU51) -> 11
A52: 43 | B52: 0827CI231043 | C52: HARI SINGH | D52: =SUM(R52+AL52+BI52+CF52+CS52+CU52) -> 6 | E52: =(D52)/D$9*100 -> 22.222222 | F52: =IF(E52<50,E52, " ") -> 22.222222 | G52: =IF(E52<30,E52, " ") -> 22.222222 | K52: 1 | M52: 1 | R52: =SUM(H52:Q52) -> 2 | S52: =R52/R$9*100 -> 100 | AA52: 1 | AC52: 1 | AH52: 1 | AL52: =SUM(T52:AK52) -> 3 | AM52: =AL52/AL$9*100 -> 37.5 | BF52: 1 | BI52: =SUM(AN52:BH52) -> 1 | BJ52: =BI52/BI$9*100 -> 12.5 | CF52: =SUM(BK52:BW52) -> 0 | CG52: =CF52/CF$9*100 -> 0 | CS52: =SUM(CH52:CR52) -> 0 | CT52: =CS52/CS$9*100 -> #DIV/0! | CV52: =(D52)/D$9*100 -> 22.222222 | CW52: =SUM(R52+AL52+BI52+CF52+CS52+CU52) -> 6
A53: 44 | B53: 0827CI231044 | C53: HARIOM PATIDAR | D53: =SUM(R53+AL53+BI53+CF53+CS53+CU53) -> 10 | E53: =(D53)/D$9*100 -> 37.037037 | F53: =IF(E53<50,E53, " ") -> 37.037037 | G53: =IF(E53<30,E53, " ") | M53: 1 | R53: =SUM(H53:Q53) -> 1 | S53: =R53/R$9*100 -> 50 | AB53: 1 | AC53: 1 | AL53: =SUM(T53:AK53) -> 2 | AM53: =AL53/AL$9*100 -> 25 | AS53: 1 | BF53: 1 | BG53: 1 | BI53: =SUM(AN53:BH53) -> 3 | BJ53: =BI53/BI$9*100 -> 37.5 | BL53: 1 | BM53: 1 | BP53: 1 | BV53: 1 | CF53: =SUM(BK53:BW53) -> 4 | CG53: =CF53/CF$9*100 -> 44.444444 | CS53: =SUM(CH53:CR53) -> 0 | CT53: =CS53/CS$9*100 -> #DIV/0! | CV53: =(D53)/D$9*100 -> 37.037037 | CW53: =SUM(R53+AL53+BI53+CF53+CS53+CU53) -> 10
A54: 45 | B54: 0827CI231045 | C54: HARSH PAREEK | D54: =SUM(R54+AL54+BI54+CF54+CS54+CU54) -> 6 | E54: =(D54)/D$9*100 -> 22.222222 | F54: =IF(E54<50,E54, " ") -> 22.222222 | G54: =IF(E54<30,E54, " ") -> 22.222222 | R54: =SUM(H54:Q54) -> 0 | S54: =R54/R$9*100 -> 0 | AL54: =SUM(T54:AK54) -> 0 | AM54: =AL54/AL$9*100 -> 0 | AS54: 1 | BI54: =SUM(AN54:BH54) -> 1 | BJ54: =BI54/BI$9*100 -> 12.5 | BM54: 1 | BP54: 1 | BQ54: 1 | BS54: 1 | BV54: 1 | CF54: =SUM(BK54:BW54) -> 5 | CG54: =CF54/CF$9*100 -> 55.555556 | CS54: =SUM(CH54:CR54) -> 0 | CT54: =CS54/CS$9*100 -> #DIV/0! | CV54: =(D54)/D$9*100 -> 22.222222 | CW54: =SUM(R54+AL54+BI54+CF54+CS54+CU54) -> 6
A55: 46 | B55: 0827CI231046 | C55: HARSHIT JAIN | D55: =SUM(R55+AL55+BI55+CF55+CS55+CU55) -> 4 | E55: =(D55)/D$9*100 -> 14.814815 | F55: =IF(E55<50,E55, " ") -> 14.814815 | G55: =IF(E55<30,E55, " ") -> 14.814815 | R55: =SUM(H55:Q55) -> 0 | S55: =R55/R$9*100 -> 0 | Y55: 1 | AB55: 1 | AC55: 1 | AL55: =SUM(T55:AK55) -> 3 | AM55: =AL55/AL$9*100 -> 37.5 | BI55: =SUM(AN55:BH55) -> 0 | BJ55: =BI55/BI$9*100 -> 0 | BR55: 1 | CF55: =SUM(BK55:BW55) -> 1 | CG55: =CF55/CF$9*100 -> 11.111111 | CS55: =SUM(CH55:CR55) -> 0 | CT55: =CS55/CS$9*100 -> #DIV/0! | CV55: =(D55)/D$9*100 -> 14.814815 | CW55: =SUM(R55+AL55+BI55+CF55+CS55+CU55) -> 4
A56: 47 | B56: 0827CI231047 | C56: HARSHITA PALIWAL | D56: =SUM(R56+AL56+BI56+CF56+CS56+CU56) -> 5 | E56: =(D56)/D$9*100 -> 18.518519 | F56: =IF(E56<50,E56, " ") -> 18.518519 | G56: =IF(E56<30,E56, " ") -> 18.518519 | R56: =SUM(H56:Q56) -> 0 | S56: =R56/R$9*100 -> 0 | Y56: 1 | AC56: 1 | AH56: 1 | AL56: =SUM(T56:AK56) -> 3 | AM56: =AL56/AL$9*100 -> 37.5 | BI56: =SUM(AN56:BH56) -> 0 | BJ56: =BI56/BI$9*100 -> 0 | BK56: 1 | BU56: 1 | CF56: =SUM(BK56:BW56) -> 2 | CG56: =CF56/CF$9*100 -> 22.222222 | CS56: =SUM(CH56:CR56) -> 0 | CT56: =CS56/CS$9*100 -> #DIV/0! | CV56: =(D56)/D$9*100 -> 18.518519 | CW56: =SUM(R56+AL56+BI56+CF56+CS56+CU56) -> 5
A57: 48 | B57: 0827CI231048 | C57: HIMANSHU SHEETLANI | D57: =SUM(R57+AL57+BI57+CF57+CS57+CU57) -> 7 | E57: =(D57)/D$9*100 -> 25.925926 | F57: =IF(E57<50,E57, " ") -> 25.925926 | G57: =IF(E57<30,E57, " ") -> 25.925926 | R57: =SUM(H57:Q57) -> 0 | S57: =R57/R$9*100 -> 0 | Y57: 1 | AB57: 1 | AC57: 1 | AH57: 1 | AI57: 1 | AL57: =SUM(T57:AK57) -> 5 | AM57: =AL57/AL$9*100 -> 62.5 | BF57: 1 | BI57: =SUM(AN57:BH57) -> 1 | BJ57: =BI57/BI$9*100 -> 12.5 | BR57: 1 | CF57: =SUM(BK57:BW57) -> 1 | CG57: =CF57/CF$9*100 -> 11.111111 | CS57: =SUM(CH57:CR57) -> 0 | CT57: =CS57/CS$9*100 -> #DIV/0! | CV57: =(D57)/D$9*100 -> 25.925926 | CW57: =SUM(R57+AL57+BI57+CF57+CS57+CU57) -> 7
A58: 49 | B58: 0827CI231049 | C58: HRITIK PATEL | D58: =SUM(R58+AL58+BI58+CF58+CS58+CU58) -> 13 | E58: =(D58)/D$9*100 -> 48.148148 | F58: =IF(E58<50,E58, " ") -> 48.148148 | G58: =IF(E58<30,E58, " ") | K58: 1 | R58: =SUM(H58:Q58) -> 1 | S58: =R58/R$9*100 -> 50 | AB58: 1 | AC58: 1 | AD58: 1 | AL58: =SUM(T58:AK58) -> 3 | AM58: =AL58/AL$9*100 -> 37.5 | AS58: 1 | BF58: 1 | BG58: 1 | BI58: =SUM(AN58:BH58) -> 3 | BJ58: =BI58/BI$9*100 -> 37.5 | BL58: 1 | BM58: 1 | BQ58: 1 | BR58: 1 | BU58: 1 | BV58: 1 | CF58: =SUM(BK58:BW58) -> 6 | CG58: =CF58/CF$9*100 -> 66.666667 | CS58: =SUM(CH58:CR58) -> 0 | CT58: =CS58/CS$9*100 -> #DIV/0! | CV58: =(D58)/D$9*100 -> 48.148148 | CW58: =SUM(R58+AL58+BI58+CF58+CS58+CU58) -> 13
A59: 50 | B59: 0827CI231050 | C59: IFRAH QURESHI | D59: =SUM(R59+AL59+BI59+CF59+CS59+CU59) -> 7 | E59: =(D59)/D$9*100 -> 25.925926 | F59: =IF(E59<50,E59, " ") -> 25.925926 | G59: =IF(E59<30,E59, " ") -> 25.925926 | M59: 1 | R59: =SUM(H59:Q59) -> 1 | S59: =R59/R$9*100 -> 50 | Y59: 1 | AH59: 1 | AI59: 1 | AL59: =SUM(T59:AK59) -> 3 | AM59: =AL59/AL$9*100 -> 37.5 | AS59: 1 | BF59: 1 | BI59: =SUM(AN59:BH59) -> 2 | BJ59: =BI59/BI$9*100 -> 25 | BR59: 1 | CF59: =SUM(BK59:BW59) -> 1 | CG59: =CF59/CF$9*100 -> 11.111111 | CS59: =SUM(CH59:CR59) -> 0 | CT59: =CS59/CS$9*100 -> #DIV/0! | CV59: =(D59)/D$9*100 -> 25.925926 | CW59: =SUM(R59+AL59+BI59+CF59+CS59+CU59) -> 7
A60: 51 | B60: 0827CI231051 | C60: ISHAN SINGH TOMAR | D60: =SUM(R60+AL60+BI60+CF60+CS60+CU60) -> 5 | E60: =(D60)/D$9*100 -> 18.518519 | F60: =IF(E60<50,E60, " ") -> 18.518519 | G60: =IF(E60<30,E60, " ") -> 18.518519 | R60: =SUM(H60:Q60) -> 0 | S60: =R60/R$9*100 -> 0 | Y60: 1 | AL60: =SUM(T60:AK60) -> 1 | AM60: =AL60/AL$9*100 -> 12.5 | AS60: 1 | BF60: 1 | BG60: 1 | BI60: =SUM(AN60:BH60) -> 3 | BJ60: =BI60/BI$9*100 -> 37.5 | BP60: 1 | CF60: =SUM(BK60:BW60) -> 1 | CG60: =CF60/CF$9*100 -> 11.111111 | CS60: =SUM(CH60:CR60) -> 0 | CT60: =CS60/CS$9*100 -> #DIV/0! | CV60: =(D60)/D$9*100 -> 18.518519 | CW60: =SUM(R60+AL60+BI60+CF60+CS60+CU60) -> 5
A61: 52 | B61: 0827CI231052 | C61: ISHIKA RATHOD | D61: =SUM(R61+AL61+BI61+CF61+CS61+CU61) -> 16 | E61: =(D61)/D$9*100 -> 59.259259 | F61: =IF(E61<50,E61, " ") | G61: =IF(E61<30,E61, " ") | R61: =SUM(H61:Q61) -> 0 | S61: =R61/R$9*100 -> 0 | Y61: 1 | AA61: 1 | AB61: 1 | AC61: 1 | AD61: 1 | AL61: =SUM(T61:AK61) -> 5 | AM61: =AL61/AL$9*100 -> 62.5 | AS61: 1 | AW61: 1 | BB61: 1 | BE61: 1 | BF61: 1 | BI61: =SUM(AN61:BH61) -> 5 | BJ61: =BI61/BI$9*100 -> 62.5 | BK61: 1 | BL61: 1 | BM61: 1 | BP61: 1 | BS61: 1 | BU61: 1 | CF61: =SUM(BK61:BW61) -> 6 | CG61: =CF61/CF$9*100 -> 66.666667 | CS61: =SUM(CH61:CR61) -> 0 | CT61: =CS61/CS$9*100 -> #DIV/0! | CV61: =(D61)/D$9*100 -> 59.259259 | CW61: =SUM(R61+AL61+BI61+CF61+CS61+CU61) -> 16
A62: 53 | B62: 0827CI231053 | C62: ISHIKA SETHIYA | D62: =SUM(R62+AL62+BI62+CF62+CS62+CU62) -> 5 | E62: =(D62)/D$9*100 -> 18.518519 | F62: =IF(E62<50,E62, " ") -> 18.518519 | G62: =IF(E62<30,E62, " ") -> 18.518519 | R62: =SUM(H62:Q62) -> 0 | S62: =R62/R$9*100 -> 0 | Y62: 1 | AA62: 1 | AB62: 1 | AL62: =SUM(T62:AK62) -> 3 | AM62: =AL62/AL$9*100 -> 37.5 | BG62: 1 | BI62: =SUM(AN62:BH62) -> 1 | BJ62: =BI62/BI$9*100 -> 12.5 | BU62: 1 | CF62: =SUM(BK62:BW62) -> 1 | CG62: =CF62/CF$9*100 -> 11.111111 | CS62: =SUM(CH62:CR62) -> 0 | CT62: =CS62/CS$9*100 -> #DIV/0! | CV62: =(D62)/D$9*100 -> 18.518519 | CW62: =SUM(R62+AL62+BI62+CF62+CS62+CU62) -> 5
A63: 54 | B63: 0827CI231054 | C63: JAYESH KUSHWAH | D63: =SUM(R63+AL63+BI63+CF63+CS63+CU63) -> 6 | E63: =(D63)/D$9*100 -> 22.222222 | F63: =IF(E63<50,E63, " ") -> 22.222222 | G63: =IF(E63<30,E63, " ") -> 22.222222 | M63: 1 | R63: =SUM(H63:Q63) -> 1 | S63: =R63/R$9*100 -> 50 | AB63: 1 | AC63: 1 | AI63: 1 | AL63: =SUM(T63:AK63) -> 3 | AM63: =AL63/AL$9*100 -> 37.5 | BI63: =SUM(AN63:BH63) -> 0 | BJ63: =BI63/BI$9*100 -> 0 | BM63: 1 | BP63: 1 | CF63: =SUM(BK63:BW63) -> 2 | CG63: =CF63/CF$9*100 -> 22.222222 | CS63: =SUM(CH63:CR63) -> 0 | CT63: =CS63/CS$9*100 -> #DIV/0! | CV63: =(D63)/D$9*100 -> 22.222222 | CW63: =SUM(R63+AL63+BI63+CF63+CS63+CU63) -> 6
A64: 55 | B64: 0827CI231055 | C64: KALIND BHUSARI | D64: =SUM(R64+AL64+BI64+CF64+CS64+CU64) -> 7 | E64: =(D64)/D$9*100 -> 25.925926 | F64: =IF(E64<50,E64, " ") -> 25.925926 | G64: =IF(E64<30,E64, " ") -> 25.925926 | R64: =SUM(H64:Q64) -> 0 | S64: =R64/R$9*100 -> 0 | AL64: =SUM(T64:AK64) -> 0 | AM64: =AL64/AL$9*100 -> 0 | AS64: 1 | BI64: =SUM(AN64:BH64) -> 1 | BJ64: =BI64/BI$9*100 -> 12.5 | BL64: 1 | BM64: 1 | BP64: 1 | BQ64: 1 | BS64: 1 | BV64: 1 | CF64: =SUM(BK64:BW64) -> 6 | CG64: =CF64/CF$9*100 -> 66.666667 | CS64: =SUM(CH64:CR64) -> 0 | CT64: =CS64/CS$9*100 -> #DIV/0! | CV64: =(D64)/D$9*100 -> 25.925926 | CW64: =SUM(R64+AL64+BI64+CF64+CS64+CU64) -> 7
A65: 56 | B65: 0827CI231056 | C65: KANUGO RAUNAK NITESH | D65: =SUM(R65+AL65+BI65+CF65+CS65+CU65) -> 0 | E65: =(D65)/D$9*100 -> 0 | F65: =IF(E65<50,E65, " ") -> 0 | G65: =IF(E65<30,E65, " ") -> 0 | R65: =SUM(H65:Q65) -> 0 | S65: =R65/R$9*100 -> 0 | AL65: =SUM(T65:AK65) -> 0 | AM65: =AL65/AL$9*100 -> 0 | BI65: =SUM(AN65:BH65) -> 0 | BJ65: =BI65/BI$9*100 -> 0 | CF65: =SUM(BK65:BW65) -> 0 | CG65: =CF65/CF$9*100 -> 0 | CS65: =SUM(CH65:CR65) -> 0 | CT65: =CS65/CS$9*100 -> #DIV/0! | CV65: =(D65)/D$9*100 -> 0 | CW65: =SUM(R65+AL65+BI65+CF65+CS65+CU65) -> 0
A66: 57 | B66: 0827CI231057 | C66: KAPIL GOYAL | D66: =SUM(R66+AL66+BI66+CF66+CS66+CU66) -> 16 | E66: =(D66)/D$9*100 -> 59.259259 | F66: =IF(E66<50,E66, " ") | G66: =IF(E66<30,E66, " ") | M66: 1 | R66: =SUM(H66:Q66) -> 1 | S66: =R66/R$9*100 -> 50 | AB66: 1 | AC66: 1 | AD66: 1 | AF66: 1 | AI66: 1 | AL66: =SUM(T66:AK66) -> 5 | AM66: =AL66/AL$9*100 -> 62.5 | AS66: 1 | BE66: 1 | BF66: 1 | BI66: =SUM(AN66:BH66) -> 3 | BJ66: =BI66/BI$9*100 -> 37.5 | BK66: 1 | BL66: 1 | BP66: 1 | BQ66: 1 | BR66: 1 | BS66: 1 | BU66: 1 | CF66: =SUM(BK66:BW66) -> 7 | CG66: =CF66/CF$9*100 -> 77.777778 | CS66: =SUM(CH66:CR66) -> 0 | CT66: =CS66/CS$9*100 -> #DIV/0! | CV66: =(D66)/D$9*100 -> 59.259259 | CW66: =SUM(R66+AL66+BI66+CF66+CS66+CU66) -> 16
A67: 58 | B67: 0827CI231058 | C67: KARAN PATEL | D67: =SUM(R67+AL67+BI67+CF67+CS67+CU67) -> 4 | E67: =(D67)/D$9*100 -> 14.814815 | F67: =IF(E67<50,E67, " ") -> 14.814815 | G67: =IF(E67<30,E67, " ") -> 14.814815 | R67: =SUM(H67:Q67) -> 0 | S67: =R67/R$9*100 -> 0 | AB67: 1 | AC67: 1 | AL67: =SUM(T67:AK67) -> 2 | AM67: =AL67/AL$9*100 -> 25 | BI67: =SUM(AN67:BH67) -> 0 | BJ67: =BI67/BI$9*100 -> 0 | BS67: 1 | BU67: 1 | CF67: =SUM(BK67:BW67) -> 2 | CG67: =CF67/CF$9*100 -> 22.222222 | CS67: =SUM(CH67:CR67) -> 0 | CT67: =CS67/CS$9*100 -> #DIV/0! | CV67: =(D67)/D$9*100 -> 14.814815 | CW67: =SUM(R67+AL67+BI67+CF67+CS67+CU67) -> 4
A68: 59 | B68: 0827CI231059 | C68: KASHISH JHALA | D68: =SUM(R68+AL68+BI68+CF68+CS68+CU68) -> 9 | E68: =(D68)/D$9*100 -> 33.333333 | F68: =IF(E68<50,E68, " ") -> 33.333333 | G68: =IF(E68<30,E68, " ") | M68: 1 | R68: =SUM(H68:Q68) -> 1 | S68: =R68/R$9*100 -> 50 | Y68: 1 | AC68: 1 | AH68: 1 | AL68: =SUM(T68:AK68) -> 3 | AM68: =AL68/AL$9*100 -> 37.5 | BI68: =SUM(AN68:BH68) -> 0 | BJ68: =BI68/BI$9*100 -> 0 | BQ68: 1 | BR68: 1 | BS68: 1 | BU68: 1 | BV68: 1 | CF68: =SUM(BK68:BW68) -> 5 | CG68: =CF68/CF$9*100 -> 55.555556 | CS68: =SUM(CH68:CR68) -> 0 | CT68: =CS68/CS$9*100 -> #DIV/0! | CV68: =(D68)/D$9*100 -> 33.333333 | CW68: =SUM(R68+AL68+BI68+CF68+CS68+CU68) -> 9
A69: 60 | B69: 0827CI231060 | C69: KESHAV PATIDAR | D69: =SUM(R69+AL69+BI69+CF69+CS69+CU69) -> 16 | E69: =(D69)/D$9*100 -> 59.259259 | F69: =IF(E69<50,E69, " ") | G69: =IF(E69<30,E69, " ") | R69: =SUM(H69:Q69) -> 0 | S69: =R69/R$9*100 -> 0 | Y69: 1 | AB69: 1 | AC69: 1 | AH69: 1 | AI69: 1 | AL69: =SUM(T69:AK69) -> 5 | AM69: =AL69/AL$9*100 -> 62.5 | AS69: 1 | AZ69: 1 | BA69: 1 | BB69: 1 | BF69: 1 | BG69: 1 | BI69: =SUM(AN69:BH69) -> 6 | BJ69: =BI69/BI$9*100 -> 75 | BL69: 1 | BP69: 1 | BQ69: 1 | BR69: 1 | BV69: 1 | CF69: =SUM(BK69:BW69) -> 5 | CG69: =CF69/CF$9*100 -> 55.555556 | CS69: =SUM(CH69:CR69) -> 0 | CT69: =CS69/CS$9*100 -> #DIV/0! | CV69: =(D69)/D$9*100 -> 59.259259 | CW69: =SUM(R69+AL69+BI69+CF69+CS69+CU69) -> 16
A70: 61 | B70: 0827CI231061 | C70: KESHAV SHARMA | D70: =SUM(R70+AL70+BI70+CF70+CS70+CU70) -> 1 | E70: =(D70)/D$9*100 -> 3.7037037 | F70: =IF(E70<50,E70, " ") -> 3.7037037 | G70: =IF(E70<30,E70, " ") -> 3.7037037 | R70: =SUM(H70:Q70) -> 0 | S70: =R70/R$9*100 -> 0 | AC70: 1 | AL70: =SUM(T70:AK70) -> 1 | AM70: =AL70/AL$9*100 -> 12.5 | BI70: =SUM(AN70:BH70) -> 0 | BJ70: =BI70/BI$9*100 -> 0 | CF70: =SUM(BK70:BW70) -> 0 | CG70: =CF70/CF$9*100 -> 0 | CS70: =SUM(CH70:CR70) -> 0 | CT70: =CS70/CS$9*100 -> #DIV/0! | CV70: =(D70)/D$9*100 -> 3.7037037 | CW70: =SUM(R70+AL70+BI70+CF70+CS70+CU70) -> 1
A71: 62 | B71: 0827CI231062 | C71: KIRTAN SANKHALA | D71: =SUM(R71+AL71+BI71+CF71+CS71+CU71) -> 0 | E71: =(D71)/D$9*100 -> 0 | F71: =IF(E71<50,E71, " ") -> 0 | G71: =IF(E71<30,E71, " ") -> 0 | R71: =SUM(H71:Q71) -> 0 | S71: =R71/R$9*100 -> 0 | AL71: =SUM(T71:AK71) -> 0 | AM71: =AL71/AL$9*100 -> 0 | BI71: =SUM(AN71:BH71) -> 0 | BJ71: =BI71/BI$9*100 -> 0 | CF71: =SUM(BK71:BW71) -> 0 | CG71: =CF71/CF$9*100 -> 0 | CS71: =SUM(CH71:CR71) -> 0 | CT71: =CS71/CS$9*100 -> #DIV/0! | CV71: =(D71)/D$9*100 -> 0 | CW71: =SUM(R71+AL71+BI71+CF71+CS71+CU71) -> 0
A72: 63 | B72: 0827CI231063 | C72: KRATI PATIDAR | D72: =SUM(R72+AL72+BI72+CF72+CS72+CU72) -> 16 | E72: =(D72)/D$9*100 -> 59.259259 | F72: =IF(E72<50,E72, " ") | G72: =IF(E72<30,E72, " ") | R72: =SUM(H72:Q72) -> 0 | S72: =R72/R$9*100 -> 0 | Y72: 1 | AA72: 1 | AB72: 1 | AC72: 1 | AD72: 1 | AL72: =SUM(T72:AK72) -> 5 | AM72: =AL72/AL$9*100 -> 62.5 | AS72: 1 | AW72: 1 | BB72: 1 | BE72: 1 | BF72: 1 | BI72: =SUM(AN72:BH72) -> 5 | BJ72: =BI72/BI$9*100 -> 62.5 | BK72: 1 | BL72: 1 | BM72: 1 | BP72: 1 | BS72: 1 | BU72: 1 | CF72: =SUM(BK72:BW72) -> 6 | CG72: =CF72/CF$9*100 -> 66.666667 | CS72: =SUM(CH72:CR72) -> 0 | CT72: =CS72/CS$9*100 -> #DIV/0! | CV72: =(D72)/D$9*100 -> 59.259259 | CW72: =SUM(R72+AL72+BI72+CF72+CS72+CU72) -> 16
A73: 64 | B73: 0827CI231064 | C73: KRIPA RAGHUVANSHI | D73: =SUM(R73+AL73+BI73+CF73+CS73+CU73) -> 10 | E73: =(D73)/D$9*100 -> 37.037037 | F73: =IF(E73<50,E73, " ") -> 37.037037 | G73: =IF(E73<30,E73, " ") | K73: 1 | M73: 1 | R73: =SUM(H73:Q73) -> 2 | S73: =R73/R$9*100 -> 100 | AA73: 1 | AB73: 1 | AC73: 1 | AH73: 1 | AL73: =SUM(T73:AK73) -> 4 | AM73: =AL73/AL$9*100 -> 50 | AS73: 1 | BF73: 1 | BI73: =SUM(AN73:BH73) -> 2 | BJ73: =BI73/BI$9*100 -> 25 | BL73: 1 | BV73: 1 | CF73: =SUM(BK73:BW73) -> 2 | CG73: =CF73/CF$9*100 -> 22.222222 | CS73: =SUM(CH73:CR73) -> 0 | CT73: =CS73/CS$9*100 -> #DIV/0! | CV73: =(D73)/D$9*100 -> 37.037037 | CW73: =SUM(R73+AL73+BI73+CF73+CS73+CU73) -> 10
A74: 65 | B74: 0827CI231065 | C74: KRISHNA PRADEEP GUPTA | D74: =SUM(R74+AL74+BI74+CF74+CS74+CU74) -> 5 | E74: =(D74)/D$9*100 -> 18.518519 | F74: =IF(E74<50,E74, " ") -> 18.518519 | G74: =IF(E74<30,E74, " ") -> 18.518519 | R74: =SUM(H74:Q74) -> 0 | S74: =R74/R$9*100 -> 0 | Y74: 1 | AC74: 1 | AH74: 1 | AI74: 1 | AL74: =SUM(T74:AK74) -> 4 | AM74: =AL74/AL$9*100 -> 50 | BI74: =SUM(AN74:BH74) -> 0 | BJ74: =BI74/BI$9*100 -> 0 | BR74: 1 | CF74: =SUM(BK74:BW74) -> 1 | CG74: =CF74/CF$9*100 -> 11.111111 | CS74: =SUM(CH74:CR74) -> 0 | CT74: =CS74/CS$9*100 -> #DIV/0! | CV74: =(D74)/D$9*100 -> 18.518519 | CW74: =SUM(R74+AL74+BI74+CF74+CS74+CU74) -> 5
A75: 66 | B75: 0827CI231066 | C75: KRISHNA RAJESH GUPTA | D75: =SUM(R75+AL75+BI75+CF75+CS75+CU75) -> 8 | E75: =(D75)/D$9*100 -> 29.62963 | F75: =IF(E75<50,E75, " ") -> 29.62963 | G75: =IF(E75<30,E75, " ") -> 29.62963 | R75: =SUM(H75:Q75) -> 0 | S75: =R75/R$9*100 -> 0 | AB75: 1 | AH75: 1 | AL75: =SUM(T75:AK75) -> 2 | AM75: =AL75/AL$9*100 -> 25 | AS75: 1 | BF75: 1 | BG75: 1 | BI75: =SUM(AN75:BH75) -> 3 | BJ75: =BI75/BI$9*100 -> 37.5 | BR75: 1 | BS75: 1 | BU75: 1 | CF75: =SUM(BK75:BW75) -> 3 | CG75: =CF75/CF$9*100 -> 33.333333 | CS75: =SUM(CH75:CR75) -> 0 | CT75: =CS75/CS$9*100 -> #DIV/0! | CV75: =(D75)/D$9*100 -> 29.62963 | CW75: =SUM(R75+AL75+BI75+CF75+CS75+CU75) -> 8
A76: 67 | B76: 0827CI231067 | C76: KRISHNA KHIRBADODIYA | D76: =SUM(R76+AL76+BI76+CF76+CS76+CU76) -> 4 | E76: =(D76)/D$9*100 -> 14.814815 | F76: =IF(E76<50,E76, " ") -> 14.814815 | G76: =IF(E76<30,E76, " ") -> 14.814815 | M76: 1 | R76: =SUM(H76:Q76) -> 1 | S76: =R76/R$9*100 -> 50 | AA76: 1 | AD76: 1 | AL76: =SUM(T76:AK76) -> 2 | AM76: =AL76/AL$9*100 -> 25 | BI76: =SUM(AN76:BH76) -> 0 | BJ76: =BI76/BI$9*100 -> 0 | BS76: 1 | CF76: =SUM(BK76:BW76) -> 1 | CG76: =CF76/CF$9*100 -> 11.111111 | CS76: =SUM(CH76:CR76) -> 0 | CT76: =CS76/CS$9*100 -> #DIV/0! | CV76: =(D76)/D$9*100 -> 14.814815 | CW76: =SUM(R76+AL76+BI76+CF76+CS76+CU76) -> 4
A77: 68 | B77: 0827CI231068 | C77: KRISHNA SONI | D77: =SUM(R77+AL77+BI77+CF77+CS77+CU77) -> 4 | E77: =(D77)/D$9*100 -> 14.814815 | F77: =IF(E77<50,E77, " ") -> 14.814815 | G77: =IF(E77<30,E77, " ") -> 14.814815 | R77: =SUM(H77:Q77) -> 0 | S77: =R77/R$9*100 -> 0 | Y77: 1 | AC77: 1 | AL77: =SUM(T77:AK77) -> 2 | AM77: =AL77/AL$9*100 -> 25 | BI77: =SUM(AN77:BH77) -> 0 | BJ77: =BI77/BI$9*100 -> 0 | BP77: 1 | BR77: 1 | CF77: =SUM(BK77:BW77) -> 2 | CG77: =CF77/CF$9*100 -> 22.222222 | CS77: =SUM(CH77:CR77) -> 0 | CT77: =CS77/CS$9*100 -> #DIV/0! | CV77: =(D77)/D$9*100 -> 14.814815 | CW77: =SUM(R77+AL77+BI77+CF77+CS77+CU77) -> 4
A78: 69 | B78: 0827CI231069 | C78: KRISHNA THAKUR | D78: =SUM(R78+AL78+BI78+CF78+CS78+CU78) -> 9 | E78: =(D78)/D$9*100 -> 33.333333 | F78: =IF(E78<50,E78, " ") -> 33.333333 | G78: =IF(E78<30,E78, " ") | R78: =SUM(H78:Q78) -> 0 | S78: =R78/R$9*100 -> 0 | AB78: 1 | AC78: 1 | AD78: 1 | AL78: =SUM(T78:AK78) -> 3 | AM78: =AL78/AL$9*100 -> 37.5 | AS78: 1 | BI78: =SUM(AN78:BH78) -> 1 | BJ78: =BI78/BI$9*100 -> 12.5 | BL78: 1 | BM78: 1 | BP78: 1 | BR78: 1 | BS78: 1 | CF78: =SUM(BK78:BW78) -> 5 | CG78: =CF78/CF$9*100 -> 55.555556 | CS78: =SUM(CH78:CR78) -> 0 | CT78: =CS78/CS$9*100 -> #DIV/0! | CV78: =(D78)/D$9*100 -> 33.333333 | CW78: =SUM(R78+AL78+BI78+CF78+CS78+CU78) -> 9
A79: 70 | B79: 0827CI231070 | C79: KRUTIKA DAKHRE | D79: =SUM(R79+AL79+BI79+CF79+CS79+CU79) -> 8 | E79: =(D79)/D$9*100 -> 29.62963 | F79: =IF(E79<50,E79, " ") -> 29.62963 | G79: =IF(E79<30,E79, " ") -> 29.62963 | M79: 1 | R79: =SUM(H79:Q79) -> 1 | S79: =R79/R$9*100 -> 50 | Y79: 1 | AL79: =SUM(T79:AK79) -> 1 | AM79: =AL79/AL$9*100 -> 12.5 | BF79: 1 | BI79: =SUM(AN79:BH79) -> 1 | BJ79: =BI79/BI$9*100 -> 12.5 | BL79: 1 | BM79: 1 | BP79: 1 | BR79: 1 | BS79: 1 | CF79: =SUM(BK79:BW79) -> 5 | CG79: =CF79/CF$9*100 -> 55.555556 | CS79: =SUM(CH79:CR79) -> 0 | CT79: =CS79/CS$9*100 -> #DIV/0! | CV79: =(D79)/D$9*100 -> 29.62963 | CW79: =SUM(R79+AL79+BI79+CF79+CS79+CU79) -> 8
A80: 71 | B80: 0827CI231071 | C80: KULDEEP KELDE | D80: =SUM(R80+AL80+BI80+CF80+CS80+CU80) -> 7 | E80: =(D80)/D$9*100 -> 25.925926 | F80: =IF(E80<50,E80, " ") -> 25.925926 | G80: =IF(E80<30,E80, " ") -> 25.925926 | R80: =SUM(H80:Q80) -> 0 | S80: =R80/R$9*100 -> 0 | AC80: 1 | AL80: =SUM(T80:AK80) -> 1 | AM80: =AL80/AL$9*100 -> 12.5 | BI80: =SUM(AN80:BH80) -> 0 | BJ80: =BI80/BI$9*100 -> 0 | BL80: 1 | BM80: 1 | BQ80: 1 | BR80: 1 | BS80: 1 | BV80: 1 | CF80: =SUM(BK80:BW80) -> 6 | CG80: =CF80/CF$9*100 -> 66.666667 | CS80: =SUM(CH80:CR80) -> 0 | CT80: =CS80/CS$9*100 -> #DIV/0! | CV80: =(D80)/D$9*100 -> 25.925926 | CW80: =SUM(R80+AL80+BI80+CF80+CS80+CU80) -> 7
A81: 72 | B81: 0827CI231072 | C81: LAKSHYA JAIN | D81: =SUM(R81+AL81+BI81+CF81+CS81+CU81) -> 3 | E81: =(D81)/D$9*100 -> 11.111111 | F81: =IF(E81<50,E81, " ") -> 11.111111 | G81: =IF(E81<30,E81, " ") -> 11.111111 | R81: =SUM(H81:Q81) -> 0 | S81: =R81/R$9*100 -> 0 | AH81: 1 | AL81: =SUM(T81:AK81) -> 1 | AM81: =AL81/AL$9*100 -> 12.5 | BI81: =SUM(AN81:BH81) -> 0 | BJ81: =BI81/BI$9*100 -> 0 | BR81: 1 | BS81: 1 | CF81: =SUM(BK81:BW81) -> 2 | CG81: =CF81/CF$9*100 -> 22.222222 | CS81: =SUM(CH81:CR81) -> 0 | CT81: =CS81/CS$9*100 -> #DIV/0! | CV81: =(D81)/D$9*100 -> 11.111111 | CW81: =SUM(R81+AL81+BI81+CF81+CS81+CU81) -> 3
A82: 73 | B82: 0827CI231073 | C82: LAV BHATIA | D82: =SUM(R82+AL82+BI82+CF82+CS82+CU82) -> 11 | E82: =(D82)/D$9*100 -> 40.740741 | F82: =IF(E82<50,E82, " ") -> 40.740741 | G82: =IF(E82<30,E82, " ") | R82: =SUM(H82:Q82) -> 0 | S82: =R82/R$9*100 -> 0 | Y82: 1 | AB82: 1 | AC82: 1 | AL82: =SUM(T82:AK82) -> 3 | AM82: =AL82/AL$9*100 -> 37.5 | AS82: 1 | BE82: 1 | BF82: 1 | BI82: =SUM(AN82:BH82) -> 3 | BJ82: =BI82/BI$9*100 -> 37.5 | BL82: 1 | BM82: 1 | BP82: 1 | BR82: 1 | BS82: 1 | CF82: =SUM(BK82:BW82) -> 5 | CG82: =CF82/CF$9*100 -> 55.555556 | CS82: =SUM(CH82:CR82) -> 0 | CT82: =CS82/CS$9*100 -> #DIV/0! | CV82: =(D82)/D$9*100 -> 40.740741 | CW82: =SUM(R82+AL82+BI82+CF82+CS82+CU82) -> 11
A83: 74 | B83: 0827CI231074 | C83: LAVISH DIGHE | D83: =SUM(R83+AL83+BI83+CF83+CS83+CU83) -> 0 | E83: =(D83)/D$9*100 -> 0 | F83: =IF(E83<50,E83, " ") -> 0 | G83: =IF(E83<30,E83, " ") -> 0 | R83: =SUM(H83:Q83) -> 0 | S83: =R83/R$9*100 -> 0 | AL83: =SUM(T83:AK83) -> 0 | AM83: =AL83/AL$9*100 -> 0 | BI83: =SUM(AN83:BH83) -> 0 | BJ83: =BI83/BI$9*100 -> 0 | CF83: =SUM(BK83:BW83) -> 0 | CG83: =CF83/CF$9*100 -> 0 | CS83: =SUM(CH83:CR83) -> 0 | CT83: =CS83/CS$9*100 -> #DIV/0! | CV83: =(D83)/D$9*100 -> 0 | CW83: =SUM(R83+AL83+BI83+CF83+CS83+CU83) -> 0
A84: 75 | B84: 0827CI231075 | C84: MANASVI SOHANI | D84: =SUM(R84+AL84+BI84+CF84+CS84+CU84) -> 8 | E84: =(D84)/D$9*100 -> 29.62963 | F84: =IF(E84<50,E84, " ") -> 29.62963 | G84: =IF(E84<30,E84, " ") -> 29.62963 | R84: =SUM(H84:Q84) -> 0 | S84: =R84/R$9*100 -> 0 | AB84: 1 | AC84: 1 | AL84: =SUM(T84:AK84) -> 2 | AM84: =AL84/AL$9*100 -> 25 | AS84: 1 | BF84: 1 | BI84: =SUM(AN84:BH84) -> 2 | BJ84: =BI84/BI$9*100 -> 25 | BM84: 1 | BQ84: 1 | BR84: 1 | BS84: 1 | CF84: =SUM(BK84:BW84) -> 4 | CG84: =CF84/CF$9*100 -> 44.444444 | CS84: =SUM(CH84:CR84) -> 0 | CT84: =CS84/CS$9*100 -> #DIV/0! | CV84: =(D84)/D$9*100 -> 29.62963 | CW84: =SUM(R84+AL84+BI84+CF84+CS84+CU84) -> 8
A85: 76 | B85: 0827CI231076 | C85: MANISH PANWAR | D85: =SUM(R85+AL85+BI85+CF85+CS85+CU85) -> 2 | E85: =(D85)/D$9*100 -> 7.4074074 | F85: =IF(E85<50,E85, " ") -> 7.4074074 | G85: =IF(E85<30,E85, " ") -> 7.4074074 | R85: =SUM(H85:Q85) -> 0 | S85: =R85/R$9*100 -> 0 | Y85: 1 | AL85: =SUM(T85:AK85) -> 1 | AM85: =AL85/AL$9*100 -> 12.5 | BI85: =SUM(AN85:BH85) -> 0 | BJ85: =BI85/BI$9*100 -> 0 | BS85: 1 | CF85: =SUM(BK85:BW85) -> 1 | CG85: =CF85/CF$9*100 -> 11.111111 | CS85: =SUM(CH85:CR85) -> 0 | CT85: =CS85/CS$9*100 -> #DIV/0! | CV85: =(D85)/D$9*100 -> 7.4074074 | CW85: =SUM(R85+AL85+BI85+CF85+CS85+CU85) -> 2
A86: 77 | B86: 0827CI231077 | C86: MANSI JAIN | D86: =SUM(R86+AL86+BI86+CF86+CS86+CU86) -> 10 | E86: =(D86)/D$9*100 -> 37.037037 | F86: =IF(E86<50,E86, " ") -> 37.037037 | G86: =IF(E86<30,E86, " ") | K86: 1 | M86: 1 | R86: =SUM(H86:Q86) -> 2 | S86: =R86/R$9*100 -> 100 | Y86: 1 | AD86: 1 | AL86: =SUM(T86:AK86) -> 2 | AM86: =AL86/AL$9*100 -> 25 | BE86: 1 | BF86: 1 | BI86: =SUM(AN86:BH86) -> 2 | BJ86: =BI86/BI$9*100 -> 25 | BL86: 1 | BM86: 1 | BR86: 1 | BS86: 1 | CF86: =SUM(BK86:BW86) -> 4 | CG86: =CF86/CF$9*100 -> 44.444444 | CS86: =SUM(CH86:CR86) -> 0 | CT86: =CS86/CS$9*100 -> #DIV/0! | CV86: =(D86)/D$9*100 -> 37.037037 | CW86: =SUM(R86+AL86+BI86+CF86+CS86+CU86) -> 10
A87: 78 | B87: 0827CI231078 | C87: MANSI WAHANE | D87: =SUM(R87+AL87+BI87+CF87+CS87+CU87) -> 1 | E87: =(D87)/D$9*100 -> 3.7037037 | F87: =IF(E87<50,E87, " ") -> 3.7037037 | G87: =IF(E87<30,E87, " ") -> 3.7037037 | R87: =SUM(H87:Q87) -> 0 | S87: =R87/R$9*100 -> 0 | AL87: =SUM(T87:AK87) -> 0 | AM87: =AL87/AL$9*100 -> 0 | BI87: =SUM(AN87:BH87) -> 0 | BJ87: =BI87/BI$9*100 -> 0 | BS87: 1 | CF87: =SUM(BK87:BW87) -> 1 | CG87: =CF87/CF$9*100 -> 11.111111 | CS87: =SUM(CH87:CR87) -> 0 | CT87: =CS87/CS$9*100 -> #DIV/0! | CV87: =(D87)/D$9*100 -> 3.7037037 | CW87: =SUM(R87+AL87+BI87+CF87+CS87+CU87) -> 1
A88: 79 | B88: 0827CI243D07 | C88: RAJVARDHAN RAJPUROHIT | D88: =SUM(R88+AL88+BI88+CF88+CS88+CU88) -> 5 | E88: =(D88)/D$9*100 -> 18.518519 | F88: =IF(E88<50,E88, " ") -> 18.518519 | G88: =IF(E88<30,E88, " ") -> 18.518519 | R88: =SUM(H88:Q88) -> 0 | S88: =R88/R$9*100 -> 0 | AB88: 1 | AC88: 1 | AH88: 1 | AL88: =SUM(T88:AK88) -> 3 | AM88: =AL88/AL$9*100 -> 37.5 | BF88: 1 | BG88: 1 | BI88: =SUM(AN88:BH88) -> 2 | BJ88: =BI88/BI$9*100 -> 25 | CF88: =SUM(BK88:BW88) -> 0 | CG88: =CF88/CF$9*100 -> 0 | CS88: =SUM(CH88:CR88) -> 0 | CT88: =CS88/CS$9*100 -> #DIV/0! | CV88: =(D88)/D$9*100 -> 18.518519 | CW88: =SUM(R88+AL88+BI88+CF88+CS88+CU88) -> 5
A89: 80 | B89: 0827CI243D08 | C89: SAKSHI VISHWAKARMA | D89: =SUM(R89+AL89+BI89+CF89+CS89+CU89) -> 0 | E89: =(D89)/D$9*100 -> 0 | F89: =IF(E89<50,E89, " ") -> 0 | G89: =IF(E89<30,E89, " ") -> 0 | R89: =SUM(H89:Q89) -> 0 | S89: =R89/R$9*100 -> 0 | AL89: =SUM(T89:AK89) -> 0 | AM89: =AL89/AL$9*100 -> 0 | BI89: =SUM(AN89:BH89) -> 0 | BJ89: =BI89/BI$9*100 -> 0 | CF89: =SUM(BK89:BW89) -> 0 | CG89: =CF89/CF$9*100 -> 0 | CS89: =SUM(CH89:CR89) -> 0 | CT89: =CS89/CS$9*100 -> #DIV/0! | CV89: =(D89)/D$9*100 -> 0 | CW89: =SUM(R89+AL89+BI89+CF89+CS89+CU89) -> 0
A90: 81 | B90: 0827CI243D11 | C90: TANISH GUPTA | D90: =SUM(R90+AL90+BI90+CF90+CS90+CU90) -> 12 | E90: =(D90)/D$9*100 -> 44.444444 | F90: =IF(E90<50,E90, " ") -> 44.444444 | G90: =IF(E90<30,E90, " ") | R90: =SUM(H90:Q90) -> 0 | S90: =R90/R$9*100 -> 0 | AF90: 1 | AH90: 1 | AI90: 1 | AL90: =SUM(T90:AK90) -> 3 | AM90: =AL90/AL$9*100 -> 37.5 | AS90: 1 | BF90: 1 | BI90: =SUM(AN90:BH90) -> 2 | BJ90: =BI90/BI$9*100 -> 25 | BK90: 1 | BL90: 1 | BP90: 1 | BQ90: 1 | BR90: 1 | BS90: 1 | BU90: 1 | CF90: =SUM(BK90:BW90) -> 7 | CG90: =CF90/CF$9*100 -> 77.777778 | CS90: =SUM(CH90:CR90) -> 0 | CT90: =CS90/CS$9*100 -> #DIV/0! | CV90: =(D90)/D$9*100 -> 44.444444 | CW90: =SUM(R90+AL90+BI90+CF90+CS90+CU90) -> 12
A91: 82 | B91: 0827CI243D12 | C91: TANISHA KARIYA | D91: =SUM(R91+AL91+BI91+CF91+CS91+CU91) -> 5 | E91: =(D91)/D$9*100 -> 18.518519 | F91: =IF(E91<50,E91, " ") -> 18.518519 | G91: =IF(E91<30,E91, " ") -> 18.518519 | M91: 1 | R91: =SUM(H91:Q91) -> 1 | S91: =R91/R$9*100 -> 50 | AB91: 1 | AC91: 1 | AL91: =SUM(T91:AK91) -> 2 | AM91: =AL91/AL$9*100 -> 25 | BG91: 1 | BI91: =SUM(AN91:BH91) -> 1 | BJ91: =BI91/BI$9*100 -> 12.5 | BS91: 1 | CF91: =SUM(BK91:BW91) -> 1 | CG91: =CF91/CF$9*100 -> 11.111111 | CS91: =SUM(CH91:CR91) -> 0 | CT91: =CS91/CS$9*100 -> #DIV/0! | CV91: =(D91)/D$9*100 -> 18.518519 | CW91: =SUM(R91+AL91+BI91+CF91+CS91+CU91) -> 5
A92: 83 | B92: 0827RL231001 | C92: Aditi Kumrawat | D92: =SUM(R92+AL92+BI92+CF92+CS92+CU92) -> 9 | E92: =(D92)/D$9*100 -> 33.333333 | F92: =IF(E92<50,E92, " ") -> 33.333333 | G92: =IF(E92<30,E92, " ") | R92: =SUM(H92:Q92) -> 0 | S92: =R92/R$9*100 -> 0 | AB92: 1 | AI92: 1 | AL92: =SUM(T92:AK92) -> 2 | AM92: =AL92/AL$9*100 -> 25 | AS92: 1 | BE92: 1 | BF92: 1 | BG92: 1 | BI92: =SUM(AN92:BH92) -> 4 | BJ92: =BI92/BI$9*100 -> 50 | BP92: 1 | BQ92: 1 | BR92: 1 | CF92: =SUM(BK92:BW92) -> 3 | CG92: =CF92/CF$9*100 -> 33.333333 | CS92: =SUM(CH92:CR92) -> 0 | CT92: =CS92/CS$9*100 -> #DIV/0! | CV92: =(D92)/D$9*100 -> 33.333333 | CW92: =SUM(R92+AL92+BI92+CF92+CS92+CU92) -> 9
A93: 84 | B93: Usman Patel | D93: =SUM(R93+AL93+BI93+CF93+CS93+CU93) -> 0 | E93: =(D93)/D$9*100 -> 0 | F93: =IF(E93<50,E93, " ") -> 0 | G93: =IF(E93<30,E93, " ") -> 0 | R93: =SUM(H93:Q93) -> 0 | S93: =R93/R$9*100 -> 0 | AL93: =SUM(T93:AK93) -> 0 | AM93: =AL93/AL$9*100 -> 0 | BI93: =SUM(AN93:BH93) -> 0 | BJ93: =BI93/BI$9*100 -> 0 | CF93: =SUM(BK93:BW93) -> 0 | CG93: =CF93/CF$9*100 -> 0 | CS93: =SUM(CH93:CR93) -> 0 | CT93: =CS93/CS$9*100 -> #DIV/0! | CV93: =(D93)/D$9*100 -> 0 | CW93: =SUM(R93+AL93+BI93+CF93+CS93+CU93) -> 0

Sheet 601 L
A1: CSIT-601 L
A2: Faculty Name: | C2: Prof. Amrita Jain
A3: Subject Name : | C3: Software Engineering & Agile
A4: Subject Code :
A5: Start Date | C5: 46069
A6: End Date
BK7: 1 | BL7: 2 | BM7: 3 | BN7: 4 | BO7: 5 | BP7: 6 | BQ7: 7 | BR7: 8 | BS7: 9 | BT7: 10 | BU7: 11 | BV7: 12 | BW7: 13 | BX7: 14 | BY7: 15 | BZ7: 16 | CA7: 17 | CB7: 18 | CC7: 19 | CD7: 20 | CE7: 21 | CH7: 1 | CI7: 2 | CJ7: 3 | CK7: 4 | CL7: 5 | CM7: 6 | CN7: 7 | CO7: 8 | CP7: 9 | CQ7: 10 | CR7: 11 | CS7: 12
D8: Total Class | E8: OverAll Att. % | F8: Att. 50% | G8: Att. 30% | H8: 46069 | I8: 46070 | J8: 46071 | K8: 46072 | L8: 46076 | M8: 46077 | N8: 46078 | O8: 46079 | P8: 46080 | Q8: 46081 | R8: FEB CLASS | S8: FEB% | T8: 46085 | U8: 46086 | V8: 46087 | W8: 46090 | X8: 46091 | Y8: 46092 | Z8: 46093 | AA8: 46094 | AB8: 46097 | AC8: 46098 | AD8: 46099 | AE8: 46100 | AF8: 46101 | AG8: 46104 | AH8: 46105 | AI8: 46106 | AJ8: 46107 | AK8: 46111 | AL8: MAR CLASS | AM8: MAR % | AN8: 46113 | AO8: 46114 | AP8: 46115 | AQ8: 46118 | AR8: 46119 | AS8: 46120 | AT8: 46121 | AU8: 46122 | AV8: 46125 | AW8: 46127 | AX8: 46128 | AY8: 46129 | AZ8: 46132 | BA8: 46133 | BB8: 46134 | BC8: 46135 | BD8: 46136 | BE8: 46139 | BF8: 46140 | BG8: 46141 | BH8: 46142 | BI8: APRIL CLASS | BJ8: APRIL % | BK8: 46143 | BL8: 46146 | BM8: 46147 | BN8: 46148 | BO8: 46149 | BP8: 46150 | BQ8: 46153 | BR8: 46154 | BS8: 46155 | BT8: 46156 | BU8: 46157 | BV8: 46160 | BW8: 46161 | BX8: 46162 | BY8: 46163 | BZ8: 46164 | CA8: 46167 | CB8: 46168 | CC8: 46169 | CD8: 46170 | CE8: 46171 | CF8: MAY CLASS | CG8: MAY % | CH8: 46174 | CI8: 46175 | CJ8: 46176 | CK8: 46177 | CL8: 46178 | CM8: 46181 | CN8: 46182 | CO8: 46183 | CP8: 46184 | CQ8: 46185 | CR8: 46186 | CS8: 46188 | CT8: DEC CLASS | CU8: DEC % | CV8: SPECIAL LEAVE | CW8: OVER ALL % | CX8: TOTAL CLASS | CY8: REMARK
A9: S.No. | B9: Enrollment No. | C9: Student Name | D9: =SUM(R9+AL9+BI9+CF9+CT9) -> 14 | H9: =SUM(H10:H93) -> 0 | I9: =SUM(I10:I93) -> 5 | J9: =SUM(J10:J93) -> 0 | K9: =SUM(K10:K93) -> 0 | L9: =SUM(L10:L93) -> 0 | M9: =SUM(M10:M93) -> 30 | N9: =SUM(N10:N93) -> 0 | O9: =SUM(O10:O93) -> 0 | ... Q9: =SUM(Q10:Q93) -> 0 | R9: =COUNTIF(H9:Q9,">0") -> 2 | S9: =COUNTIF(H9:K9,">0") -> 1 | T9: =SUM(T10:T93) -> 0 | U9: =SUM(U10:U93) -> 0 | V9: =SUM(V10:V93) -> 0 | W9: =SUM(W10:W93) -> 0 | X9: =SUM(X10:X93) -> 0 | Y9: =SUM(Y10:Y93) -> 36 | Z9: =SUM(Z10:Z93) -> 37 | AA9: =SUM(AA10:AA93) -> 0 | ... AK9: =SUM(AK10:AK93) -> 0 | AL9: =COUNTIF(T9:AK9,">0") -> 5 | AM9: =SUM(R9+AL9) -> 7 | AN9: =SUM(AN10:AN48) -> 0 | AO9: =SUM(AO10:AO48) -> 0 | AP9: =SUM(AP10:AP48) -> 0 | AQ9: =SUM(AQ10:AQ48) -> 0 | AR9: =SUM(AR10:AR48) -> 0 | AS9: =SUM(AS10:AS48) -> 0 | AT9: =SUM(AT10:AT48) -> 0 | AU9: =SUM(AU10:AU48) -> 0 | ... BH9: =SUM(BH10:BH48) -> 11 | BI9: =COUNTIF(AN9:BH9,">0") -> 4 | BJ9: =SUM(AM9+BI9) -> 11 | BK9: =SUM(BK10:BK48) -> 0 | BL9: =SUM(BL10:BL48) -> 0 | BM9: =SUM(BM10:BM48) -> 0 | BN9: =SUM(BN10:BN48) -> 21 | BO9: =SUM(BO10:BO48) -> 0 | BP9: =SUM(BP10:BP48) -> 25 | BQ9: =SUM(BQ10:BQ48) -> 0 | BR9: =SUM(BR10:BR48) -> 0 | ... CE9: =SUM(CE10:CE48) -> 0 | CF9: =COUNTIF(BK9:CE9,">0") -> 3 | CG9: =SUM(BJ9+CF9) -> 14 | CH9: =SUM(CH10:CH48) -> 0 | CI9: =SUM(CI10:CI48) -> 0 | CJ9: =SUM(CJ10:CJ48) -> 0 | CK9: =SUM(CK10:CK48) -> 0 | CL9: =SUM(CL10:CL48) -> 0 | CM9: =SUM(CM10:CM48) -> 0 | CN9: =SUM(CN10:CN48) -> 0 | CO9: =SUM(CO10:CO48) -> 0 | ... CS9: =SUM(CS10:CS48) -> 0 | CT9: =COUNTIF(CH9:CS9,">0") -> 0 | CU9: =SUM(CG9+CT9) -> 14 | CW9: =SUM(R9+AL9+BI9+CF9+CT9+CV9) -> 14 | CX9: =SUM(R9+AL9+BI9+CF9+CT9+CV9) -> 14
A10: 1 | B10: 0827CI231001 | C10: AADARSH GARHEWAL | D10: =SUM(R10+AL10+BI10+CF10+CT10+CV10) -> 0 | E10: =(D10)/D$9*100 -> 0 | F10: =IF(E10<50,E10, " ") -> 0 | G10: =IF(E10<30,E10, " ") -> 0 | R10: =SUM(H10:Q10) -> 0 | S10: =R10/R$9*100 -> 0 | AL10: =SUM(T10:AK10) -> 0 | AM10: =AL10/AL$9*100 -> 0 | BI10: =SUM(AN10:BH10) -> 0 | BJ10: =BI10/BI$9*100 -> 0 | CF10: =SUM(BK10:CE10) -> 0 | CG10: =CF10/CF$9*100 -> 0 | CT10: =SUM(CH10:CS10) -> 0 | CU10: =CT10/CT$9*100 -> #DIV/0! | CW10: =(D10)/D$9*100 -> 0 | CX10: =SUM(R10+AL10+BI10+CF10+CT10+CV10) -> 0
A11: 2 | B11: 0827CI231002 | C11: AYUSH PATEL | D11: =SUM(R11+AL11+BI11+CF11+CT11+CV11) -> 12 | E11: =(D11)/D$9*100 -> 85.714286 | F11: =IF(E11<50,E11, " ") | G11: =IF(E11<30,E11, " ") | M11: 1 | R11: =SUM(H11:Q11) -> 1 | S11: =R11/R$9*100 -> 50 | Y11: 1 | Z11: 1 | AD11: 1 | AE11: 1 | AI11: 1 | AL11: =SUM(T11:AK11) -> 5 | AM11: =AL11/AL$9*100 -> 100 | AX11: 1 | BG11: 1 | BH11: 1 | BI11: =SUM(AN11:BH11) -> 3 | BJ11: =BI11/BI$9*100 -> 75 | BN11: 1 | BP11: 1 | BT11: 1 | CF11: =SUM(BK11:CE11) -> 3 | CG11: =CF11/CF$9*100 -> 100 | CT11: =SUM(CH11:CS11) -> 0 | CU11: =CT11/CT$9*100 -> #DIV/0! | CW11: =(D11)/D$9*100 -> 85.714286 | CX11: =SUM(R11+AL11+BI11+CF11+CT11+CV11) -> 12
A12: 3 | B12: 0827CI231003 | C12: ABHAY DUGAYA | D12: =SUM(R12+AL12+BI12+CF12+CT12+CV12) -> 2 | E12: =(D12)/D$9*100 -> 14.285714 | F12: =IF(E12<50,E12, " ") -> 14.285714 | G12: =IF(E12<30,E12, " ") -> 14.285714 | R12: =SUM(H12:Q12) -> 0 | S12: =R12/R$9*100 -> 0 | AL12: =SUM(T12:AK12) -> 0 | AM12: =AL12/AL$9*100 -> 0 | BI12: =SUM(AN12:BH12) -> 0 | BJ12: =BI12/BI$9*100 -> 0 | BN12: 1 | BT12: 1 | CF12: =SUM(BK12:CE12) -> 2 | CG12: =CF12/CF$9*100 -> 66.666667 | CT12: =SUM(CH12:CS12) -> 0 | CU12: =CT12/CT$9*100 -> #DIV/0! | CW12: =(D12)/D$9*100 -> 14.285714 | CX12: =SUM(R12+AL12+BI12+CF12+CT12+CV12) -> 2
A13: 4 | B13: 0827CI231004 | C13: ABHISHEK JAISWAL | D13: =SUM(R13+AL13+BI13+CF13+CT13+CV13) -> 5 | E13: =(D13)/D$9*100 -> 35.714286 | F13: =IF(E13<50,E13, " ") -> 35.714286 | G13: =IF(E13<30,E13, " ") | R13: =SUM(H13:Q13) -> 0 | S13: =R13/R$9*100 -> 0 | AI13: 1 | AL13: =SUM(T13:AK13) -> 1 | AM13: =AL13/AL$9*100 -> 20 | AX13: 1 | BH13: 1 | BI13: =SUM(AN13:BH13) -> 2 | BJ13: =BI13/BI$9*100 -> 50 | BP13: 1 | BT13: 1 | CF13: =SUM(BK13:CE13) -> 2 | CG13: =CF13/CF$9*100 -> 66.666667 | CT13: =SUM(CH13:CS13) -> 0 | CU13: =CT13/CT$9*100 -> #DIV/0! | CW13: =(D13)/D$9*100 -> 35.714286 | CX13: =SUM(R13+AL13+BI13+CF13+CT13+CV13) -> 5
A14: 5 | B14: 0827CI231005 | C14: ABHISHEK VERMA | D14: =SUM(R14+AL14+BI14+CF14+CT14+CV14) -> 6 | E14: =(D14)/D$9*100 -> 42.857143 | F14: =IF(E14<50,E14, " ") -> 42.857143 | G14: =IF(E14<30,E14, " ") | M14: 1 | R14: =SUM(H14:Q14) -> 1 | S14: =R14/R$9*100 -> 50 | Y14: 1 | AD14: 1 | AI14: 1 | AL14: =SUM(T14:AK14) -> 3 | AM14: =AL14/AL$9*100 -> 60 | BI14: =SUM(AN14:BH14) -> 0 | BJ14: =BI14/BI$9*100 -> 0 | BN14: 1 | BP14: 1 | CF14: =SUM(BK14:CE14) -> 2 | CG14: =CF14/CF$9*100 -> 66.666667 | CT14: =SUM(CH14:CS14) -> 0 | CU14: =CT14/CT$9*100 -> #DIV/0! | CW14: =(D14)/D$9*100 -> 42.857143 | CX14: =SUM(R14+AL14+BI14+CF14+CT14+CV14) -> 6
A15: 6 | B15: 0827CI231006 | C15: ABINAV KOURAV | D15: =SUM(R15+AL15+BI15+CF15+CT15+CV15) -> 0 | E15: =(D15)/D$9*100 -> 0 | F15: =IF(E15<50,E15, " ") -> 0 | G15: =IF(E15<30,E15, " ") -> 0 | R15: =SUM(H15:Q15) -> 0 | S15: =R15/R$9*100 -> 0 | AL15: =SUM(T15:AK15) -> 0 | AM15: =AL15/AL$9*100 -> 0 | BI15: =SUM(AN15:BH15) -> 0 | BJ15: =BI15/BI$9*100 -> 0 | CF15: =SUM(BK15:CE15) -> 0 | CG15: =CF15/CF$9*100 -> 0 | CT15: =SUM(CH15:CS15) -> 0 | CU15: =CT15/CT$9*100 -> #DIV/0! | CW15: =(D15)/D$9*100 -> 0 | CX15: =SUM(R15+AL15+BI15+CF15+CT15+CV15) -> 0
A16: 7 | B16: 0827CI231007 | C16: ADARSH PRATAP SINGH GURJAR | D16: =SUM(R16+AL16+BI16+CF16+CT16+CV16) -> 4 | E16: =(D16)/D$9*100 -> 28.571429 | F16: =IF(E16<50,E16, " ") -> 28.571429 | G16: =IF(E16<30,E16, " ") -> 28.571429 | R16: =SUM(H16:Q16) -> 0 | S16: =R16/R$9*100 -> 0 | AL16: =SUM(T16:AK16) -> 0 | AM16: =AL16/AL$9*100 -> 0 | BB16: 1 | BH16: 1 | BI16: =SUM(AN16:BH16) -> 2 | BJ16: =BI16/BI$9*100 -> 50 | BP16: 1 | BT16: 1 | CF16: =SUM(BK16:CE16) -> 2 | CG16: =CF16/CF$9*100 -> 66.666667 | CT16: =SUM(CH16:CS16) -> 0 | CU16: =CT16/CT$9*100 -> #DIV/0! | CW16: =(D16)/D$9*100 -> 28.571429 | CX16: =SUM(R16+AL16+BI16+CF16+CT16+CV16) -> 4
A17: 8 | B17: 0827CI231008 | C17: ADITI VISHWAKARMA | D17: =SUM(R17+AL17+BI17+CF17+CT17+CV17) -> 5 | E17: =(D17)/D$9*100 -> 35.714286 | F17: =IF(E17<50,E17, " ") -> 35.714286 | G17: =IF(E17<30,E17, " ") | M17: 1 | R17: =SUM(H17:Q17) -> 1 | S17: =R17/R$9*100 -> 50 | Y17: 1 | AD17: 1 | AI17: 1 | AL17: =SUM(T17:AK17) -> 3 | AM17: =AL17/AL$9*100 -> 60 | BI17: =SUM(AN17:BH17) -> 0 | BJ17: =BI17/BI$9*100 -> 0 | BP17: 1 | CF17: =SUM(BK17:CE17) -> 1 | CG17: =CF17/CF$9*100 -> 33.333333 | CT17: =SUM(CH17:CS17) -> 0 | CU17: =CT17/CT$9*100 -> #DIV/0! | CW17: =(D17)/D$9*100 -> 35.714286 | CX17: =SUM(R17+AL17+BI17+CF17+CT17+CV17) -> 5
A18: 9 | B18: 0827CI231009 | C18: ADITYA TIWARI | D18: =SUM(R18+AL18+BI18+CF18+CT18+CV18) -> 5 | E18: =(D18)/D$9*100 -> 35.714286 | F18: =IF(E18<50,E18, " ") -> 35.714286 | G18: =IF(E18<30,E18, " ") | M18: 1 | R18: =SUM(H18:Q18) -> 1 | S18: =R18/R$9*100 -> 50 | AI18: 1 | AL18: =SUM(T18:AK18) -> 1 | AM18: =AL18/AL$9*100 -> 20 | BG18: 1 | BI18: =SUM(AN18:BH18) -> 1 | BJ18: =BI18/BI$9*100 -> 25 | BN18: 1 | BP18: 1 | CF18: =SUM(BK18:CE18) -> 2 | CG18: =CF18/CF$9*100 -> 66.666667 | CT18: =SUM(CH18:CS18) -> 0 | CU18: =CT18/CT$9*100 -> #DIV/0! | CW18: =(D18)/D$9*100 -> 35.714286 | CX18: =SUM(R18+AL18+BI18+CF18+CT18+CV18) -> 5
A19: 10 | B19: 0827CI231010 | C19: AKASH BARASKAR | D19: =SUM(R19+AL19+BI19+CF19+CT19+CV19) -> 3 | E19: =(D19)/D$9*100 -> 21.428571 | F19: =IF(E19<50,E19, " ") -> 21.428571 | G19: =IF(E19<30,E19, " ") -> 21.428571 | R19: =SUM(H19:Q19) -> 0 | S19: =R19/R$9*100 -> 0 | AD19: 1 | AE19: 1 | AL19: =SUM(T19:AK19) -> 2 | AM19: =AL19/AL$9*100 -> 40 | BB19: 1 | BI19: =SUM(AN19:BH19) -> 1 | BJ19: =BI19/BI$9*100 -> 25 | CF19: =SUM(BK19:CE19) -> 0 | CG19: =CF19/CF$9*100 -> 0 | CT19: =SUM(CH19:CS19) -> 0 | CU19: =CT19/CT$9*100 -> #DIV/0! | CW19: =(D19)/D$9*100 -> 21.428571 | CX19: =SUM(R19+AL19+BI19+CF19+CT19+CV19) -> 3
A20: 11 | B20: 0827CI231011 | C20: AKSHAT KARODE | D20: =SUM(R20+AL20+BI20+CF20+CT20+CV20) -> 4 | E20: =(D20)/D$9*100 -> 28.571429 | F20: =IF(E20<50,E20, " ") -> 28.571429 | G20: =IF(E20<30,E20, " ") -> 28.571429 | R20: =SUM(H20:Q20) -> 0 | S20: =R20/R$9*100 -> 0 | AI20: 1 | AL20: =SUM(T20:AK20) -> 1 | AM20: =AL20/AL$9*100 -> 20 | BH20: 1 | BI20: =SUM(AN20:BH20) -> 1 | BJ20: =BI20/BI$9*100 -> 25 | BN20: 1 | BP20: 1 | CF20: =SUM(BK20:CE20) -> 2 | CG20: =CF20/CF$9*100 -> 66.666667 | CT20: =SUM(CH20:CS20) -> 0 | CU20: =CT20/CT$9*100 -> #DIV/0! | CW20: =(D20)/D$9*100 -> 28.571429 | CX20: =SUM(R20+AL20+BI20+CF20+CT20+CV20) -> 4
A21: 12 | B21: 0827CI231012 | C21: AKSHAY KHANNA | D21: =SUM(R21+AL21+BI21+CF21+CT21+CV21) -> 4 | E21: =(D21)/D$9*100 -> 28.571429 | F21: =IF(E21<50,E21, " ") -> 28.571429 | G21: =IF(E21<30,E21, " ") -> 28.571429 | M21: 1 | R21: =SUM(H21:Q21) -> 1 | S21: =R21/R$9*100 -> 50 | AL21: =SUM(T21:AK21) -> 0 | AM21: =AL21/AL$9*100 -> 0 | BG21: 1 | BI21: =SUM(AN21:BH21) -> 1 | BJ21: =BI21/BI$9*100 -> 25 | BN21: 1 | BP21: 1 | CF21: =SUM(BK21:CE21) -> 2 | CG21: =CF21/CF$9*100 -> 66.666667 | CT21: =SUM(CH21:CS21) -> 0 | CU21: =CT21/CT$9*100 -> #DIV/0! | CW21: =(D21)/D$9*100 -> 28.571429 | CX21: =SUM(R21+AL21+BI21+CF21+CT21+CV21) -> 4
A22: 13 | B22: 0827CI231013 | C22: AMAY MISHRA | D22: =SUM(R22+AL22+BI22+CF22+CT22+CV22) -> 6 | E22: =(D22)/D$9*100 -> 42.857143 | F22: =IF(E22<50,E22, " ") -> 42.857143 | G22: =IF(E22<30,E22, " ") | R22: =SUM(H22:Q22) -> 0 | S22: =R22/R$9*100 -> 0 | Y22: 1 | Z22: 1 | AI22: 1 | AL22: =SUM(T22:AK22) -> 3 | AM22: =AL22/AL$9*100 -> 60 | BG22: 1 | BI22: =SUM(AN22:BH22) -> 1 | BJ22: =BI22/BI$9*100 -> 25 | BN22: 1 | BP22: 1 | CF22: =SUM(BK22:CE22) -> 2 | CG22: =CF22/CF$9*100 -> 66.666667 | CT22: =SUM(CH22:CS22) -> 0 | CU22: =CT22/CT$9*100 -> #DIV/0! | CW22: =(D22)/D$9*100 -> 42.857143 | CX22: =SUM(R22+AL22+BI22+CF22+CT22+CV22) -> 6
A23: 14 | B23: 0827CI231014 | C23: AMBAR YADAV | D23: =SUM(R23+AL23+BI23+CF23+CT23+CV23) -> 3 | E23: =(D23)/D$9*100 -> 21.428571 | F23: =IF(E23<50,E23, " ") -> 21.428571 | G23: =IF(E23<30,E23, " ") -> 21.428571 | I23: 1 | R23: =SUM(H23:Q23) -> 1 | S23: =R23/R$9*100 -> 50 | AI23: 1 | AL23: =SUM(T23:AK23) -> 1 | AM23: =AL23/AL$9*100 -> 20 | BI23: =SUM(AN23:BH23) -> 0 | BJ23: =BI23/BI$9*100 -> 0 | BP23: 1 | CF23: =SUM(BK23:CE23) -> 1 | CG23: =CF23/CF$9*100 -> 33.333333 | CT23: =SUM(CH23:CS23) -> 0 | CU23: =CT23/CT$9*100 -> #DIV/0! | CW23: =(D23)/D$9*100 -> 21.428571 | CX23: =SUM(R23+AL23+BI23+CF23+CT23+CV23) -> 3
A24: 15 | B24: 0827CI231015 | C24: AMIT YADAV | D24: =SUM(R24+AL24+BI24+CF24+CT24+CV24) -> 2 | E24: =(D24)/D$9*100 -> 14.285714 | F24: =IF(E24<50,E24, " ") -> 14.285714 | G24: =IF(E24<30,E24, " ") -> 14.285714 | R24: =SUM(H24:Q24) -> 0 | S24: =R24/R$9*100 -> 0 | Z24: 1 | AL24: =SUM(T24:AK24) -> 1 | AM24: =AL24/AL$9*100 -> 20 | BI24: =SUM(AN24:BH24) -> 0 | BJ24: =BI24/BI$9*100 -> 0 | BT24: 1 | CF24: =SUM(BK24:CE24) -> 1 | CG24: =CF24/CF$9*100 -> 33.333333 | CT24: =SUM(CH24:CS24) -> 0 | CU24: =CT24/CT$9*100 -> #DIV/0! | CW24: =(D24)/D$9*100 -> 14.285714 | CX24: =SUM(R24+AL24+BI24+CF24+CT24+CV24) -> 2
A25: 16 | B25: 0827CI231016 | C25: ANIRUDDH CHATURVEDI | D25: =SUM(R25+AL25+BI25+CF25+CT25+CV25) -> 7 | E25: =(D25)/D$9*100 -> 50 | F25: =IF(E25<50,E25, " ") | G25: =IF(E25<30,E25, " ") | M25: 1 | R25: =SUM(H25:Q25) -> 1 | S25: =R25/R$9*100 -> 50 | Y25: 1 | Z25: 1 | AD25: 1 | AE25: 1 | AL25: =SUM(T25:AK25) -> 4 | AM25: =AL25/AL$9*100 -> 80 | BI25: =SUM(AN25:BH25) -> 0 | BJ25: =BI25/BI$9*100 -> 0 | BN25: 1 | BT25: 1 | CF25: =SUM(BK25:CE25) -> 2 | CG25: =CF25/CF$9*100 -> 66.666667 | CT25: =SUM(CH25:CS25) -> 0 | CU25: =CT25/CT$9*100 -> #DIV/0! | CW25: =(D25)/D$9*100 -> 50 | CX25: =SUM(R25+AL25+BI25+CF25+CT25+CV25) -> 7
A26: 17 | B26: 0827CI231017 | C26: ANIRUDDHA SHARMA | D26: =SUM(R26+AL26+BI26+CF26+CT26+CV26) -> 3 | E26: =(D26)/D$9*100 -> 21.428571 | F26: =IF(E26<50,E26, " ") -> 21.428571 | G26: =IF(E26<30,E26, " ") -> 21.428571 | M26: 1 | R26: =SUM(H26:Q26) -> 1 | S26: =R26/R$9*100 -> 50 | Z26: 1 | AL26: =SUM(T26:AK26) -> 1 | AM26: =AL26/AL$9*100 -> 20 | BI26: =SUM(AN26:BH26) -> 0 | BJ26: =BI26/BI$9*100 -> 0 | BT26: 1 | CF26: =SUM(BK26:CE26) -> 1 | CG26: =CF26/CF$9*100 -> 33.333333 | CT26: =SUM(CH26:CS26) -> 0 | CU26: =CT26/CT$9*100 -> #DIV/0! | CW26: =(D26)/D$9*100 -> 21.428571 | CX26: =SUM(R26+AL26+BI26+CF26+CT26+CV26) -> 3
A27: 18 | B27: 0827CI231018 | C27: ANSH RATHORE | D27: =SUM(R27+AL27+BI27+CF27+CT27+CV27) -> 6 | E27: =(D27)/D$9*100 -> 42.857143 | F27: =IF(E27<50,E27, " ") -> 42.857143 | G27: =IF(E27<30,E27, " ") | M27: 1 | R27: =SUM(H27:Q27) -> 1 | S27: =R27/R$9*100 -> 50 | Y27: 1 | Z27: 1 | AI27: 1 | AL27: =SUM(T27:AK27) -> 3 | AM27: =AL27/AL$9*100 -> 60 | BI27: =SUM(AN27:BH27) -> 0 | BJ27: =BI27/BI$9*100 -> 0 | BN27: 1 | BP27: 1 | CF27: =SUM(BK27:CE27) -> 2 | CG27: =CF27/CF$9*100 -> 66.666667 | CT27: =SUM(CH27:CS27) -> 0 | CU27: =CT27/CT$9*100 -> #DIV/0! | CW27: =(D27)/D$9*100 -> 42.857143 | CX27: =SUM(R27+AL27+BI27+CF27+CT27+CV27) -> 6
A28: 19 | B28: 0827CI231019 | C28: ANSH VAISHNAV | D28: =SUM(R28+AL28+BI28+CF28+CT28+CV28) -> 3 | E28: =(D28)/D$9*100 -> 21.428571 | F28: =IF(E28<50,E28, " ") -> 21.428571 | G28: =IF(E28<30,E28, " ") -> 21.428571 | M28: 1 | R28: =SUM(H28:Q28) -> 1 | S28: =R28/R$9*100 -> 50 | Z28: 1 | AL28: =SUM(T28:AK28) -> 1 | AM28: =AL28/AL$9*100 -> 20 | BH28: 1 | BI28: =SUM(AN28:BH28) -> 1 | BJ28: =BI28/BI$9*100 -> 25 | CF28: =SUM(BK28:CE28) -> 0 | CG28: =CF28/CF$9*100 -> 0 | CT28: =SUM(CH28:CS28) -> 0 | CU28: =CT28/CT$9*100 -> #DIV/0! | CW28: =(D28)/D$9*100 -> 21.428571 | CX28: =SUM(R28+AL28+BI28+CF28+CT28+CV28) -> 3
A29: 20 | B29: 0827CI231020 | C29: ANSHU BILAWLIYA | D29: =SUM(R29+AL29+BI29+CF29+CT29+CV29) -> 12 | E29: =(D29)/D$9*100 -> 85.714286 | F29: =IF(E29<50,E29, " ") | G29: =IF(E29<30,E29, " ") | M29: 1 | R29: =SUM(H29:Q29) -> 1 | S29: =R29/R$9*100 -> 50 | Y29: 1 | Z29: 1 | AD29: 1 | AE29: 1 | AI29: 1 | AL29: =SUM(T29:AK29) -> 5 | AM29: =AL29/AL$9*100 -> 100 | AX29: 1 | BB29: 1 | BG29: 1 | BI29: =SUM(AN29:BH29) -> 3 | BJ29: =BI29/BI$9*100 -> 75 | BN29: 1 | BP29: 1 | BT29: 1 | CF29: =SUM(BK29:CE29) -> 3 | CG29: =CF29/CF$9*100 -> 100 | CT29: =SUM(CH29:CS29) -> 0 | CU29: =CT29/CT$9*100 -> #DIV/0! | CW29: =(D29)/D$9*100 -> 85.714286 | CX29: =SUM(R29+AL29+BI29+CF29+CT29+CV29) -> 12
A30: 21 | B30: 0827CI231021 | C30: ANUJ MALVIYA | D30: =SUM(R30+AL30+BI30+CF30+CT30+CV30) -> 3 | E30: =(D30)/D$9*100 -> 21.428571 | F30: =IF(E30<50,E30, " ") -> 21.428571 | G30: =IF(E30<30,E30, " ") -> 21.428571 | I30: 1 | R30: =SUM(H30:Q30) -> 1 | S30: =R30/R$9*100 -> 50 | AL30: =SUM(T30:AK30) -> 0 | AM30: =AL30/AL$9*100 -> 0 | BG30: 1 | BI30: =SUM(AN30:BH30) -> 1 | BJ30: =BI30/BI$9*100 -> 25 | BP30: 1 | CF30: =SUM(BK30:CE30) -> 1 | CG30: =CF30/CF$9*100 -> 33.333333 | CT30: =SUM(CH30:CS30) -> 0 | CU30: =CT30/CT$9*100 -> #DIV/0! | CW30: =(D30)/D$9*100 -> 21.428571 | CX30: =SUM(R30+AL30+BI30+CF30+CT30+CV30) -> 3
A31: 22 | B31: 0827CI231022 | C31: ANVESH TRIVEDI | D31: =SUM(R31+AL31+BI31+CF31+CT31+CV31) -> 6 | E31: =(D31)/D$9*100 -> 42.857143 | F31: =IF(E31<50,E31, " ") -> 42.857143 | G31: =IF(E31<30,E31, " ") | M31: 1 | R31: =SUM(H31:Q31) -> 1 | S31: =R31/R$9*100 -> 50 | AD31: 1 | AI31: 1 | AL31: =SUM(T31:AK31) -> 2 | AM31: =AL31/AL$9*100 -> 40 | BG31: 1 | BI31: =SUM(AN31:BH31) -> 1 | BJ31: =BI31/BI$9*100 -> 25 | BN31: 1 | BP31: 1 | CF31: =SUM(BK31:CE31) -> 2 | CG31: =CF31/CF$9*100 -> 66.666667 | CT31: =SUM(CH31:CS31) -> 0 | CU31: =CT31/CT$9*100 -> #DIV/0! | CW31: =(D31)/D$9*100 -> 42.857143 | CX31: =SUM(R31+AL31+BI31+CF31+CT31+CV31) -> 6
A32: 23 | B32: 0827CI231023 | C32: ANYA JAIN | D32: =SUM(R32+AL32+BI32+CF32+CT32+CV32) -> 4 | E32: =(D32)/D$9*100 -> 28.571429 | F32: =IF(E32<50,E32, " ") -> 28.571429 | G32: =IF(E32<30,E32, " ") -> 28.571429 | R32: =SUM(H32:Q32) -> 0 | S32: =R32/R$9*100 -> 0 | Y32: 1 | AD32: 1 | AL32: =SUM(T32:AK32) -> 2 | AM32: =AL32/AL$9*100 -> 40 | BI32: =SUM(AN32:BH32) -> 0 | BJ32: =BI32/BI$9*100 -> 0 | BN32: 1 | BP32: 1 | CF32: =SUM(BK32:CE32) -> 2 | CG32: =CF32/CF$9*100 -> 66.666667 | CT32: =SUM(CH32:CS32) -> 0 | CU32: =CT32/CT$9*100 -> #DIV/0! | CW32: =(D32)/D$9*100 -> 28.571429 | CX32: =SUM(R32+AL32+BI32+CF32+CT32+CV32) -> 4
A33: 24 | B33: 0827CI231024 | C33: ARYAN SINGH BHADORIA | D33: =SUM(R33+AL33+BI33+CF33+CT33+CV33) -> 6 | E33: =(D33)/D$9*100 -> 42.857143 | F33: =IF(E33<50,E33, " ") -> 42.857143 | G33: =IF(E33<30,E33, " ") | M33: 1 | R33: =SUM(H33:Q33) -> 1 | S33: =R33/R$9*100 -> 50 | AD33: 1 | AI33: 1 | AL33: =SUM(T33:AK33) -> 2 | AM33: =AL33/AL$9*100 -> 40 | BG33: 1 | BI33: =SUM(AN33:BH33) -> 1 | BJ33: =BI33/BI$9*100 -> 25 | BN33: 1 | BP33: 1 | CF33: =SUM(BK33:CE33) -> 2 | CG33: =CF33/CF$9*100 -> 66.666667 | CT33: =SUM(CH33:CS33) -> 0 | CU33: =CT33/CT$9*100 -> #DIV/0! | CW33: =(D33)/D$9*100 -> 42.857143 | CX33: =SUM(R33+AL33+BI33+CF33+CT33+CV33) -> 6
A34: 25 | B34: 0827CI231025 | C34: ASHWIN CARPENTER | D34: =SUM(R34+AL34+BI34+CF34+CT34+CV34) -> 2 | E34: =(D34)/D$9*100 -> 14.285714 | F34: =IF(E34<50,E34, " ") -> 14.285714 | G34: =IF(E34<30,E34, " ") -> 14.285714 | R34: =SUM(H34:Q34) -> 0 | S34: =R34/R$9*100 -> 0 | Z34: 1 | AL34: =SUM(T34:AK34) -> 1 | AM34: =AL34/AL$9*100 -> 20 | BI34: =SUM(AN34:BH34) -> 0 | BJ34: =BI34/BI$9*100 -> 0 | BP34: 1 | CF34: =SUM(BK34:CE34) -> 1 | CG34: =CF34/CF$9*100 -> 33.333333 | CT34: =SUM(CH34:CS34) -> 0 | CU34: =CT34/CT$9*100 -> #DIV/0! | CW34: =(D34)/D$9*100 -> 14.285714 | CX34: =SUM(R34+AL34+BI34+CF34+CT34+CV34) -> 2
A35: 26 | B35: 0827CI231026 | C35: AVI KEDARE | D35: =SUM(R35+AL35+BI35+CF35+CT35+CV35) -> 11 | E35: =(D35)/D$9*100 -> 78.571429 | F35: =IF(E35<50,E35, " ") | G35: =IF(E35<30,E35, " ") | M35: 1 | R35: =SUM(H35:Q35) -> 1 | S35: =R35/R$9*100 -> 50 | Y35: 1 | Z35: 1 | AD35: 1 | AE35: 1 | AL35: =SUM(T35:AK35) -> 4 | AM35: =AL35/AL$9*100 -> 80 | AX35: 1 | BG35: 1 | BH35: 1 | BI35: =SUM(AN35:BH35) -> 3 | BJ35: =BI35/BI$9*100 -> 75 | BN35: 1 | BP35: 1 | BT35: 1 | CF35: =SUM(BK35:CE35) -> 3 | CG35: =CF35/CF$9*100 -> 100 | CT35: =SUM(CH35:CS35) -> 0 | CU35: =CT35/CT$9*100 -> #DIV/0! | CW35: =(D35)/D$9*100 -> 78.571429 | CX35: =SUM(R35+AL35+BI35+CF35+CT35+CV35) -> 11
A36: 27 | B36: 0827CI231027 | C36: AYUSH CHOUDHARY | D36: =SUM(R36+AL36+BI36+CF36+CT36+CV36) -> 0 | E36: =(D36)/D$9*100 -> 0 | F36: =IF(E36<50,E36, " ") -> 0 | G36: =IF(E36<30,E36, " ") -> 0 | R36: =SUM(H36:Q36) -> 0 | S36: =R36/R$9*100 -> 0 | AL36: =SUM(T36:AK36) -> 0 | AM36: =AL36/AL$9*100 -> 0 | BI36: =SUM(AN36:BH36) -> 0 | BJ36: =BI36/BI$9*100 -> 0 | CF36: =SUM(BK36:CE36) -> 0 | CG36: =CF36/CF$9*100 -> 0 | CT36: =SUM(CH36:CS36) -> 0 | CU36: =CT36/CT$9*100 -> #DIV/0! | CW36: =(D36)/D$9*100 -> 0 | CX36: =SUM(R36+AL36+BI36+CF36+CT36+CV36) -> 0
A37: 28 | B37: 0827CI231028 | C37: AYUSH CHOURASIYA | D37: =SUM(R37+AL37+BI37+CF37+CT37+CV37) -> 4 | E37: =(D37)/D$9*100 -> 28.571429 | F37: =IF(E37<50,E37, " ") -> 28.571429 | G37: =IF(E37<30,E37, " ") -> 28.571429 | R37: =SUM(H37:Q37) -> 0 | S37: =R37/R$9*100 -> 0 | Y37: 1 | AD37: 1 | AL37: =SUM(T37:AK37) -> 2 | AM37: =AL37/AL$9*100 -> 40 | BH37: 1 | BI37: =SUM(AN37:BH37) -> 1 | BJ37: =BI37/BI$9*100 -> 25 | BN37: 1 | CF37: =SUM(BK37:CE37) -> 1 | CG37: =CF37/CF$9*100 -> 33.333333 | CT37: =SUM(CH37:CS37) -> 0 | CU37: =CT37/CT$9*100 -> #DIV/0! | CW37: =(D37)/D$9*100 -> 28.571429 | CX37: =SUM(R37+AL37+BI37+CF37+CT37+CV37) -> 4
A38: 29 | B38: 0827CI231029 | C38: CHIRAG | D38: =SUM(R38+AL38+BI38+CF38+CT38+CV38) -> 1 | E38: =(D38)/D$9*100 -> 7.1428571 | F38: =IF(E38<50,E38, " ") -> 7.1428571 | G38: =IF(E38<30,E38, " ") -> 7.1428571 | R38: =SUM(H38:Q38) -> 0 | S38: =R38/R$9*100 -> 0 | AL38: =SUM(T38:AK38) -> 0 | AM38: =AL38/AL$9*100 -> 0 | BI38: =SUM(AN38:BH38) -> 0 | BJ38: =BI38/BI$9*100 -> 0 | BT38: 1 | CF38: =SUM(BK38:CE38) -> 1 | CG38: =CF38/CF$9*100 -> 33.333333 | CT38: =SUM(CH38:CS38) -> 0 | CU38: =CT38/CT$9*100 -> #DIV/0! | CW38: =(D38)/D$9*100 -> 7.1428571 | CX38: =SUM(R38+AL38+BI38+CF38+CT38+CV38) -> 1
A39: 30 | B39: 0827CI231030 | C39: DARSHIL JAIN | D39: =SUM(R39+AL39+BI39+CF39+CT39+CV39) -> 1 | E39: =(D39)/D$9*100 -> 7.1428571 | F39: =IF(E39<50,E39, " ") -> 7.1428571 | G39: =IF(E39<30,E39, " ") -> 7.1428571 | R39: =SUM(H39:Q39) -> 0 | S39: =R39/R$9*100 -> 0 | AL39: =SUM(T39:AK39) -> 0 | AM39: =AL39/AL$9*100 -> 0 | BI39: =SUM(AN39:BH39) -> 0 | BJ39: =BI39/BI$9*100 -> 0 | BN39: 1 | CF39: =SUM(BK39:CE39) -> 1 | CG39: =CF39/CF$9*100 -> 33.333333 | CT39: =SUM(CH39:CS39) -> 0 | CU39: =CT39/CT$9*100 -> #DIV/0! | CW39: =(D39)/D$9*100 -> 7.1428571 | CX39: =SUM(R39+AL39+BI39+CF39+CT39+CV39) -> 1
A40: 31 | B40: 0827CI231031 | C40: DARSHIT JAIN | D40: =SUM(R40+AL40+BI40+CF40+CT40+CV40) -> 4 | E40: =(D40)/D$9*100 -> 28.571429 | F40: =IF(E40<50,E40, " ") -> 28.571429 | G40: =IF(E40<30,E40, " ") -> 28.571429 | M40: 1 | R40: =SUM(H40:Q40) -> 1 | S40: =R40/R$9*100 -> 50 | AE40: 1 | AL40: =SUM(T40:AK40) -> 1 | AM40: =AL40/AL$9*100 -> 20 | BH40: 1 | BI40: =SUM(AN40:BH40) -> 1 | BJ40: =BI40/BI$9*100 -> 25 | BP40: 1 | CF40: =SUM(BK40:CE40) -> 1 | CG40: =CF40/CF$9*100 -> 33.333333 | CT40: =SUM(CH40:CS40) -> 0 | CU40: =CT40/CT$9*100 -> #DIV/0! | CW40: =(D40)/D$9*100 -> 28.571429 | CX40: =SUM(R40+AL40+BI40+CF40+CT40+CV40) -> 4
A41: 32 | B41: 0827CI231032 | C41: DEEVA JAIN | D41: =SUM(R41+AL41+BI41+CF41+CT41+CV41) -> 2 | E41: =(D41)/D$9*100 -> 14.285714 | F41: =IF(E41<50,E41, " ") -> 14.285714 | G41: =IF(E41<30,E41, " ") -> 14.285714 | R41: =SUM(H41:Q41) -> 0 | S41: =R41/R$9*100 -> 0 | Z41: 1 | AL41: =SUM(T41:AK41) -> 1 | AM41: =AL41/AL$9*100 -> 20 | BI41: =SUM(AN41:BH41) -> 0 | BJ41: =BI41/BI$9*100 -> 0 | BP41: 1 | CF41: =SUM(BK41:CE41) -> 1 | CG41: =CF41/CF$9*100 -> 33.333333 | CT41: =SUM(CH41:CS41) -> 0 | CU41: =CT41/CT$9*100 -> #DIV/0! | CW41: =(D41)/D$9*100 -> 14.285714 | CX41: =SUM(R41+AL41+BI41+CF41+CT41+CV41) -> 2
A42: 33 | B42: 0827CI231033 | C42: DEV AGRAWAL | D42: =SUM(R42+AL42+BI42+CF42+CT42+CV42) -> 3 | E42: =(D42)/D$9*100 -> 21.428571 | F42: =IF(E42<50,E42, " ") -> 21.428571 | G42: =IF(E42<30,E42, " ") -> 21.428571 | R42: =SUM(H42:Q42) -> 0 | S42: =R42/R$9*100 -> 0 | Y42: 1 | AL42: =SUM(T42:AK42) -> 1 | AM42: =AL42/AL$9*100 -> 20 | BI42: =SUM(AN42:BH42) -> 0 | BJ42: =BI42/BI$9*100 -> 0 | BN42: 1 | BP42: 1 | CF42: =SUM(BK42:CE42) -> 2 | CG42: =CF42/CF$9*100 -> 66.666667 | CT42: =SUM(CH42:CS42) -> 0 | CU42: =CT42/CT$9*100 -> #DIV/0! | CW42: =(D42)/D$9*100 -> 21.428571 | CX42: =SUM(R42+AL42+BI42+CF42+CT42+CV42) -> 3
A43: 34 | B43: 0827CI231034 | C43: DEVANG SHARMA | D43: =SUM(R43+AL43+BI43+CF43+CT43+CV43) -> 4 | E43: =(D43)/D$9*100 -> 28.571429 | F43: =IF(E43<50,E43, " ") -> 28.571429 | G43: =IF(E43<30,E43, " ") -> 28.571429 | R43: =SUM(H43:Q43) -> 0 | S43: =R43/R$9*100 -> 0 | Y43: 1 | AL43: =SUM(T43:AK43) -> 1 | AM43: =AL43/AL$9*100 -> 20 | BG43: 1 | BI43: =SUM(AN43:BH43) -> 1 | BJ43: =BI43/BI$9*100 -> 25 | BN43: 1 | BP43: 1 | CF43: =SUM(BK43:CE43) -> 2 | CG43: =CF43/CF$9*100 -> 66.666667 | CT43: =SUM(CH43:CS43) -> 0 | CU43: =CT43/CT$9*100 -> #DIV/0! | CW43: =(D43)/D$9*100 -> 28.571429 | CX43: =SUM(R43+AL43+BI43+CF43+CT43+CV43) -> 4
A44: 35 | B44: 0827CI231035 | C44: DHEER PANCHAL | D44: =SUM(R44+AL44+BI44+CF44+CT44+CV44) -> 5 | E44: =(D44)/D$9*100 -> 35.714286 | F44: =IF(E44<50,E44, " ") -> 35.714286 | G44: =IF(E44<30,E44, " ") | M44: 1 | R44: =SUM(H44:Q44) -> 1 | S44: =R44/R$9*100 -> 50 | Y44: 1 | AD44: 1 | AL44: =SUM(T44:AK44) -> 2 | AM44: =AL44/AL$9*100 -> 40 | BG44: 1 | BH44: 1 | BI44: =SUM(AN44:BH44) -> 2 | BJ44: =BI44/BI$9*100 -> 50 | CF44: =SUM(BK44:CE44) -> 0 | CG44: =CF44/CF$9*100 -> 0 | CT44: =SUM(CH44:CS44) -> 0 | CU44: =CT44/CT$9*100 -> #DIV/0! | CW44: =(D44)/D$9*100 -> 35.714286 | CX44: =SUM(R44+AL44+BI44+CF44+CT44+CV44) -> 5
A45: 36 | B45: 0827CI231036 | C45: DHERYA CHOUHAN | D45: =SUM(R45+AL45+BI45+CF45+CT45+CV45) -> 0 | E45: =(D45)/D$9*100 -> 0 | F45: =IF(E45<50,E45, " ") -> 0 | G45: =IF(E45<30,E45, " ") -> 0 | R45: =SUM(H45:Q45) -> 0 | S45: =R45/R$9*100 -> 0 | AL45: =SUM(T45:AK45) -> 0 | AM45: =AL45/AL$9*100 -> 0 | BI45: =SUM(AN45:BH45) -> 0 | BJ45: =BI45/BI$9*100 -> 0 | CF45: =SUM(BK45:CE45) -> 0 | CG45: =CF45/CF$9*100 -> 0 | CT45: =SUM(CH45:CS45) -> 0 | CU45: =CT45/CT$9*100 -> #DIV/0!
A46: 37 | B46: 0827CI231037 | C46: DIPENDRA GAMI | D46: =SUM(R46+AL46+BI46+CF46+CT46+CV46) -> 5 | E46: =(D46)/D$9*100 -> 35.714286 | F46: =IF(E46<50,E46, " ") -> 35.714286 | G46: =IF(E46<30,E46, " ") | M46: 1 | R46: =SUM(H46:Q46) -> 1 | S46: =R46/R$9*100 -> 50 | AE46: 1 | AL46: =SUM(T46:AK46) -> 1 | AM46: =AL46/AL$9*100 -> 20 | BH46: 1 | BI46: =SUM(AN46:BH46) -> 1 | BJ46: =BI46/BI$9*100 -> 25 | BN46: 1 | BP46: 1 | CF46: =SUM(BK46:CE46) -> 2 | CG46: =CF46/CF$9*100 -> 66.666667 | CT46: =SUM(CH46:CS46) -> 0 | CU46: =CT46/CT$9*100 -> #DIV/0!
A47: 38 | B47: 0827CI231038 | C47: DIPESH PATIDAR | D47: =SUM(R47+AL47+BI47+CF47+CT47+CV47) -> 10 | E47: =(D47)/D$9*100 -> 71.428571 | F47: =IF(E47<50,E47, " ") | G47: =IF(E47<30,E47, " ") | R47: =SUM(H47:Q47) -> 0 | S47: =R47/R$9*100 -> 0 | Y47: 1 | Z47: 1 | AD47: 1 | AI47: 1 | AL47: =SUM(T47:AK47) -> 4 | AM47: =AL47/AL$9*100 -> 80 | AX47: 1 | BG47: 1 | BH47: 1 | BI47: =SUM(AN47:BH47) -> 3 | BJ47: =BI47/BI$9*100 -> 75 | BN47: 1 | BP47: 1 | BT47: 1 | CF47: =SUM(BK47:CE47) -> 3 | CG47: =CF47/CF$9*100 -> 100 | CT47: =SUM(CH47:CS47) -> 0 | CU47: =CT47/CT$9*100 -> #DIV/0! | CW47: =(D47)/D$9*100 -> 71.428571 | CX47: =SUM(R47+AL47+BI47+CF47+CT47+CV47) -> 10
A48: 39 | B48: 0827CI231039 | C48: DISHA ASIJA | D48: =SUM(R48+AL48+BI48+CF48+CT48+CV48) -> 6 | E48: =(D48)/D$9*100 -> 42.857143 | F48: =IF(E48<50,E48, " ") -> 42.857143 | G48: =IF(E48<30,E48, " ") | M48: 1 | R48: =SUM(H48:Q48) -> 1 | S48: =R48/R$48*100 -> 100 | Y48: 1 | Z48: 1 | AI48: 1 | AL48: =SUM(T48:AK48) -> 3 | AM48: =AL48/AL$9*100 -> 60 | BI48: =SUM(AN48:BH48) -> 0 | BJ48: =BI48/BI$9*100 -> 0 | BN48: 1 | BP48: 1 | CF48: =SUM(BK48:CE48) -> 2 | CG48: =CF48/CF$9*100 -> 66.666667 | CT48: =SUM(CH48:CS48) -> 0 | CU48: =CT48/CT$9*100 -> #DIV/0! | CW48: =(D48)/D$9*100 -> 42.857143 | CX48: =SUM(R48+AL48+BI48+CF48+CT48+CV48) -> 6
A49: 40 | B49: 0827CI231040 | C49: EKLAVYA JANGID | D49: =SUM(R49+AL49+BI49+CF49+CT49+CV49) -> 6 | E49: =(D49)/D$9*100 -> 42.857143 | F49: =IF(E49<50,E49, " ") -> 42.857143 | G49: =IF(E49<30,E49, " ") | M49: 1 | R49: =SUM(H49:Q49) -> 1 | S49: =R49/R$48*100 -> 100 | Y49: 1 | Z49: 1 | AI49: 1 | AL49: =SUM(T49:AK49) -> 3 | AM49: =AL49/AL$9*100 -> 60 | BI49: =SUM(AN49:BH49) -> 0 | BJ49: =BI49/BI$9*100 -> 0 | BN49: 1 | BP49: 1 | CF49: =SUM(BK49:CE49) -> 2 | CG49: =CF49/CF$9*100 -> 66.666667 | CT49: =SUM(CH49:CS49) -> 0 | CU49: =CT49/CT$9*100 -> #DIV/0! | CW49: =(D49)/D$9*100 -> 42.857143 | CX49: =SUM(R49+AL49+BI49+CF49+CT49+CV49) -> 6
A50: 41 | B50: 0827CI231041 | C50: GULISHA AGRAWAL | D50: =SUM(R50+AL50+BI50+CF50+CT50+CV50) -> 3 | E50: =(D50)/D$9*100 -> 21.428571 | F50: =IF(E50<50,E50, " ") -> 21.428571 | G50: =IF(E50<30,E50, " ") -> 21.428571 | M50: 1 | R50: =SUM(H50:Q50) -> 1 | S50: =R50/R$48*100 -> 100 | Y50: 1 | AL50: =SUM(T50:AK50) -> 1 | AM50: =AL50/AL$9*100 -> 20 | BI50: =SUM(AN50:BH50) -> 0 | BJ50: =BI50/BI$9*100 -> 0 | BT50: 1 | CF50: =SUM(BK50:CE50) -> 1 | CG50: =CF50/CF$9*100 -> 33.333333 | CT50: =SUM(CH50:CS50) -> 0 | CU50: =CT50/CT$9*100 -> #DIV/0! | CW50: =(D50)/D$9*100 -> 21.428571 | CX50: =SUM(R50+AL50+BI50+CF50+CT50+CV50) -> 3
A51: 42 | B51: 0827CI231042 | C51: GUNJAN UDIWAL | D51: =SUM(R51+AL51+BI51+CF51+CT51+CV51) -> 7 | E51: =(D51)/D$9*100 -> 50 | F51: =IF(E51<50,E51, " ") | G51: =IF(E51<30,E51, " ") | M51: 1 | R51: =SUM(H51:Q51) -> 1 | S51: =R51/R$48*100 -> 100 | Z51: 1 | AI51: 1 | AL51: =SUM(T51:AK51) -> 2 | AM51: =AL51/AL$9*100 -> 40 | BG51: 1 | BH51: 1 | BI51: =SUM(AN51:BH51) -> 2 | BJ51: =BI51/BI$9*100 -> 50 | BP51: 1 | BT51: 1 | CF51: =SUM(BK51:CE51) -> 2 | CG51: =CF51/CF$9*100 -> 66.666667 | CT51: =SUM(CH51:CS51) -> 0 | CU51: =CT51/CT$9*100 -> #DIV/0! | CW51: =(D51)/D$9*100 -> 50 | CX51: =SUM(R51+AL51+BI51+CF51+CT51+CV51) -> 7
A52: 43 | B52: 0827CI231043 | C52: HARI SINGH | D52: =SUM(R52+AL52+BI52+CF52+CT52+CV52) -> 2 | E52: =(D52)/D$9*100 -> 14.285714 | F52: =IF(E52<50,E52, " ") -> 14.285714 | G52: =IF(E52<30,E52, " ") -> 14.285714 | M52: 1 | R52: =SUM(H52:Q52) -> 1 | S52: =R52/R$48*100 -> 100 | Z52: 1 | AL52: =SUM(T52:AK52) -> 1 | AM52: =AL52/AL$9*100 -> 20 | BI52: =SUM(AN52:BH52) -> 0 | BJ52: =BI52/BI$9*100 -> 0 | CF52: =SUM(BK52:CE52) -> 0 | CG52: =CF52/CF$9*100 -> 0 | CT52: =SUM(CH52:CS52) -> 0 | CU52: =CT52/CT$9*100 -> #DIV/0! | CW52: =(D52)/D$9*100 -> 14.285714 | CX52: =SUM(R52+AL52+BI52+CF52+CT52+CV52) -> 2
A53: 44 | B53: 0827CI231044 | C53: HARIOM PATIDAR | D53: =SUM(R53+AL53+BI53+CF53+CT53+CV53) -> 5 | E53: =(D53)/D$9*100 -> 35.714286 | F53: =IF(E53<50,E53, " ") -> 35.714286 | G53: =IF(E53<30,E53, " ") | R53: =SUM(H53:Q53) -> 0 | S53: =R53/R$48*100 -> 0 | Z53: 1 | AE53: 1 | AL53: =SUM(T53:AK53) -> 2 | AM53: =AL53/AL$9*100 -> 40 | BG53: 1 | BH53: 1 | BI53: =SUM(AN53:BH53) -> 2 | BJ53: =BI53/BI$9*100 -> 50 | BP53: 1 | CF53: =SUM(BK53:CE53) -> 1 | CG53: =CF53/CF$9*100 -> 33.333333 | CT53: =SUM(CH53:CS53) -> 0 | CU53: =CT53/CT$9*100 -> #DIV/0! | CW53: =(D53)/D$9*100 -> 35.714286 | CX53: =SUM(R53+AL53+BI53+CF53+CT53+CV53) -> 5
A54: 45 | B54: 0827CI231045 | C54: HARSH PAREEK | D54: =SUM(R54+AL54+BI54+CF54+CT54+CV54) -> 2 | E54: =(D54)/D$9*100 -> 14.285714 | F54: =IF(E54<50,E54, " ") -> 14.285714 | G54: =IF(E54<30,E54, " ") -> 14.285714 | R54: =SUM(H54:Q54) -> 0 | S54: =R54/R$48*100 -> 0 | AL54: =SUM(T54:AK54) -> 0 | AM54: =AL54/AL$9*100 -> 0 | BI54: =SUM(AN54:BH54) -> 0 | BJ54: =BI54/BI$9*100 -> 0 | BN54: 1 | BP54: 1 | CF54: =SUM(BK54:CE54) -> 2 | CG54: =CF54/CF$9*100 -> 66.666667 | CT54: =SUM(CH54:CS54) -> 0 | CU54: =CT54/CT$9*100 -> #DIV/0! | CW54: =(D54)/D$9*100 -> 14.285714 | CX54: =SUM(R54+AL54+BI54+CF54+CT54+CV54) -> 2
A55: 46 | B55: 0827CI231046 | C55: HARSHIT JAIN | D55: =SUM(R55+AL55+BI55+CF55+CT55+CV55) -> 2 | E55: =(D55)/D$9*100 -> 14.285714 | F55: =IF(E55<50,E55, " ") -> 14.285714 | G55: =IF(E55<30,E55, " ") -> 14.285714 | R55: =SUM(H55:Q55) -> 0 | S55: =R55/R$48*100 -> 0 | Y55: 1 | Z55: 1 | AL55: =SUM(T55:AK55) -> 2 | AM55: =AL55/AL$9*100 -> 40 | BI55: =SUM(AN55:BH55) -> 0 | BJ55: =BI55/BI$9*100 -> 0 | CF55: =SUM(BK55:CE55) -> 0 | CG55: =CF55/CF$9*100 -> 0 | CT55: =SUM(CH55:CS55) -> 0 | CU55: =CT55/CT$9*100 -> #DIV/0! | CW55: =(D55)/D$9*100 -> 14.285714 | CX55: =SUM(R55+AL55+BI55+CF55+CT55+CV55) -> 2
A56: 47 | B56: 0827CI231047 | C56: HARSHITA PALIWAL | D56: =SUM(R56+AL56+BI56+CF56+CT56+CV56) -> 4 | E56: =(D56)/D$9*100 -> 28.571429 | F56: =IF(E56<50,E56, " ") -> 28.571429 | G56: =IF(E56<30,E56, " ") -> 28.571429 | R56: =SUM(H56:Q56) -> 0 | S56: =R56/R$48*100 -> 0 | Y56: 1 | AD56: 1 | AL56: =SUM(T56:AK56) -> 2 | AM56: =AL56/AL$9*100 -> 40 | BI56: =SUM(AN56:BH56) -> 0 | BJ56: =BI56/BI$9*100 -> 0 | BN56: 1 | BT56: 1 | CF56: =SUM(BK56:CE56) -> 2 | CG56: =CF56/CF$9*100 -> 66.666667 | CT56: =SUM(CH56:CS56) -> 0 | CU56: =CT56/CT$9*100 -> #DIV/0! | CW56: =(D56)/D$9*100 -> 28.571429 | CX56: =SUM(R56+AL56+BI56+CF56+CT56+CV56) -> 4
A57: 48 | B57: 0827CI231048 | C57: HIMANSHU SHEETLANI | D57: =SUM(R57+AL57+BI57+CF57+CT57+CV57) -> 5 | E57: =(D57)/D$9*100 -> 35.714286 | F57: =IF(E57<50,E57, " ") -> 35.714286 | G57: =IF(E57<30,E57, " ") | R57: =SUM(H57:Q57) -> 0 | S57: =R57/R$48*100 -> 0 | Y57: 1 | Z57: 1 | AD57: 1 | AI57: 1 | AL57: =SUM(T57:AK57) -> 4 | AM57: =AL57/AL$9*100 -> 80 | BI57: =SUM(AN57:BH57) -> 0 | BJ57: =BI57/BI$9*100 -> 0 | BN57: 1 | CF57: =SUM(BK57:CE57) -> 1 | CG57: =CF57/CF$9*100 -> 33.333333 | CT57: =SUM(CH57:CS57) -> 0 | CU57: =CT57/CT$9*100 -> #DIV/0! | CW57: =(D57)/D$9*100 -> 35.714286 | CX57: =SUM(R57+AL57+BI57+CF57+CT57+CV57) -> 5
A58: 49 | B58: 0827CI231049 | C58: HRITIK PATEL | D58: =SUM(R58+AL58+BI58+CF58+CT58+CV58) -> 9 | E58: =(D58)/D$9*100 -> 64.285714 | F58: =IF(E58<50,E58, " ") | G58: =IF(E58<30,E58, " ") | I58: 1 | M58: 1 | R58: =SUM(H58:Q58) -> 2 | S58: =R58/R$48*100 -> 200 | AD58: 1 | AE58: 1 | AL58: =SUM(T58:AK58) -> 2 | AM58: =AL58/AL$9*100 -> 40 | BG58: 1 | BH58: 1 | BI58: =SUM(AN58:BH58) -> 2 | BJ58: =BI58/BI$9*100 -> 50 | BN58: 1 | BP58: 1 | BT58: 1 | CF58: =SUM(BK58:CE58) -> 3 | CG58: =CF58/CF$9*100 -> 100 | CT58: =SUM(CH58:CS58) -> 0 | CU58: =CT58/CT$9*100 -> #DIV/0! | CW58: =(D58)/D$9*100 -> 64.285714 | CX58: =SUM(R58+AL58+BI58+CF58+CT58+CV58) -> 9
A59: 50 | B59: 0827CI231050 | C59: IFRAH QURESHI | D59: =SUM(R59+AL59+BI59+CF59+CT59+CV59) -> 5 | E59: =(D59)/D$9*100 -> 35.714286 | F59: =IF(E59<50,E59, " ") -> 35.714286 | G59: =IF(E59<30,E59, " ") | R59: =SUM(H59:Q59) -> 0 | S59: =R59/R$48*100 -> 0 | Y59: 1 | Z59: 1 | AI59: 1 | AL59: =SUM(T59:AK59) -> 3 | AM59: =AL59/AL$9*100 -> 60 | BI59: =SUM(AN59:BH59) -> 0 | BJ59: =BI59/BI$9*100 -> 0 | BN59: 1 | BP59: 1 | CF59: =SUM(BK59:CE59) -> 2 | CG59: =CF59/CF$9*100 -> 66.666667 | CT59: =SUM(CH59:CS59) -> 0 | CU59: =CT59/CT$9*100 -> #DIV/0! | CW59: =(D59)/D$9*100 -> 35.714286 | CX59: =SUM(R59+AL59+BI59+CF59+CT59+CV59) -> 5
A60: 51 | B60: 0827CI231051 | C60: ISHAN SINGH TOMAR | D60: =SUM(R60+AL60+BI60+CF60+CT60+CV60) -> 6 | E60: =(D60)/D$9*100 -> 42.857143 | F60: =IF(E60<50,E60, " ") -> 42.857143 | G60: =IF(E60<30,E60, " ") | I60: 1 | R60: =SUM(H60:Q60) -> 1 | S60: =R60/R$48*100 -> 100 | Y60: 1 | AL60: =SUM(T60:AK60) -> 1 | AM60: =AL60/AL$9*100 -> 20 | BG60: 1 | BH60: 1 | BI60: =SUM(AN60:BH60) -> 2 | BJ60: =BI60/BI$9*100 -> 50 | BN60: 1 | BP60: 1 | CF60: =SUM(BK60:CE60) -> 2 | CG60: =CF60/CF$9*100 -> 66.666667 | CT60: =SUM(CH60:CS60) -> 0 | CU60: =CT60/CT$9*100 -> #DIV/0! | CW60: =(D60)/D$9*100 -> 42.857143 | CX60: =SUM(R60+AL60+BI60+CF60+CT60+CV60) -> 6
A61: 52 | B61: 0827CI231052 | C61: ISHIKA RATHOD | D61: =SUM(R61+AL61+BI61+CF61+CT61+CV61) -> 8 | E61: =(D61)/D$9*100 -> 57.142857 | F61: =IF(E61<50,E61, " ") | G61: =IF(E61<30,E61, " ") | R61: =SUM(H61:Q61) -> 0 | S61: =R61/R$48*100 -> 0 | Y61: 1 | Z61: 1 | AD61: 1 | AL61: =SUM(T61:AK61) -> 3 | AM61: =AL61/AL$9*100 -> 60 | BB61: 1 | BH61: 1 | BI61: =SUM(AN61:BH61) -> 2 | BJ61: =BI61/BI$9*100 -> 50 | BN61: 1 | BP61: 1 | BT61: 1 | CF61: =SUM(BK61:CE61) -> 3 | CG61: =CF61/CF$9*100 -> 100 | CT61: =SUM(CH61:CS61) -> 0 | CU61: =CT61/CT$9*100 -> #DIV/0! | CW61: =(D61)/D$9*100 -> 57.142857 | CX61: =SUM(R61+AL61+BI61+CF61+CT61+CV61) -> 8
A62: 53 | B62: 0827CI231053 | C62: ISHIKA SETHIYA | D62: =SUM(R62+AL62+BI62+CF62+CT62+CV62) -> 6 | E62: =(D62)/D$9*100 -> 42.857143 | F62: =IF(E62<50,E62, " ") -> 42.857143 | G62: =IF(E62<30,E62, " ") | M62: 1 | R62: =SUM(H62:Q62) -> 1 | S62: =R62/R$48*100 -> 100 | Y62: 1 | Z62: 1 | AL62: =SUM(T62:AK62) -> 2 | AM62: =AL62/AL$9*100 -> 40 | BG62: 1 | BH62: 1 | BI62: =SUM(AN62:BH62) -> 2 | BJ62: =BI62/BI$9*100 -> 50 | BN62: 1 | CF62: =SUM(BK62:CE62) -> 1 | CG62: =CF62/CF$9*100 -> 33.333333 | CT62: =SUM(CH62:CS62) -> 0 | CU62: =CT62/CT$9*100 -> #DIV/0! | CW62: =(D62)/D$9*100 -> 42.857143 | CX62: =SUM(R62+AL62+BI62+CF62+CT62+CV62) -> 6
A63: 54 | B63: 0827CI231054 | C63: JAYESH KUSHWAH | D63: =SUM(R63+AL63+BI63+CF63+CT63+CV63) -> 3 | E63: =(D63)/D$9*100 -> 21.428571 | F63: =IF(E63<50,E63, " ") -> 21.428571 | G63: =IF(E63<30,E63, " ") -> 21.428571 | R63: =SUM(H63:Q63) -> 0 | S63: =R63/R$48*100 -> 0 | AI63: 1 | AL63: =SUM(T63:AK63) -> 1 | AM63: =AL63/AL$9*100 -> 20 | BH63: 1 | BI63: =SUM(AN63:BH63) -> 1 | BJ63: =BI63/BI$9*100 -> 25 | BN63: 1 | CF63: =SUM(BK63:CE63) -> 1 | CG63: =CF63/CF$9*100 -> 33.333333 | CT63: =SUM(CH63:CS63) -> 0 | CU63: =CT63/CT$9*100 -> #DIV/0! | CW63: =(D63)/D$9*100 -> 21.428571 | CX63: =SUM(R63+AL63+BI63+CF63+CT63+CV63) -> 3
A64: 55 | B64: 0827CI231055 | C64: KALIND BHUSARI | D64: =SUM(R64+AL64+BI64+CF64+CT64+CV64) -> 3 | E64: =(D64)/D$9*100 -> 21.428571 | F64: =IF(E64<50,E64, " ") -> 21.428571 | G64: =IF(E64<30,E64, " ") -> 21.428571 | R64: =SUM(H64:Q64) -> 0 | S64: =R64/R$48*100 -> 0 | AL64: =SUM(T64:AK64) -> 0 | AM64: =AL64/AL$9*100 -> 0 | BI64: =SUM(AN64:BH64) -> 0 | BJ64: =BI64/BI$9*100 -> 0 | BN64: 1 | BP64: 1 | BT64: 1 | CF64: =SUM(BK64:CE64) -> 3 | CG64: =CF64/CF$9*100 -> 100 | CT64: =SUM(CH64:CS64) -> 0 | CU64: =CT64/CT$9*100 -> #DIV/0! | CW64: =(D64)/D$9*100 -> 21.428571 | CX64: =SUM(R64+AL64+BI64+CF64+CT64+CV64) -> 3
A65: 56 | B65: 0827CI231056 | C65: KANUGO RAUNAK NITESH | D65: =SUM(R65+AL65+BI65+CF65+CT65+CV65) -> 1 | E65: =(D65)/D$9*100 -> 7.1428571 | F65: =IF(E65<50,E65, " ") -> 7.1428571 | G65: =IF(E65<30,E65, " ") -> 7.1428571 | M65: 1 | R65: =SUM(H65:Q65) -> 1 | S65: =R65/R$48*100 -> 100 | AL65: =SUM(T65:AK65) -> 0 | AM65: =AL65/AL$9*100 -> 0 | BI65: =SUM(AN65:BH65) -> 0 | BJ65: =BI65/BI$9*100 -> 0 | CF65: =SUM(BK65:CE65) -> 0 | CG65: =CF65/CF$9*100 -> 0 | CT65: =SUM(CH65:CS65) -> 0 | CU65: =CT65/CT$9*100 -> #DIV/0! | CW65: =(D65)/D$9*100 -> 7.1428571 | CX65: =SUM(R65+AL65+BI65+CF65+CT65+CV65) -> 1
A66: 57 | B66: 0827CI231057 | C66: KAPIL GOYAL | D66: =SUM(R66+AL66+BI66+CF66+CT66+CV66) -> 4 | E66: =(D66)/D$9*100 -> 28.571429 | F66: =IF(E66<50,E66, " ") -> 28.571429 | G66: =IF(E66<30,E66, " ") -> 28.571429 | R66: =SUM(H66:Q66) -> 0 | S66: =R66/R$48*100 -> 0 | AD66: 1 | AI66: 1 | AL66: =SUM(T66:AK66) -> 2 | AM66: =AL66/AL$9*100 -> 40 | BI66: =SUM(AN66:BH66) -> 0 | BJ66: =BI66/BI$9*100 -> 0 | BN66: 1 | BP66: 1 | CF66: =SUM(BK66:CE66) -> 2 | CG66: =CF66/CF$9*100 -> 66.666667 | CT66: =SUM(CH66:CS66) -> 0 | CU66: =CT66/CT$9*100 -> #DIV/0! | CW66: =(D66)/D$9*100 -> 28.571429 | CX66: =SUM(R66+AL66+BI66+CF66+CT66+CV66) -> 4
A67: 58 | B67: 0827CI231058 | C67: KARAN PATEL | D67: =SUM(R67+AL67+BI67+CF67+CT67+CV67) -> 4 | E67: =(D67)/D$9*100 -> 28.571429 | F67: =IF(E67<50,E67, " ") -> 28.571429 | G67: =IF(E67<30,E67, " ") -> 28.571429 | M67: 1 | R67: =SUM(H67:Q67) -> 1 | S67: =R67/R$48*100 -> 100 | Y67: 1 | Z67: 1 | AL67: =SUM(T67:AK67) -> 2 | AM67: =AL67/AL$9*100 -> 40 | BI67: =SUM(AN67:BH67) -> 0 | BJ67: =BI67/BI$9*100 -> 0 | BN67: 1 | CF67: =SUM(BK67:CE67) -> 1 | CG67: =CF67/CF$9*100 -> 33.333333 | CT67: =SUM(CH67:CS67) -> 0 | CU67: =CT67/CT$9*100 -> #DIV/0! | CW67: =(D67)/D$9*100 -> 28.571429 | CX67: =SUM(R67+AL67+BI67+CF67+CT67+CV67) -> 4
A68: 59 | B68: 0827CI231059 | C68: KASHISH JHALA | D68: =SUM(R68+AL68+BI68+CF68+CT68+CV68) -> 4 | E68: =(D68)/D$9*100 -> 28.571429 | F68: =IF(E68<50,E68, " ") -> 28.571429 | G68: =IF(E68<30,E68, " ") -> 28.571429 | I68: 1 | R68: =SUM(H68:Q68) -> 1 | S68: =R68/R$48*100 -> 100 | Y68: 1 | Z68: 1 | AL68: =SUM(T68:AK68) -> 2 | AM68: =AL68/AL$9*100 -> 40 | BI68: =SUM(AN68:BH68) -> 0 | BJ68: =BI68/BI$9*100 -> 0 | BT68: 1 | CF68: =SUM(BK68:CE68) -> 1 | CG68: =CF68/CF$9*100 -> 33.333333 | CT68: =SUM(CH68:CS68) -> 0 | CU68: =CT68/CT$9*100 -> #DIV/0! | CW68: =(D68)/D$9*100 -> 28.571429 | CX68: =SUM(R68+AL68+BI68+CF68+CT68+CV68) -> 4
A69: 60 | B69: 0827CI231060 | C69: KESHAV PATIDAR | D69: =SUM(R69+AL69+BI69+CF69+CT69+CV69) -> 8 | E69: =(D69)/D$9*100 -> 57.142857 | F69: =IF(E69<50,E69, " ") | G69: =IF(E69<30,E69, " ") | R69: =SUM(H69:Q69) -> 0 | S69: =R69/R$48*100 -> 0 | Y69: 1 | Z69: 1 | AE69: 1 | AI69: 1 | AL69: =SUM(T69:AK69) -> 4 | AM69: =AL69/AL$9*100 -> 80 | BB69: 1 | BG69: 1 | BH69: 1 | BI69: =SUM(AN69:BH69) -> 3 | BJ69: =BI69/BI$9*100 -> 75 | BP69: 1 | CF69: =SUM(BK69:CE69) -> 1 | CG69: =CF69/CF$9*100 -> 33.333333 | CT69: =SUM(CH69:CS69) -> 0 | CU69: =CT69/CT$9*100 -> #DIV/0! | CW69: =(D69)/D$9*100 -> 57.142857 | CX69: =SUM(R69+AL69+BI69+CF69+CT69+CV69) -> 8
A70: 61 | B70: 0827CI231061 | C70: KESHAV SHARMA | D70: =SUM(R70+AL70+BI70+CF70+CT70+CV70) -> 1 | E70: =(D70)/D$9*100 -> 7.1428571 | F70: =IF(E70<50,E70, " ") -> 7.1428571 | G70: =IF(E70<30,E70, " ") -> 7.1428571 | R70: =SUM(H70:Q70) -> 0 | S70: =R70/R$48*100 -> 0 | AL70: =SUM(T70:AK70) -> 0 | AM70: =AL70/AL$9*100 -> 0 | BH70: 1 | BI70: =SUM(AN70:BH70) -> 1 | BJ70: =BI70/BI$9*100 -> 25 | CF70: =SUM(BK70:CE70) -> 0 | CG70: =CF70/CF$9*100 -> 0 | CT70: =SUM(CH70:CS70) -> 0 | CU70: =CT70/CT$9*100 -> #DIV/0! | CW70: =(D70)/D$9*100 -> 7.1428571 | CX70: =SUM(R70+AL70+BI70+CF70+CT70+CV70) -> 1
A71: 62 | B71: 0827CI231062 | C71: KIRTAN SANKHALA | D71: =SUM(R71+AL71+BI71+CF71+CT71+CV71) -> 0 | E71: =(D71)/D$9*100 -> 0 | F71: =IF(E71<50,E71, " ") -> 0 | G71: =IF(E71<30,E71, " ") -> 0 | R71: =SUM(H71:Q71) -> 0 | S71: =R71/R$48*100 -> 0 | AL71: =SUM(T71:AK71) -> 0 | AM71: =AL71/AL$9*100 -> 0 | BI71: =SUM(AN71:BH71) -> 0 | BJ71: =BI71/BI$9*100 -> 0 | CF71: =SUM(BK71:CE71) -> 0 | CG71: =CF71/CF$9*100 -> 0 | CT71: =SUM(CH71:CS71) -> 0 | CU71: =CT71/CT$9*100 -> #DIV/0! | CW71: =(D71)/D$9*100 -> 0 | CX71: =SUM(R71+AL71+BI71+CF71+CT71+CV71) -> 0
A72: 63 | B72: 0827CI231063 | C72: KRATI PATIDAR | D72: =SUM(R72+AL72+BI72+CF72+CT72+CV72) -> 9 | E72: =(D72)/D$9*100 -> 64.285714 | F72: =IF(E72<50,E72, " ") | G72: =IF(E72<30,E72, " ") | M72: 1 | R72: =SUM(H72:Q72) -> 1 | S72: =R72/R$48*100 -> 100 | Y72: 1 | Z72: 1 | AD72: 1 | AL72: =SUM(T72:AK72) -> 3 | AM72: =AL72/AL$9*100 -> 60 | BB72: 1 | BH72: 1 | BI72: =SUM(AN72:BH72) -> 2 | BJ72: =BI72/BI$9*100 -> 50 | BN72: 1 | BP72: 1 | BT72: 1 | CF72: =SUM(BK72:CE72) -> 3 | CG72: =CF72/CF$9*100 -> 100 | CT72: =SUM(CH72:CS72) -> 0 | CU72: =CT72/CT$9*100 -> #DIV/0! | CW72: =(D72)/D$9*100 -> 64.285714 | CX72: =SUM(R72+AL72+BI72+CF72+CT72+CV72) -> 9
A73: 64 | B73: 0827CI231064 | C73: KRIPA RAGHUVANSHI | D73: =SUM(R73+AL73+BI73+CF73+CT73+CV73) -> 3 | E73: =(D73)/D$9*100 -> 21.428571 | F73: =IF(E73<50,E73, " ") -> 21.428571 | G73: =IF(E73<30,E73, " ") -> 21.428571 | R73: =SUM(H73:Q73) -> 0 | S73: =R73/R$48*100 -> 0 | Z73: 1 | AL73: =SUM(T73:AK73) -> 1 | AM73: =AL73/AL$9*100 -> 20 | BI73: =SUM(AN73:BH73) -> 0 | BJ73: =BI73/BI$9*100 -> 0 | BN73: 1 | BP73: 1 | CF73: =SUM(BK73:CE73) -> 2 | CG73: =CF73/CF$9*100 -> 66.666667 | CT73: =SUM(CH73:CS73) -> 0 | CU73: =CT73/CT$9*100 -> #DIV/0! | CW73: =(D73)/D$9*100 -> 21.428571 | CX73: =SUM(R73+AL73+BI73+CF73+CT73+CV73) -> 3
A74: 65 | B74: 0827CI231065 | C74: KRISHNA PRADEEP GUPTA | D74: =SUM(R74+AL74+BI74+CF74+CT74+CV74) -> 3 | E74: =(D74)/D$9*100 -> 21.428571 | F74: =IF(E74<50,E74, " ") -> 21.428571 | G74: =IF(E74<30,E74, " ") -> 21.428571 | R74: =SUM(H74:Q74) -> 0 | S74: =R74/R$48*100 -> 0 | Y74: 1 | Z74: 1 | AI74: 1 | AL74: =SUM(T74:AK74) -> 3 | AM74: =AL74/AL$9*100 -> 60 | BI74: =SUM(AN74:BH74) -> 0 | BJ74: =BI74/BI$9*100 -> 0 | CF74: =SUM(BK74:CE74) -> 0 | CG74: =CF74/CF$9*100 -> 0 | CT74: =SUM(CH74:CS74) -> 0 | CU74: =CT74/CT$9*100 -> #DIV/0! | CW74: =(D74)/D$9*100 -> 21.428571 | CX74: =SUM(R74+AL74+BI74+CF74+CT74+CV74) -> 3
A75: 66 | B75: 0827CI231066 | C75: KRISHNA RAJESH GUPTA | D75: =SUM(R75+AL75+BI75+CF75+CT75+CV75) -> 6 | E75: =(D75)/D$9*100 -> 42.857143 | F75: =IF(E75<50,E75, " ") -> 42.857143 | G75: =IF(E75<30,E75, " ") | M75: 1 | R75: =SUM(H75:Q75) -> 1 | S75: =R75/R$48*100 -> 100 | Y75: 1 | AL75: =SUM(T75:AK75) -> 1 | AM75: =AL75/AL$9*100 -> 20 | BG75: 1 | BH75: 1 | BI75: =SUM(AN75:BH75) -> 2 | BJ75: =BI75/BI$9*100 -> 50 | BN75: 1 | BP75: 1 | CF75: =SUM(BK75:CE75) -> 2 | CG75: =CF75/CF$9*100 -> 66.666667 | CT75: =SUM(CH75:CS75) -> 0 | CU75: =CT75/CT$9*100 -> #DIV/0! | CW75: =(D75)/D$9*100 -> 42.857143 | CX75: =SUM(R75+AL75+BI75+CF75+CT75+CV75) -> 6
A76: 67 | B76: 0827CI231067 | C76: KRISHNA KHIRBADODIYA | D76: =SUM(R76+AL76+BI76+CF76+CT76+CV76) -> 3 | E76: =(D76)/D$9*100 -> 21.428571 | F76: =IF(E76<50,E76, " ") -> 21.428571 | G76: =IF(E76<30,E76, " ") -> 21.428571 | R76: =SUM(H76:Q76) -> 0 | S76: =R76/R$48*100 -> 0 | Z76: 1 | AD76: 1 | AL76: =SUM(T76:AK76) -> 2 | AM76: =AL76/AL$9*100 -> 40 | BI76: =SUM(AN76:BH76) -> 0 | BJ76: =BI76/BI$9*100 -> 0 | BT76: 1 | CF76: =SUM(BK76:CE76) -> 1 | CG76: =CF76/CF$9*100 -> 33.333333 | CT76: =SUM(CH76:CS76) -> 0 | CU76: =CT76/CT$9*100 -> #DIV/0! | CW76: =(D76)/D$9*100 -> 21.428571 | CX76: =SUM(R76+AL76+BI76+CF76+CT76+CV76) -> 3
A77: 68 | B77: 0827CI231068 | C77: KRISHNA SONI | D77: =SUM(R77+AL77+BI77+CF77+CT77+CV77) -> 3 | E77: =(D77)/D$9*100 -> 21.428571 | F77: =IF(E77<50,E77, " ") -> 21.428571 | G77: =IF(E77<30,E77, " ") -> 21.428571 | R77: =SUM(H77:Q77) -> 0 | S77: =R77/R$48*100 -> 0 | Y77: 1 | AL77: =SUM(T77:AK77) -> 1 | AM77: =AL77/AL$9*100 -> 20 | BC77: 1 | BI77: =SUM(AN77:BH77) -> 1 | BJ77: =BI77/BI$9*100 -> 25 | BT77: 1 | CF77: =SUM(BK77:CE77) -> 1 | CG77: =CF77/CF$9*100 -> 33.333333 | CT77: =SUM(CH77:CS77) -> 0 | CU77: =CT77/CT$9*100 -> #DIV/0! | CW77: =(D77)/D$9*100 -> 21.428571 | CX77: =SUM(R77+AL77+BI77+CF77+CT77+CV77) -> 3
A78: 69 | B78: 0827CI231069 | C78: KRISHNA THAKUR | D78: =SUM(R78+AL78+BI78+CF78+CT78+CV78) -> 8 | E78: =(D78)/D$9*100 -> 57.142857 | F78: =IF(E78<50,E78, " ") | G78: =IF(E78<30,E78, " ") | M78: 1 | R78: =SUM(H78:Q78) -> 1 | S78: =R78/R$48*100 -> 100 | Z78: 1 | AD78: 1 | AE78: 1 | AL78: =SUM(T78:AK78) -> 3 | AM78: =AL78/AL$9*100 -> 60 | BC78: 1 | BH78: 1 | BI78: =SUM(AN78:BH78) -> 2 | BJ78: =BI78/BI$9*100 -> 50 | BP78: 1 | BT78: 1 | CF78: =SUM(BK78:CE78) -> 2 | CG78: =CF78/CF$9*100 -> 66.666667 | CT78: =SUM(CH78:CS78) -> 0 | CU78: =CT78/CT$9*100 -> #DIV/0! | CW78: =(D78)/D$9*100 -> 57.142857 | CX78: =SUM(R78+AL78+BI78+CF78+CT78+CV78) -> 8
A79: 70 | B79: 0827CI231070 | C79: KRUTIKA DAKHRE | D79: =SUM(R79+AL79+BI79+CF79+CT79+CV79) -> 3 | E79: =(D79)/D$9*100 -> 21.428571 | F79: =IF(E79<50,E79, " ") -> 21.428571 | G79: =IF(E79<30,E79, " ") -> 21.428571 | R79: =SUM(H79:Q79) -> 0 | S79: =R79/R$48*100 -> 0 | Y79: 1 | Z79: 1 | AL79: =SUM(T79:AK79) -> 2 | AM79: =AL79/AL$9*100 -> 40 | BI79: =SUM(AN79:BH79) -> 0 | BJ79: =BI79/BI$9*100 -> 0 | BT79: 1 | CF79: =SUM(BK79:CE79) -> 1 | CG79: =CF79/CF$9*100 -> 33.333333 | CT79: =SUM(CH79:CS79) -> 0 | CU79: =CT79/CT$9*100 -> #DIV/0! | CW79: =(D79)/D$9*100 -> 21.428571 | CX79: =SUM(R79+AL79+BI79+CF79+CT79+CV79) -> 3
A80: 71 | B80: 0827CI231071 | C80: KULDEEP KELDE | D80: =SUM(R80+AL80+BI80+CF80+CT80+CV80) -> 1 | E80: =(D80)/D$9*100 -> 7.1428571 | F80: =IF(E80<50,E80, " ") -> 7.1428571 | G80: =IF(E80<30,E80, " ") -> 7.1428571 | R80: =SUM(H80:Q80) -> 0 | S80: =R80/R$48*100 -> 0 | AL80: =SUM(T80:AK80) -> 0 | AM80: =AL80/AL$9*100 -> 0 | BI80: =SUM(AN80:BH80) -> 0 | BJ80: =BI80/BI$9*100 -> 0 | BT80: 1 | CF80: =SUM(BK80:CE80) -> 1 | CG80: =CF80/CF$9*100 -> 33.333333 | CT80: =SUM(CH80:CS80) -> 0 | CU80: =CT80/CT$9*100 -> #DIV/0! | CW80: =(D80)/D$9*100 -> 7.1428571 | CX80: =SUM(R80+AL80+BI80+CF80+CT80+CV80) -> 1
A81: 72 | B81: 0827CI231072 | C81: LAKSHYA JAIN | D81: =SUM(R81+AL81+BI81+CF81+CT81+CV81) -> 1 | E81: =(D81)/D$9*100 -> 7.1428571 | F81: =IF(E81<50,E81, " ") -> 7.1428571 | G81: =IF(E81<30,E81, " ") -> 7.1428571 | R81: =SUM(H81:Q81) -> 0 | S81: =R81/R$48*100 -> 0 | Z81: 1 | AL81: =SUM(T81:AK81) -> 1 | AM81: =AL81/AL$9*100 -> 20 | BI81: =SUM(AN81:BH81) -> 0 | BJ81: =BI81/BI$9*100 -> 0 | CF81: =SUM(BK81:CE81) -> 0 | CG81: =CF81/CF$9*100 -> 0 | CT81: =SUM(CH81:CS81) -> 0 | CU81: =CT81/CT$9*100 -> #DIV/0! | CW81: =(D81)/D$9*100 -> 7.1428571 | CX81: =SUM(R81+AL81+BI81+CF81+CT81+CV81) -> 1
A82: 73 | B82: 0827CI231073 | C82: LAV BHATIA | D82: =SUM(R82+AL82+BI82+CF82+CT82+CV82) -> 4 | E82: =(D82)/D$9*100 -> 28.571429 | F82: =IF(E82<50,E82, " ") -> 28.571429 | G82: =IF(E82<30,E82, " ") -> 28.571429 | R82: =SUM(H82:Q82) -> 0 | S82: =R82/R$48*100 -> 0 | Y82: 1 | Z82: 1 | AL82: =SUM(T82:AK82) -> 2 | AM82: =AL82/AL$9*100 -> 40 | BI82: =SUM(AN82:BH82) -> 0 | BJ82: =BI82/BI$9*100 -> 0 | BP82: 1 | BT82: 1 | CF82: =SUM(BK82:CE82) -> 2 | CG82: =CF82/CF$9*100 -> 66.666667 | CT82: =SUM(CH82:CS82) -> 0 | CU82: =CT82/CT$9*100 -> #DIV/0! | CW82: =(D82)/D$9*100 -> 28.571429 | CX82: =SUM(R82+AL82+BI82+CF82+CT82+CV82) -> 4
A83: 74 | B83: 0827CI231074 | C83: LAVISH DIGHE | D83: =SUM(R83+AL83+BI83+CF83+CT83+CV83) -> 0 | E83: =(D83)/D$9*100 -> 0 | F83: =IF(E83<50,E83, " ") -> 0 | G83: =IF(E83<30,E83, " ") -> 0 | R83: =SUM(H83:Q83) -> 0 | S83: =R83/R$48*100 -> 0 | AL83: =SUM(T83:AK83) -> 0 | AM83: =AL83/AL$9*100 -> 0 | BI83: =SUM(AN83:BH83) -> 0 | BJ83: =BI83/BI$9*100 -> 0 | CF83: =SUM(BK83:CE83) -> 0 | CG83: =CF83/CF$9*100 -> 0 | CT83: =SUM(CH83:CS83) -> 0 | CU83: =CT83/CT$9*100 -> #DIV/0! | CW83: =(D83)/D$9*100 -> 0 | CX83: =SUM(R83+AL83+BI83+CF83+CT83+CV83) -> 0
A84: 75 | B84: 0827CI231075 | C84: MANASVI SOHANI | D84: =SUM(R84+AL84+BI84+CF84+CT84+CV84) -> 5 | E84: =(D84)/D$9*100 -> 35.714286 | F84: =IF(E84<50,E84, " ") -> 35.714286 | G84: =IF(E84<30,E84, " ") | R84: =SUM(H84:Q84) -> 0 | S84: =R84/R$48*100 -> 0 | Z84: 1 | AE84: 1 | AL84: =SUM(T84:AK84) -> 2 | AM84: =AL84/AL$9*100 -> 40 | BC84: 1 | BI84: =SUM(AN84:BH84) -> 1 | BJ84: =BI84/BI$9*100 -> 25 | BP84: 1 | BT84: 1 | CF84: =SUM(BK84:CE84) -> 2 | CG84: =CF84/CF$9*100 -> 66.666667 | CT84: =SUM(CH84:CS84) -> 0 | CU84: =CT84/CT$9*100 -> #DIV/0! | CW84: =(D84)/D$9*100 -> 35.714286 | CX84: =SUM(R84+AL84+BI84+CF84+CT84+CV84) -> 5
A85: 76 | B85: 0827CI231076 | C85: MANISH PANWAR | D85: =SUM(R85+AL85+BI85+CF85+CT85+CV85) -> 3 | E85: =(D85)/D$9*100 -> 21.428571 | F85: =IF(E85<50,E85, " ") -> 21.428571 | G85: =IF(E85<30,E85, " ") -> 21.428571 | M85: 1 | R85: =SUM(H85:Q85) -> 1 | S85: =R85/R$48*100 -> 100 | Y85: 1 | Z85: 1 | AL85: =SUM(T85:AK85) -> 2 | AM85: =AL85/AL$9*100 -> 40 | BI85: =SUM(AN85:BH85) -> 0 | BJ85: =BI85/BI$9*100 -> 0 | CF85: =SUM(BK85:CE85) -> 0 | CG85: =CF85/CF$9*100 -> 0 | CT85: =SUM(CH85:CS85) -> 0 | CU85: =CT85/CT$9*100 -> #DIV/0! | CW85: =(D85)/D$9*100 -> 21.428571 | CX85: =SUM(R85+AL85+BI85+CF85+CT85+CV85) -> 3
A86: 77 | B86: 0827CI231077 | C86: MANSI JAIN | D86: =SUM(R86+AL86+BI86+CF86+CT86+CV86) -> 4 | E86: =(D86)/D$9*100 -> 28.571429 | F86: =IF(E86<50,E86, " ") -> 28.571429 | G86: =IF(E86<30,E86, " ") -> 28.571429 | R86: =SUM(H86:Q86) -> 0 | S86: =R86/R$48*100 -> 0 | Y86: 1 | Z86: 1 | AD86: 1 | AL86: =SUM(T86:AK86) -> 3 | AM86: =AL86/AL$9*100 -> 60 | BI86: =SUM(AN86:BH86) -> 0 | BJ86: =BI86/BI$9*100 -> 0 | BT86: 1 | CF86: =SUM(BK86:CE86) -> 1 | CG86: =CF86/CF$9*100 -> 33.333333 | CT86: =SUM(CH86:CS86) -> 0 | CU86: =CT86/CT$9*100 -> #DIV/0! | CW86: =(D86)/D$9*100 -> 28.571429 | CX86: =SUM(R86+AL86+BI86+CF86+CT86+CV86) -> 4
A87: 78 | B87: 0827CI231078 | C87: MANSI WAHANE | D87: =SUM(R87+AL87+BI87+CF87+CT87+CV87) -> 0 | E87: =(D87)/D$9*100 -> 0 | F87: =IF(E87<50,E87, " ") -> 0 | G87: =IF(E87<30,E87, " ") -> 0 | R87: =SUM(H87:Q87) -> 0 | S87: =R87/R$48*100 -> 0 | AL87: =SUM(T87:AK87) -> 0 | AM87: =AL87/AL$9*100 -> 0 | BI87: =SUM(AN87:BH87) -> 0 | BJ87: =BI87/BI$9*100 -> 0 | CF87: =SUM(BK87:CE87) -> 0 | CG87: =CF87/CF$9*100 -> 0 | CT87: =SUM(CH87:CS87) -> 0 | CU87: =CT87/CT$9*100 -> #DIV/0! | CW87: =(D87)/D$9*100 -> 0 | CX87: =SUM(R87+AL87+BI87+CF87+CT87+CV87) -> 0
A88: 79 | B88: 0827CI243D07 | C88: RAJVARDHAN RAJPUROHIT | D88: =SUM(R88+AL88+BI88+CF88+CT88+CV88) -> 2 | E88: =(D88)/D$9*100 -> 14.285714 | F88: =IF(E88<50,E88, " ") -> 14.285714 | G88: =IF(E88<30,E88, " ") -> 14.285714 | R88: =SUM(H88:Q88) -> 0 | S88: =R88/R$48*100 -> 0 | AE88: 1 | AL88: =SUM(T88:AK88) -> 1 | AM88: =AL88/AL$9*100 -> 20 | BG88: 1 | BI88: =SUM(AN88:BH88) -> 1 | BJ88: =BI88/BI$9*100 -> 25 | CF88: =SUM(BK88:CE88) -> 0 | CG88: =CF88/CF$9*100 -> 0 | CT88: =SUM(CH88:CS88) -> 0 | CU88: =CT88/CT$9*100 -> #DIV/0! | CW88: =(D88)/D$9*100 -> 14.285714 | CX88: =SUM(R88+AL88+BI88+CF88+CT88+CV88) -> 2
A89: 80 | B89: 0827CI243D08 | C89: SAKSHI VISHWAKARMA | D89: =SUM(R89+AL89+BI89+CF89+CT89+CV89) -> 0 | E89: =(D89)/D$9*100 -> 0 | F89: =IF(E89<50,E89, " ") -> 0 | G89: =IF(E89<30,E89, " ") -> 0 | R89: =SUM(H89:Q89) -> 0 | S89: =R89/R$48*100 -> 0 | AL89: =SUM(T89:AK89) -> 0 | AM89: =AL89/AL$9*100 -> 0 | BI89: =SUM(AN89:BH89) -> 0 | BJ89: =BI89/BI$9*100 -> 0 | CF89: =SUM(BK89:CE89) -> 0 | CG89: =CF89/CF$9*100 -> 0 | CT89: =SUM(CH89:CS89) -> 0 | CU89: =CT89/CT$9*100 -> #DIV/0! | CW89: =(D89)/D$9*100 -> 0 | CX89: =SUM(R89+AL89+BI89+CF89+CT89+CV89) -> 0
A90: 81 | B90: 0827CI243D11 | C90: TANISH GUPTA | D90: =SUM(R90+AL90+BI90+CF90+CT90+CV90) -> 5 | E90: =(D90)/D$9*100 -> 35.714286 | F90: =IF(E90<50,E90, " ") -> 35.714286 | G90: =IF(E90<30,E90, " ") | M90: 1 | R90: =SUM(H90:Q90) -> 1 | S90: =R90/R$48*100 -> 100 | AI90: 1 | AL90: =SUM(T90:AK90) -> 1 | AM90: =AL90/AL$9*100 -> 20 | BI90: =SUM(AN90:BH90) -> 0 | BJ90: =BI90/BI$9*100 -> 0 | BN90: 1 | BP90: 1 | BT90: 1 | CF90: =SUM(BK90:CE90) -> 3 | CG90: =CF90/CF$9*100 -> 100 | CT90: =SUM(CH90:CS90) -> 0 | CU90: =CT90/CT$9*100 -> #DIV/0! | CW90: =(D90)/D$9*100 -> 35.714286 | CX90: =SUM(R90+AL90+BI90+CF90+CT90+CV90) -> 5
A91: 82 | B91: 0827CI243D12 | C91: TANISHA KARIYA | D91: =SUM(R91+AL91+BI91+CF91+CT91+CV91) -> 4 | E91: =(D91)/D$9*100 -> 28.571429 | F91: =IF(E91<50,E91, " ") -> 28.571429 | G91: =IF(E91<30,E91, " ") -> 28.571429 | R91: =SUM(H91:Q91) -> 0 | S91: =R91/R$48*100 -> 0 | Y91: 1 | Z91: 1 | AL91: =SUM(T91:AK91) -> 2 | AM91: =AL91/AL$9*100 -> 40 | BG91: 1 | BH91: 1 | BI91: =SUM(AN91:BH91) -> 2 | BJ91: =BI91/BI$9*100 -> 50 | CF91: =SUM(BK91:CE91) -> 0 | CG91: =CF91/CF$9*100 -> 0 | CT91: =SUM(CH91:CS91) -> 0 | CU91: =CT91/CT$9*100 -> #DIV/0! | CW91: =(D91)/D$9*100 -> 28.571429 | CX91: =SUM(R91+AL91+BI91+CF91+CT91+CV91) -> 4
A92: 83 | B92: 0827RL231001 | C92: ADITI KUMRAWAT | D92: =SUM(R92+AL92+BI92+CF92+CT92+CV92) -> 4 | E92: =(D92)/D$9*100 -> 28.571429 | F92: =IF(E92<50,E92, " ") -> 28.571429 | G92: =IF(E92<30,E92, " ") -> 28.571429 | R92: =SUM(H92:Q92) -> 0 | S92: =R92/R$48*100 -> 0 | AI92: 1 | AL92: =SUM(T92:AK92) -> 1 | AM92: =AL92/AL$9*100 -> 20 | BG92: 1 | BI92: =SUM(AN92:BH92) -> 1 | BJ92: =BI92/BI$9*100 -> 25 | BN92: 1 | BP92: 1 | CF92: =SUM(BK92:CE92) -> 2 | CG92: =CF92/CF$9*100 -> 66.666667 | CT92: =SUM(CH92:CS92) -> 0 | CU92: =CT92/CT$9*100 -> #DIV/0! | CW92: =(D92)/D$9*100 -> 28.571429 | CX92: =SUM(R92+AL92+BI92+CF92+CT92+CV92) -> 4
A93: 84 | C93: Usman Patel | D93: =SUM(R93+AL93+BI93+CF93+CT93+CV93) -> 0 | E93: =(D93)/D$9*100 -> 0 | F93: =IF(E93<50,E93, " ") -> 0 | G93: =IF(E93<30,E93, " ") -> 0 | R93: =SUM(H93:Q93) -> 0 | S93: =R93/R$48*100 -> 0 | AL93: =SUM(T93:AK93) -> 0 | AM93: =AL93/AL$9*100 -> 0 | BI93: =SUM(AN93:BH93) -> 0 | BJ93: =BI93/BI$9*100 -> 0 | CF93: =SUM(BK93:CE93) -> 0 | CG93: =CF93/CF$9*100 -> 0 | CT93: =SUM(CH93:CS93) -> 0 | CU93: =CT93/CT$9*100 -> #DIV/0! | CW93: =(D93)/D$9*100 -> 0 | CX93: =SUM(R93+AL93+BI93+CF93+CT93+CV93) -> 0

Sheet 602
A1: CSIT-601
A2: Faculty Name: | C2: Dr. VANDANA kATE
A3: Subject Name : | C3: Machine Learning
A4: Subject Code :
A5: Start Date | C5: 46069
A6: End Date | AQ6: Annual Fest -26 | AY6: Training
J7: 3 | K7: 4 | L7: 5 | M7: 6 | N7: 7 | W7: 8 | X7: 9 | Y7: 10 | Z7: 11 | AB7: 12
D8: Total Class | E8: OverAll Att. % | F8: Att. 50% | G8: Att. 30% | H8: 46069 | I8: 46070 | J8: 46071 | K8: 46072 | L8: 46076 | M8: 46077 | N8: 46078 | O8: 46079 | P8: 46080 | Q8: 46081 | R8: FEB CLASS | S8: FEB% | T8: 46085 | U8: 46086 | V8: 46087 | W8: 46090 | X8: 46091 | Y8: 46092 | Z8: 46093 | AA8: 46094 | AB8: 46097 | AC8: 46098 | AD8: 46099 | AE8: 46100 | AF8: 46101 | AG8: 46104 | AH8: 46105 | AI8: 46106 | AJ8: 46107 | AK8: 46111 | AL8: MAR CLASS | AM8: MAR% | AN8: 46113 | AO8: 46114 | AP8: 46115 | AQ8: 46118 | AR8: 46119 | AS8: 46120 | AT8: 46121 | AU8: 46122 | AV8: 46125 | AW8: 46127 | AX8: 46128 | AY8: 46129 | AZ8: 46132 | BA8: 46133 | BB8: 46134 | BC8: 46135 | BD8: 46136 | BE8: 46139 | BF8: 46140 | BG8: 46141 | BH8: 46142 | BI8: APRIL CLASS | BJ8: APRIL % | BK8: 46143 | BL8: 46146 | BM8: 46146 | BN8: 46147 | BO8: 46148 | BP8: 46149 | BQ8: 46149 | BR8: 46150 | BS8: 46153 | BT8: 46154 | BU8: 46155 | BV8: 46156 | BW8: 46157 | BX8: 46160 | BY8: 46161 | BZ8: 46162 | CA8: 46163 | CB8: 46164 | CC8: 46167 | CD8: 46168 | CE8: 46169 | CF8: 46170 | CG8: 46171 | CH8: MAY CLASS | CI8: MAY % | CJ8: 46174 | CK8: 46175 | CL8: 46176 | CM8: 46177 | CN8: 46178 | CO8: 46181 | CP8: 46182 | CQ8: 46183 | CR8: 46184 | CS8: 46185 | CT8: 46186 | CU8: JUNE CLASS | CV8: JUNE% | CW8: SPECIAL LEAVE | CX8: OVER ALL % | CY8: TOTAL CLASS | CZ8: REMARK
A9: s.no. | B9: Enrollment NO. | C9: Student Name | D9: =SUM(R9+AL9+BI9+CH9+CU9) -> 33 | H9: =SUM(H10:H92) -> 0 | I9: =SUM(I10:I92) -> 0 | J9: =SUM(J10:J92) -> 6 | K9: =SUM(K10:K92) -> 5 | L9: =SUM(L10:L92) -> 30 | M9: =SUM(M10:M92) -> 18 | N9: =SUM(N10:N92) -> 23 | O9: =SUM(O10:O92) -> 0 | ... Q9: =SUM(Q10:Q92) -> 0 | R9: =COUNTIF(H9:Q9,">0") -> 5 | S9: =COUNTIF(H9:I9,">0") -> 0 | T9: =SUM(T10:T92) -> 0 | U9: =SUM(U10:U92) -> 0 | V9: =SUM(V10:V92) -> 0 | W9: =SUM(W10:W92) -> 35 | X9: =SUM(X10:X92) -> 29 | Y9: =SUM(Y10:Y92) -> 33 | Z9: =SUM(Z10:Z92) -> 41 | AA9: =SUM(AA10:AA92) -> 12 | ... AK9: =SUM(AK10:AK92) -> 0 | AL9: =COUNTIF(T9:AK9,">0") -> 10 | AM9: =SUM(R9+AL9) -> 15 | AN9: =SUM(AN10:AN91) -> 0 | AO9: =SUM(AO10:AO91) -> 0 | AP9: =SUM(AP10:AP91) -> 0 | AQ9: =SUM(AQ10:AQ91) -> 0 | AR9: =SUM(AR10:AR91) -> 0 | AS9: =SUM(AS10:AS91) -> 0 | AT9: =SUM(AT10:AT91) -> 0 | AU9: =SUM(AU10:AU91) -> 0 | ... BH9: =SUM(BH10:BH91) -> 32 | BI9: =COUNTIF(AN9:BH9,">0") -> 7 | BJ9: =SUM(AM9+BI9) -> 22 | BK9: =SUM(BK10:BK91) -> 8 | BL9: =SUM(BL10:BL91) -> 31 | BM9: =SUM(BM10:BM91) -> 23 | BN9: =SUM(BN10:BN91) -> 33 | BO9: =SUM(BO10:BO91) -> 40 | BP9: =SUM(BP10:BP91) -> 32 | BQ9: =SUM(BQ10:BQ91) -> 39 | BR9: =SUM(BR10:BR91) -> 0 | ... CG9: =SUM(CG10:CG91) -> 0 | CH9: =COUNTIF(BK9:CG9,">0") -> 11 | CI9: =SUM(BJ9+CH9) -> 33 | CJ9: =SUM(CJ10:CJ84) -> 0 | CK9: =SUM(CK10:CK84) -> 0 | CL9: =SUM(CL10:CL84) -> 0 | CM9: =SUM(CM10:CM69) -> 0 | CN9: =SUM(CN10:CN69) -> 0 | CO9: =SUM(CO10:CO69) -> 0 | CP9: =SUM(CP10:CP69) -> 0 | CQ9: =SUM(CQ10:CQ84) -> 0 | CR9: =SUM(CR10:CR69) -> 0 | CS9: =SUM(CS10:CS69) -> 0 | CT9: =SUM(CT10:CT69) -> 0 | CU9: =COUNTIF(CJ9:CT9,">0") -> 0 | CV9: =SUM(CI9+CU9) -> 33 | CX9: =SUM(R9+AL9+BI9+CH9+CU9+CW9) -> 33 | CY9: =SUM(R9+AL9+BI9+CH9+CU9+CW9) -> 33
A10: 1 | B10: 0827CI231001 | C10: AADARSH GARHEWAL | D10: =SUM(R10+AL10+BI10+CH10+CU10+CW10) -> 3 | E10: =(D10)/D$9*100 -> 9.0909091 | F10: =IF(E10<50,E10, " ") -> 9.0909091 | G10: =IF(E10<30,E10, " ") -> 9.0909091 | R10: =SUM(H10:Q10) -> 0 | S10: =R10/R$9*100 -> 0 | AG10: 1 | AL10: =SUM(T10:AK10) -> 1 | AM10: =AL10/AL$9*100 -> 10 | BI10: =SUM(AN10:BH10) -> 0 | BJ10: =BI10/BI$9*100 -> 0 | BL10: 1 | BT10: 1 | CH10: =SUM(BK10:CG10) -> 2 | CI10: =CH10/CH$9*100 -> 18.181818 | CU10: =SUM(CJ10:CT10) -> 0 | CV10: =CU10/CU$9*100 -> #DIV/0! | CX10: =(D10)/D$9*100 -> 9.0909091 | CY10: =SUM(R10+AL10+BI10+CH10+CU10+CW10) -> 3
A11: 2 | B11: 0827CI231002 | C11: AYUSH PATEL | D11: =SUM(R11+AL11+BI11+CH11+CU11+CW11) -> 27 | E11: =(D11)/D$9*100 -> 81.818182 | F11: =IF(E11<50,E11, " ") | G11: =IF(E11<30,E11, " ") | J11: 1 | L11: 1 | M11: 1 | R11: =SUM(H11:Q11) -> 3 | S11: =R11/R$9*100 -> 60 | W11: 1 | X11: 1 | Y11: 1 | Z11: 1 | AA11: 1 | AB11: 1 | AF11: 1 | AG11: 1 | AH11: 1 | AI11: 1 | AL11: =SUM(T11:AK11) -> 10 | AM11: =AL11/AL$9*100 -> 100 | AX11: 1 | BE11: 1 | BF11: 1 | BG11: 1 | BH11: 1 | BI11: =SUM(AN11:BH11) -> 5 | BJ11: =BI11/BI$9*100 -> 71.428571 | BL11: 1 | BM11: 1 | BN11: 1 | BO11: 1 | BQ11: 1 | BS11: 1 | BT11: 1 | BU11: 1 | BX11: 1 | CH11: =SUM(BK11:CG11) -> 9 | CI11: =CH11/CH$9*100 -> 81.818182 | CU11: =SUM(CJ11:CT11) -> 0 | CV11: =CU11/CU$9*100 -> #DIV/0! | CX11: =(D11)/D$9*100 -> 81.818182 | CY11: =SUM(R11+AL11+BI11+CH11+CU11+CW11) -> 27
A12: 3 | B12: 0827CI231003 | C12: ABHAY DUGAYA | D12: =SUM(R12+AL12+BI12+CH12+CU12+CW12) -> 3 | E12: =(D12)/D$9*100 -> 9.0909091 | F12: =IF(E12<50,E12, " ") -> 9.0909091 | G12: =IF(E12<30,E12, " ") -> 9.0909091 | R12: =SUM(H12:Q12) -> 0 | S12: =R12/R$9*100 -> 0 | AG12: 1 | AL12: =SUM(T12:AK12) -> 1 | AM12: =AL12/AL$9*100 -> 10 | BI12: =SUM(AN12:BH12) -> 0 | BJ12: =BI12/BI$9*100 -> 0 | BO12: 1 | BT12: 1 | CH12: =SUM(BK12:CG12) -> 2 | CI12: =CH12/CH$9*100 -> 18.181818 | CU12: =SUM(CJ12:CT12) -> 0 | CV12: =CU12/CU$9*100 -> #DIV/0! | CX12: =(D12)/D$9*100 -> 9.0909091 | CY12: =SUM(R12+AL12+BI12+CH12+CU12+CW12) -> 3
A13: 4 | B13: 0827CI231004 | C13: ABHISHEK JAISWAL | D13: =SUM(R13+AL13+BI13+CH13+CU13+CW13) -> 13 | E13: =(D13)/D$9*100 -> 39.393939 | F13: =IF(E13<50,E13, " ") -> 39.393939 | G13: =IF(E13<30,E13, " ") | R13: =SUM(H13:Q13) -> 0 | S13: =R13/R$9*100 -> 0 | AG13: 1 | AL13: =SUM(T13:AK13) -> 1 | AM13: =AL13/AL$9*100 -> 10 | AX13: 1 | BA13: 1 | BE13: 1 | BF13: 1 | BH13: 1 | BI13: =SUM(AN13:BH13) -> 5 | BJ13: =BI13/BI$9*100 -> 71.428571 | BL13: 1 | BM13: 1 | BN13: 1 | BP13: 1 | BQ13: 1 | BT13: 1 | BX13: 1 | CH13: =SUM(BK13:CG13) -> 7 | CI13: =CH13/CH$9*100 -> 63.636364 | CU13: =SUM(CJ13:CT13) -> 0 | CV13: =CU13/CU$9*100 -> #DIV/0! | CX13: =(D13)/D$9*100 -> 39.393939 | CY13: =SUM(R13+AL13+BI13+CH13+CU13+CW13) -> 13
A14: 5 | B14: 0827CI231005 | C14: ABHISHEK VERMA | D14: =SUM(R14+AL14+BI14+CH14+CU14+CW14) -> 21 | E14: =(D14)/D$9*100 -> 63.636364 | F14: =IF(E14<50,E14, " ") | G14: =IF(E14<30,E14, " ") | L14: 1 | M14: 1 | N14: 1 | R14: =SUM(H14:Q14) -> 3 | S14: =R14/R$9*100 -> 60 | W14: 1 | X14: 1 | AB14: 1 | AG14: 1 | AI14: 1 | AL14: =SUM(T14:AK14) -> 5 | AM14: =AL14/AL$9*100 -> 50 | AX14: 1 | BE14: 1 | BF14: 1 | BH14: 1 | BI14: =SUM(AN14:BH14) -> 4 | BJ14: =BI14/BI$9*100 -> 57.142857 | BK14: 1 | BL14: 1 | BN14: 1 | BO14: 1 | BP14: 1 | BQ14: 1 | BS14: 1 | BT14: 1 | BU14: 1 | CH14: =SUM(BK14:CG14) -> 9 | CI14: =CH14/CH$9*100 -> 81.818182 | CU14: =SUM(CJ14:CT14) -> 0 | CV14: =CU14/CU$9*100 -> #DIV/0! | CX14: =(D14)/D$9*100 -> 63.636364 | CY14: =SUM(R14+AL14+BI14+CH14+CU14+CW14) -> 21
A15: 6 | B15: 0827CI231006 | C15: ABINAV KOURAV | D15: =SUM(R15+AL15+BI15+CH15+CU15+CW15) -> 0 | E15: =(D15)/D$9*100 -> 0 | F15: =IF(E15<50,E15, " ") -> 0 | G15: =IF(E15<30,E15, " ") -> 0 | R15: =SUM(H15:Q15) -> 0 | S15: =R15/R$9*100 -> 0 | AL15: =SUM(T15:AK15) -> 0 | AM15: =AL15/AL$9*100 -> 0 | BI15: =SUM(AN15:BH15) -> 0 | BJ15: =BI15/BI$9*100 -> 0 | CH15: =SUM(BK15:CG15) -> 0 | CI15: =CH15/CH$9*100 -> 0 | CU15: =SUM(CJ15:CT15) -> 0 | CV15: =CU15/CU$9*100 -> #DIV/0! | CX15: =(D15)/D$9*100 -> 0 | CY15: =SUM(R15+AL15+BI15+CH15+CU15+CW15) -> 0
A16: 7 | B16: 0827CI231007 | C16: ADARSH PRATAP SINGH GURJAR | D16: =SUM(R16+AL16+BI16+CH16+CU16+CW16) -> 10 | E16: =(D16)/D$9*100 -> 30.30303 | F16: =IF(E16<50,E16, " ") -> 30.30303 | G16: =IF(E16<30,E16, " ") | R16: =SUM(H16:Q16) -> 0 | S16: =R16/R$9*100 -> 0 | AG16: 1 | AL16: =SUM(T16:AK16) -> 1 | AM16: =AL16/AL$9*100 -> 10 | BF16: 1 | BH16: 1 | BI16: =SUM(AN16:BH16) -> 2 | BJ16: =BI16/BI$9*100 -> 28.571429 | BN16: 1 | BO16: 1 | BP16: 1 | BQ16: 1 | BS16: 1 | BT16: 1 | BX16: 1 | CH16: =SUM(BK16:CG16) -> 7 | CI16: =CH16/CH$9*100 -> 63.636364 | CU16: =SUM(CJ16:CT16) -> 0 | CV16: =CU16/CU$9*100 -> #DIV/0! | CX16: =(D16)/D$9*100 -> 30.30303 | CY16: =SUM(R16+AL16+BI16+CH16+CU16+CW16) -> 10
A17: 8 | B17: 0827CI231008 | C17: ADITI VISHWAKARMA | D17: =SUM(R17+AL17+BI17+CH17+CU17+CW17) -> 18 | E17: =(D17)/D$9*100 -> 54.545455 | F17: =IF(E17<50,E17, " ") | G17: =IF(E17<30,E17, " ") | L17: 1 | M17: 1 | N17: 1 | R17: =SUM(H17:Q17) -> 3 | S17: =R17/R$9*100 -> 60 | W17: 1 | AB17: 1 | AG17: 1 | AI17: 1 | AL17: =SUM(T17:AK17) -> 4 | AM17: =AL17/AL$9*100 -> 40 | BE17: 1 | BF17: 1 | BI17: =SUM(AN17:BH17) -> 2 | BJ17: =BI17/BI$9*100 -> 28.571429 | BK17: 1 | BL17: 1 | BM17: 1 | BO17: 1 | BP17: 1 | BQ17: 1 | BS17: 1 | BT17: 1 | BU17: 1 | CH17: =SUM(BK17:CG17) -> 9 | CI17: =CH17/CH$9*100 -> 81.818182 | CU17: =SUM(CJ17:CT17) -> 0 | CV17: =CU17/CU$9*100 -> #DIV/0! | CX17: =(D17)/D$9*100 -> 54.545455 | CY17: =SUM(R17+AL17+BI17+CH17+CU17+CW17) -> 18
A18: 9 | B18: 0827CI231009 | C18: ADITYA TIWARI | D18: =SUM(R18+AL18+BI18+CH18+CU18+CW18) -> 14 | E18: =(D18)/D$9*100 -> 42.424242 | F18: =IF(E18<50,E18, " ") -> 42.424242 | G18: =IF(E18<30,E18, " ") | L18: 1 | R18: =SUM(H18:Q18) -> 1 | S18: =R18/R$9*100 -> 20 | AG18: 1 | AH18: 1 | AL18: =SUM(T18:AK18) -> 2 | AM18: =AL18/AL$9*100 -> 20 | AX18: 1 | BE18: 1 | BF18: 1 | BH18: 1 | BI18: =SUM(AN18:BH18) -> 4 | BJ18: =BI18/BI$9*100 -> 57.142857 | BN18: 1 | BO18: 1 | BP18: 1 | BQ18: 1 | BS18: 1 | BT18: 1 | BU18: 1 | CH18: =SUM(BK18:CG18) -> 7 | CI18: =CH18/CH$9*100 -> 63.636364 | CU18: =SUM(CJ18:CT18) -> 0 | CV18: =CU18/CU$9*100 -> #DIV/0! | CX18: =(D18)/D$9*100 -> 42.424242 | CY18: =SUM(R18+AL18+BI18+CH18+CU18+CW18) -> 14
A19: 10 | B19: 0827CI231010 | C19: AKASH BARASKAR | D19: =SUM(R19+AL19+BI19+CH19+CU19+CW19) -> 9 | E19: =(D19)/D$9*100 -> 27.272727 | F19: =IF(E19<50,E19, " ") -> 27.272727 | G19: =IF(E19<30,E19, " ") -> 27.272727 | R19: =SUM(H19:Q19) -> 0 | S19: =R19/R$9*100 -> 0 | AF19: 1 | AG19: 1 | AI19: 1 | AL19: =SUM(T19:AK19) -> 3 | AM19: =AL19/AL$9*100 -> 30 | BA19: 1 | BE19: 1 | BF19: 1 | BH19: 1 | BI19: =SUM(AN19:BH19) -> 4 | BJ19: =BI19/BI$9*100 -> 57.142857 | BU19: 1 | BX19: 1 | CH19: =SUM(BK19:CG19) -> 2 | CI19: =CH19/CH$9*100 -> 18.181818 | CU19: =SUM(CJ19:CT19) -> 0 | CV19: =CU19/CU$9*100 -> #DIV/0! | CX19: =(D19)/D$9*100 -> 27.272727 | CY19: =SUM(R19+AL19+BI19+CH19+CU19+CW19) -> 9
A20: 11 | B20: 0827CI231011 | C20: AKSHAT KARODE | D20: =SUM(R20+AL20+BI20+CH20+CU20+CW20) -> 9 | E20: =(D20)/D$9*100 -> 27.272727 | F20: =IF(E20<50,E20, " ") -> 27.272727 | G20: =IF(E20<30,E20, " ") -> 27.272727 | N20: 1 | R20: =SUM(H20:Q20) -> 1 | S20: =R20/R$9*100 -> 20 | AG20: 1 | AL20: =SUM(T20:AK20) -> 1 | AM20: =AL20/AL$9*100 -> 10 | BE20: 1 | BH20: 1 | BI20: =SUM(AN20:BH20) -> 2 | BJ20: =BI20/BI$9*100 -> 28.571429 | BN20: 1 | BO20: 1 | BP20: 1 | BQ20: 1 | BT20: 1 | CH20: =SUM(BK20:CG20) -> 5 | CI20: =CH20/CH$9*100 -> 45.454545 | CU20: =SUM(CJ20:CT20) -> 0 | CV20: =CU20/CU$9*100 -> #DIV/0! | CX20: =(D20)/D$9*100 -> 27.272727 | CY20: =SUM(R20+AL20+BI20+CH20+CU20+CW20) -> 9
A21: 12 | B21: 0827CI231012 | C21: AKSHAY KHANNA | D21: =SUM(R21+AL21+BI21+CH21+CU21+CW21) -> 14 | E21: =(D21)/D$9*100 -> 42.424242 | F21: =IF(E21<50,E21, " ") -> 42.424242 | G21: =IF(E21<30,E21, " ") | L21: 1 | N21: 1 | R21: =SUM(H21:Q21) -> 2 | S21: =R21/R$9*100 -> 40 | AB21: 1 | AL21: =SUM(T21:AK21) -> 1 | AM21: =AL21/AL$9*100 -> 10 | AX21: 1 | BE21: 1 | BF21: 1 | BH21: 1 | BI21: =SUM(AN21:BH21) -> 4 | BJ21: =BI21/BI$9*100 -> 57.142857 | BN21: 1 | BO21: 1 | BP21: 1 | BQ21: 1 | BS21: 1 | BT21: 1 | BU21: 1 | CH21: =SUM(BK21:CG21) -> 7 | CI21: =CH21/CH$9*100 -> 63.636364 | CU21: =SUM(CJ21:CT21) -> 0 | CV21: =CU21/CU$9*100 -> #DIV/0! | CX21: =(D21)/D$9*100 -> 42.424242 | CY21: =SUM(R21+AL21+BI21+CH21+CU21+CW21) -> 14
A22: 13 | B22: 0827CI231013 | C22: AMAY MISHRA | D22: =SUM(R22+AL22+BI22+CH22+CU22+CW22) -> 16 | E22: =(D22)/D$9*100 -> 48.484848 | F22: =IF(E22<50,E22, " ") -> 48.484848 | G22: =IF(E22<30,E22, " ") | L22: 1 | N22: 1 | R22: =SUM(H22:Q22) -> 2 | S22: =R22/R$9*100 -> 40 | Y22: 1 | Z22: 1 | AB22: 1 | AG22: 1 | AL22: =SUM(T22:AK22) -> 4 | AM22: =AL22/AL$9*100 -> 40 | BE22: 1 | BF22: 1 | BG22: 1 | BI22: =SUM(AN22:BH22) -> 3 | BJ22: =BI22/BI$9*100 -> 42.857143 | BL22: 1 | BM22: 1 | BO22: 1 | BP22: 1 | BQ22: 1 | BS22: 1 | BT22: 1 | CH22: =SUM(BK22:CG22) -> 7 | CI22: =CH22/CH$9*100 -> 63.636364 | CU22: =SUM(CJ22:CT22) -> 0 | CV22: =CU22/CU$9*100 -> #DIV/0! | CX22: =(D22)/D$9*100 -> 48.484848 | CY22: =SUM(R22+AL22+BI22+CH22+CU22+CW22) -> 16
A23: 14 | B23: 0827CI231014 | C23: AMBAR YADAV | D23: =SUM(R23+AL23+BI23+CH23+CU23+CW23) -> 6 | E23: =(D23)/D$9*100 -> 18.181818 | F23: =IF(E23<50,E23, " ") -> 18.181818 | G23: =IF(E23<30,E23, " ") -> 18.181818 | L23: 1 | R23: =SUM(H23:Q23) -> 1 | S23: =R23/R$9*100 -> 20 | AL23: =SUM(T23:AK23) -> 0 | AM23: =AL23/AL$9*100 -> 0 | BI23: =SUM(AN23:BH23) -> 0 | BJ23: =BI23/BI$9*100 -> 0 | BO23: 1 | BP23: 1 | BQ23: 1 | BS23: 1 | BT23: 1 | CH23: =SUM(BK23:CG23) -> 5 | CI23: =CH23/CH$9*100 -> 45.454545 | CU23: =SUM(CJ23:CT23) -> 0 | CV23: =CU23/CU$9*100 -> #DIV/0! | CX23: =(D23)/D$9*100 -> 18.181818 | CY23: =SUM(R23+AL23+BI23+CH23+CU23+CW23) -> 6
A24: 15 | B24: 0827CI231015 | C24: AMIT YADAV | D24: =SUM(R24+AL24+BI24+CH24+CU24+CW24) -> 7 | E24: =(D24)/D$9*100 -> 21.212121 | F24: =IF(E24<50,E24, " ") -> 21.212121 | G24: =IF(E24<30,E24, " ") -> 21.212121 | R24: =SUM(H24:Q24) -> 0 | S24: =R24/R$9*100 -> 0 | W24: 1 | X24: 1 | Y24: 1 | Z24: 1 | AG24: 1 | AL24: =SUM(T24:AK24) -> 5 | AM24: =AL24/AL$9*100 -> 50 | BE24: 1 | BI24: =SUM(AN24:BH24) -> 1 | BJ24: =BI24/BI$9*100 -> 14.285714 | BT24: 1 | CH24: =SUM(BK24:CG24) -> 1 | CI24: =CH24/CH$9*100 -> 9.0909091 | CU24: =SUM(CJ24:CT24) -> 0 | CV24: =CU24/CU$9*100 -> #DIV/0! | CX24: =(D24)/D$9*100 -> 21.212121 | CY24: =SUM(R24+AL24+BI24+CH24+CU24+CW24) -> 7
A25: 16 | B25: 0827CI231016 | C25: ANIRUDDH CHATURVEDI | D25: =SUM(R25+AL25+BI25+CH25+CU25+CW25) -> 12 | E25: =(D25)/D$9*100 -> 36.363636 | F25: =IF(E25<50,E25, " ") -> 36.363636 | G25: =IF(E25<30,E25, " ") | L25: 1 | M25: 1 | R25: =SUM(H25:Q25) -> 2 | S25: =R25/R$9*100 -> 40 | W25: 1 | X25: 1 | Y25: 1 | Z25: 1 | AF25: 1 | AG25: 1 | AL25: =SUM(T25:AK25) -> 6 | AM25: =AL25/AL$9*100 -> 60 | BE25: 1 | BH25: 1 | BI25: =SUM(AN25:BH25) -> 2 | BJ25: =BI25/BI$9*100 -> 28.571429 | BK25: 1 | BO25: 1 | CH25: =SUM(BK25:CG25) -> 2 | CI25: =CH25/CH$9*100 -> 18.181818 | CU25: =SUM(CJ25:CT25) -> 0 | CV25: =CU25/CU$9*100 -> #DIV/0! | CX25: =(D25)/D$9*100 -> 36.363636 | CY25: =SUM(R25+AL25+BI25+CH25+CU25+CW25) -> 12
A26: 17 | B26: 0827CI231017 | C26: ANIRUDDHA SHARMA | D26: =SUM(R26+AL26+BI26+CH26+CU26+CW26) -> 8 | E26: =(D26)/D$9*100 -> 24.242424 | F26: =IF(E26<50,E26, " ") -> 24.242424 | G26: =IF(E26<30,E26, " ") -> 24.242424 | L26: 1 | M26: 1 | R26: =SUM(H26:Q26) -> 2 | S26: =R26/R$9*100 -> 40 | W26: 1 | X26: 1 | Z26: 1 | AA26: 1 | AG26: 1 | AL26: =SUM(T26:AK26) -> 5 | AM26: =AL26/AL$9*100 -> 50 | BE26: 1 | BI26: =SUM(AN26:BH26) -> 1 | BJ26: =BI26/BI$9*100 -> 14.285714 | CH26: =SUM(BK26:CG26) -> 0 | CI26: =CH26/CH$9*100 -> 0 | CU26: =SUM(CJ26:CT26) -> 0 | CV26: =CU26/CU$9*100 -> #DIV/0! | CX26: =(D26)/D$9*100 -> 24.242424 | CY26: =SUM(R26+AL26+BI26+CH26+CU26+CW26) -> 8
A27: 18 | B27: 0827CI231018 | C27: ANSH RATHORE | D27: =SUM(R27+AL27+BI27+CH27+CU27+CW27) -> 9 | E27: =(D27)/D$9*100 -> 27.272727 | F27: =IF(E27<50,E27, " ") -> 27.272727 | G27: =IF(E27<30,E27, " ") -> 27.272727 | L27: 1 | R27: =SUM(H27:Q27) -> 1 | S27: =R27/R$9*100 -> 20 | W27: 1 | X27: 1 | Y27: 1 | Z27: 1 | AH27: 1 | AL27: =SUM(T27:AK27) -> 5 | AM27: =AL27/AL$9*100 -> 50 | BF27: 1 | BI27: =SUM(AN27:BH27) -> 1 | BJ27: =BI27/BI$9*100 -> 14.285714 | BO27: 1 | BQ27: 1 | CH27: =SUM(BK27:CG27) -> 2 | CI27: =CH27/CH$9*100 -> 18.181818 | CU27: =SUM(CJ27:CT27) -> 0 | CV27: =CU27/CU$9*100 -> #DIV/0! | CX27: =(D27)/D$9*100 -> 27.272727 | CY27: =SUM(R27+AL27+BI27+CH27+CU27+CW27) -> 9
A28: 19 | B28: 0827CI231019 | C28: ANSH VAISHNAV | D28: =SUM(R28+AL28+BI28+CH28+CU28+CW28) -> 8 | E28: =(D28)/D$9*100 -> 24.242424 | F28: =IF(E28<50,E28, " ") -> 24.242424 | G28: =IF(E28<30,E28, " ") -> 24.242424 | M28: 1 | R28: =SUM(H28:Q28) -> 1 | S28: =R28/R$9*100 -> 20 | W28: 1 | X28: 1 | Y28: 1 | Z28: 1 | AL28: =SUM(T28:AK28) -> 4 | AM28: =AL28/AL$9*100 -> 40 | BE28: 1 | BH28: 1 | BI28: =SUM(AN28:BH28) -> 2 | BJ28: =BI28/BI$9*100 -> 28.571429 | BT28: 1 | CH28: =SUM(BK28:CG28) -> 1 | CI28: =CH28/CH$9*100 -> 9.0909091 | CU28: =SUM(CJ28:CT28) -> 0 | CV28: =CU28/CU$9*100 -> #DIV/0! | CX28: =(D28)/D$9*100 -> 24.242424 | CY28: =SUM(R28+AL28+BI28+CH28+CU28+CW28) -> 8
A29: 20 | B29: 0827CI231020 | C29: ANSHU BILAWLIYA | D29: =SUM(R29+AL29+BI29+CH29+CU29+CW29) -> 30 | E29: =(D29)/D$9*100 -> 90.909091 | F29: =IF(E29<50,E29, " ") | G29: =IF(E29<30,E29, " ") | J29: 1 | K29: 1 | L29: 1 | M29: 1 | N29: 1 | R29: =SUM(H29:Q29) -> 5 | S29: =R29/R$9*100 -> 100 | W29: 1 | X29: 1 | Y29: 1 | Z29: 1 | AA29: 1 | AB29: 1 | AF29: 1 | AG29: 1 | AH29: 1 | AI29: 1 | AL29: =SUM(T29:AK29) -> 10 | AM29: =AL29/AL$9*100 -> 100 | AX29: 1 | BA29: 1 | BE29: 1 | BF29: 1 | BG29: 1 | BI29: =SUM(AN29:BH29) -> 5 | BJ29: =BI29/BI$9*100 -> 71.428571 | BL29: 1 | BM29: 1 | BN29: 1 | BO29: 1 | BP29: 1 | BQ29: 1 | BS29: 1 | BT29: 1 | BU29: 1 | BX29: 1 | CH29: =SUM(BK29:CG29) -> 10 | CI29: =CH29/CH$9*100 -> 90.909091 | CU29: =SUM(CJ29:CT29) -> 0 | CV29: =CU29/CU$9*100 -> #DIV/0! | CX29: =(D29)/D$9*100 -> 90.909091 | CY29: =SUM(R29+AL29+BI29+CH29+CU29+CW29) -> 30
A30: 21 | B30: 0827CI231021 | C30: ANUJ MALVIYA | D30: =SUM(R30+AL30+BI30+CH30+CU30+CW30) -> 11 | E30: =(D30)/D$9*100 -> 33.333333 | F30: =IF(E30<50,E30, " ") -> 33.333333 | G30: =IF(E30<30,E30, " ") | N30: 1 | R30: =SUM(H30:Q30) -> 1 | S30: =R30/R$9*100 -> 20 | Z30: 1 | AG30: 1 | AL30: =SUM(T30:AK30) -> 2 | AM30: =AL30/AL$9*100 -> 20 | BF30: 1 | BG30: 1 | BH30: 1 | BI30: =SUM(AN30:BH30) -> 3 | BJ30: =BI30/BI$9*100 -> 42.857143 | BN30: 1 | BO30: 1 | BP30: 1 | BQ30: 1 | BT30: 1 | CH30: =SUM(BK30:CG30) -> 5 | CI30: =CH30/CH$9*100 -> 45.454545 | CU30: =SUM(CJ30:CT30) -> 0 | CV30: =CU30/CU$9*100 -> #DIV/0! | CX30: =(D30)/D$9*100 -> 33.333333 | CY30: =SUM(R30+AL30+BI30+CH30+CU30+CW30) -> 11
A31: 22 | B31: 0827CI231022 | C31: ANVESH TRIVEDI | D31: =SUM(R31+AL31+BI31+CH31+CU31+CW31) -> 13 | E31: =(D31)/D$9*100 -> 39.393939 | F31: =IF(E31<50,E31, " ") -> 39.393939 | G31: =IF(E31<30,E31, " ") | L31: 1 | N31: 1 | R31: =SUM(H31:Q31) -> 2 | S31: =R31/R$9*100 -> 40 | AH31: 1 | AL31: =SUM(T31:AK31) -> 1 | AM31: =AL31/AL$9*100 -> 10 | AX31: 1 | BF31: 1 | BH31: 1 | BI31: =SUM(AN31:BH31) -> 3 | BJ31: =BI31/BI$9*100 -> 42.857143 | BN31: 1 | BO31: 1 | BP31: 1 | BQ31: 1 | BS31: 1 | BT31: 1 | BU31: 1 | CH31: =SUM(BK31:CG31) -> 7 | CI31: =CH31/CH$9*100 -> 63.636364 | CU31: =SUM(CJ31:CT31) -> 0 | CV31: =CU31/CU$9*100 -> #DIV/0! | CX31: =(D31)/D$9*100 -> 39.393939 | CY31: =SUM(R31+AL31+BI31+CH31+CU31+CW31) -> 13
A32: 23 | B32: 0827CI231023 | C32: ANYA JAIN | D32: =SUM(R32+AL32+BI32+CH32+CU32+CW32) -> 17 | E32: =(D32)/D$9*100 -> 51.515152 | F32: =IF(E32<50,E32, " ") | G32: =IF(E32<30,E32, " ") | L32: 1 | N32: 1 | R32: =SUM(H32:Q32) -> 2 | S32: =R32/R$9*100 -> 40 | W32: 1 | AB32: 1 | AG32: 1 | AH32: 1 | AL32: =SUM(T32:AK32) -> 4 | AM32: =AL32/AL$9*100 -> 40 | AX32: 1 | BE32: 1 | BF32: 1 | BH32: 1 | BI32: =SUM(AN32:BH32) -> 4 | BJ32: =BI32/BI$9*100 -> 57.142857 | BN32: 1 | BO32: 1 | BP32: 1 | BQ32: 1 | BS32: 1 | BT32: 1 | BU32: 1 | CH32: =SUM(BK32:CG32) -> 7 | CI32: =CH32/CH$9*100 -> 63.636364 | CU32: =SUM(CJ32:CT32) -> 0 | CV32: =CU32/CU$9*100 -> #DIV/0! | CX32: =(D32)/D$9*100 -> 51.515152 | CY32: =SUM(R32+AL32+BI32+CH32+CU32+CW32) -> 17
A33: 24 | B33: 0827CI231024 | C33: ARYAN SINGH BHADORIA | D33: =SUM(R33+AL33+BI33+CH33+CU33+CW33) -> 16 | E33: =(D33)/D$9*100 -> 48.484848 | F33: =IF(E33<50,E33, " ") -> 48.484848 | G33: =IF(E33<30,E33, " ") | L33: 1 | N33: 1 | R33: =SUM(H33:Q33) -> 2 | S33: =R33/R$9*100 -> 40 | AB33: 1 | AG33: 1 | AH33: 1 | AL33: =SUM(T33:AK33) -> 3 | AM33: =AL33/AL$9*100 -> 30 | AX33: 1 | BE33: 1 | BF33: 1 | BH33: 1 | BI33: =SUM(AN33:BH33) -> 4 | BJ33: =BI33/BI$9*100 -> 57.142857 | BN33: 1 | BO33: 1 | BP33: 1 | BQ33: 1 | BS33: 1 | BT33: 1 | BU33: 1 | CH33: =SUM(BK33:CG33) -> 7 | CI33: =CH33/CH$9*100 -> 63.636364 | CU33: =SUM(CJ33:CT33) -> 0 | CV33: =CU33/CU$9*100 -> #DIV/0! | CX33: =(D33)/D$9*100 -> 48.484848 | CY33: =SUM(R33+AL33+BI33+CH33+CU33+CW33) -> 16
A34: 25 | B34: 0827CI231025 | C34: ASHWIN CARPENTER | D34: =SUM(R34+AL34+BI34+CH34+CU34+CW34) -> 6 | E34: =(D34)/D$9*100 -> 18.181818 | F34: =IF(E34<50,E34, " ") -> 18.181818 | G34: =IF(E34<30,E34, " ") -> 18.181818 | N34: 1 | R34: =SUM(H34:Q34) -> 1 | S34: =R34/R$9*100 -> 20 | W34: 1 | Y34: 1 | Z34: 1 | AL34: =SUM(T34:AK34) -> 3 | AM34: =AL34/AL$9*100 -> 30 | BI34: =SUM(AN34:BH34) -> 0 | BJ34: =BI34/BI$9*100 -> 0 | BT34: 1 | BX34: 1 | CH34: =SUM(BK34:CG34) -> 2 | CI34: =CH34/CH$9*100 -> 18.181818 | CU34: =SUM(CJ34:CT34) -> 0 | CV34: =CU34/CU$9*100 -> #DIV/0! | CX34: =(D34)/D$9*100 -> 18.181818 | CY34: =SUM(R34+AL34+BI34+CH34+CU34+CW34) -> 6
A35: 26 | B35: 0827CI231026 | C35: AVI KEDARE | D35: =SUM(R35+AL35+BI35+CH35+CU35+CW35) -> 27 | E35: =(D35)/D$9*100 -> 81.818182 | F35: =IF(E35<50,E35, " ") | G35: =IF(E35<30,E35, " ") | J35: 1 | K35: 1 | L35: 1 | M35: 1 | N35: 1 | R35: =SUM(H35:Q35) -> 5 | S35: =R35/R$9*100 -> 100 | W35: 1 | X35: 1 | Y35: 1 | Z35: 1 | AA35: 1 | AB35: 1 | AF35: 1 | AG35: 1 | AL35: =SUM(T35:AK35) -> 8 | AM35: =AL35/AL$9*100 -> 80 | AX35: 1 | BE35: 1 | BF35: 1 | BG35: 1 | BH35: 1 | BI35: =SUM(AN35:BH35) -> 5 | BJ35: =BI35/BI$9*100 -> 71.428571 | BL35: 1 | BM35: 1 | BO35: 1 | BP35: 1 | BQ35: 1 | BS35: 1 | BT35: 1 | BU35: 1 | BX35: 1 | CH35: =SUM(BK35:CG35) -> 9 | CI35: =CH35/CH$9*100 -> 81.818182 | CU35: =SUM(CJ35:CT35) -> 0 | CV35: =CU35/CU$9*100 -> #DIV/0! | CX35: =(D35)/D$9*100 -> 81.818182 | CY35: =SUM(R35+AL35+BI35+CH35+CU35+CW35) -> 27
A36: 27 | B36: 0827CI231027 | C36: AYUSH CHOUDHARY | D36: =SUM(R36+AL36+BI36+CH36+CU36+CW36) -> 0 | E36: =(D36)/D$9*100 -> 0 | F36: =IF(E36<50,E36, " ") -> 0 | G36: =IF(E36<30,E36, " ") -> 0 | R36: =SUM(H36:Q36) -> 0 | S36: =R36/R$9*100 -> 0 | AL36: =SUM(T36:AK36) -> 0 | AM36: =AL36/AL$9*100 -> 0 | BI36: =SUM(AN36:BH36) -> 0 | BJ36: =BI36/BI$9*100 -> 0 | CH36: =SUM(BK36:CG36) -> 0 | CI36: =CH36/CH$9*100 -> 0 | CU36: =SUM(CJ36:CT36) -> 0 | CV36: =CU36/CU$9*100 -> #DIV/0! | CX36: =(D36)/D$9*100 -> 0 | CY36: =SUM(R36+AL36+BI36+CH36+CU36+CW36) -> 0
A37: 28 | B37: 0827CI231028 | C37: AYUSH CHOURASIYA | D37: =SUM(R37+AL37+BI37+CH37+CU37+CW37) -> 9 | E37: =(D37)/D$9*100 -> 27.272727 | F37: =IF(E37<50,E37, " ") -> 27.272727 | G37: =IF(E37<30,E37, " ") -> 27.272727 | L37: 1 | M37: 1 | R37: =SUM(H37:Q37) -> 2 | S37: =R37/R$9*100 -> 40 | W37: 1 | Y37: 1 | AG37: 1 | AL37: =SUM(T37:AK37) -> 3 | AM37: =AL37/AL$9*100 -> 30 | AX37: 1 | BE37: 1 | BH37: 1 | BI37: =SUM(AN37:BH37) -> 3 | BJ37: =BI37/BI$9*100 -> 42.857143 | BO37: 1 | CH37: =SUM(BK37:CG37) -> 1 | CI37: =CH37/CH$9*100 -> 9.0909091 | CU37: =SUM(CJ37:CT37) -> 0 | CV37: =CU37/CU$9*100 -> #DIV/0! | CX37: =(D37)/D$9*100 -> 27.272727 | CY37: =SUM(R37+AL37+BI37+CH37+CU37+CW37) -> 9
A38: 29 | B38: 0827CI231029 | C38: CHIRAG | D38: =SUM(R38+AL38+BI38+CH38+CU38+CW38) -> 3 | E38: =(D38)/D$9*100 -> 9.0909091 | F38: =IF(E38<50,E38, " ") -> 9.0909091 | G38: =IF(E38<30,E38, " ") -> 9.0909091 | R38: =SUM(H38:Q38) -> 0 | S38: =R38/R$9*100 -> 0 | W38: 1 | AG38: 1 | AL38: =SUM(T38:AK38) -> 2 | AM38: =AL38/AL$9*100 -> 20 | BI38: =SUM(AN38:BH38) -> 0 | BJ38: =BI38/BI$9*100 -> 0 | BT38: 1 | CH38: =SUM(BK38:CG38) -> 1 | CI38: =CH38/CH$9*100 -> 9.0909091 | CU38: =SUM(CJ38:CT38) -> 0 | CV38: =CU38/CU$9*100 -> #DIV/0! | CX38: =(D38)/D$9*100 -> 9.0909091 | CY38: =SUM(R38+AL38+BI38+CH38+CU38+CW38) -> 3
A39: 30 | B39: 0827CI231030 | C39: DARSHIL JAIN | D39: =SUM(R39+AL39+BI39+CH39+CU39+CW39) -> 4 | E39: =(D39)/D$9*100 -> 12.121212 | F39: =IF(E39<50,E39, " ") -> 12.121212 | G39: =IF(E39<30,E39, " ") -> 12.121212 | R39: =SUM(H39:Q39) -> 0 | S39: =R39/R$9*100 -> 0 | AL39: =SUM(T39:AK39) -> 0 | AM39: =AL39/AL$9*100 -> 0 | BI39: =SUM(AN39:BH39) -> 0 | BJ39: =BI39/BI$9*100 -> 0 | BL39: 1 | BN39: 1 | BO39: 1 | BT39: 1 | CH39: =SUM(BK39:CG39) -> 4 | CI39: =CH39/CH$9*100 -> 36.363636 | CU39: =SUM(CJ39:CT39) -> 0 | CV39: =CU39/CU$9*100 -> #DIV/0! | CX39: =(D39)/D$9*100 -> 12.121212 | CY39: =SUM(R39+AL39+BI39+CH39+CU39+CW39) -> 4
A40: 31 | B40: 0827CI231031 | C40: DARSHIT JAIN | D40: =SUM(R40+AL40+BI40+CH40+CU40+CW40) -> 9 | E40: =(D40)/D$9*100 -> 27.272727 | F40: =IF(E40<50,E40, " ") -> 27.272727 | G40: =IF(E40<30,E40, " ") -> 27.272727 | M40: 1 | R40: =SUM(H40:Q40) -> 1 | S40: =R40/R$9*100 -> 20 | Y40: 1 | AF40: 1 | AG40: 1 | AL40: =SUM(T40:AK40) -> 3 | AM40: =AL40/AL$9*100 -> 30 | BE40: 1 | BH40: 1 | BI40: =SUM(AN40:BH40) -> 2 | BJ40: =BI40/BI$9*100 -> 28.571429 | BL40: 1 | BN40: 1 | BS40: 1 | CH40: =SUM(BK40:CG40) -> 3 | CI40: =CH40/CH$9*100 -> 27.272727 | CU40: =SUM(CJ40:CT40) -> 0 | CV40: =CU40/CU$9*100 -> #DIV/0! | CX40: =(D40)/D$9*100 -> 27.272727 | CY40: =SUM(R40+AL40+BI40+CH40+CU40+CW40) -> 9
A41: 32 | B41: 0827CI231032 | C41: DEEVA JAIN | D41: =SUM(R41+AL41+BI41+CH41+CU41+CW41) -> 9 | E41: =(D41)/D$9*100 -> 27.272727 | F41: =IF(E41<50,E41, " ") -> 27.272727 | G41: =IF(E41<30,E41, " ") -> 27.272727 | R41: =SUM(H41:Q41) -> 0 | S41: =R41/R$9*100 -> 0 | Z41: 1 | AB41: 1 | AH41: 1 | AL41: =SUM(T41:AK41) -> 3 | AM41: =AL41/AL$9*100 -> 30 | BE41: 1 | BI41: =SUM(AN41:BH41) -> 1 | BJ41: =BI41/BI$9*100 -> 14.285714 | BL41: 1 | BM41: 1 | BP41: 1 | BQ41: 1 | BT41: 1 | CH41: =SUM(BK41:CG41) -> 5 | CI41: =CH41/CH$9*100 -> 45.454545 | CU41: =SUM(CJ41:CT41) -> 0 | CV41: =CU41/CU$9*100 -> #DIV/0! | CX41: =(D41)/D$9*100 -> 27.272727 | CY41: =SUM(R41+AL41+BI41+CH41+CU41+CW41) -> 9
A42: 33 | B42: 0827CI231033 | C42: DEV AGRAWAL | D42: =SUM(R42+AL42+BI42+CH42+CU42+CW42) -> 5 | E42: =(D42)/D$9*100 -> 15.151515 | F42: =IF(E42<50,E42, " ") -> 15.151515 | G42: =IF(E42<30,E42, " ") -> 15.151515 | N42: 1 | R42: =SUM(H42:Q42) -> 1 | S42: =R42/R$9*100 -> 20 | Y42: 1 | AL42: =SUM(T42:AK42) -> 1 | AM42: =AL42/AL$9*100 -> 10 | BI42: =SUM(AN42:BH42) -> 0 | BJ42: =BI42/BI$9*100 -> 0 | BL42: 1 | BP42: 1 | BQ42: 1 | CH42: =SUM(BK42:CG42) -> 3 | CI42: =CH42/CH$9*100 -> 27.272727 | CU42: =SUM(CJ42:CT42) -> 0 | CV42: =CU42/CU$9*100 -> #DIV/0! | CX42: =(D42)/D$9*100 -> 15.151515 | CY42: =SUM(R42+AL42+BI42+CH42+CU42+CW42) -> 5
A43: 34 | B43: 0827CI231034 | C43: DEVANG SHARMA | D43: =SUM(R43+AL43+BI43+CH43+CU43+CW43) -> 11 | E43: =(D43)/D$9*100 -> 33.333333 | F43: =IF(E43<50,E43, " ") -> 33.333333 | G43: =IF(E43<30,E43, " ") | R43: =SUM(H43:Q43) -> 0 | S43: =R43/R$9*100 -> 0 | Z43: 1 | AB43: 1 | AL43: =SUM(T43:AK43) -> 2 | AM43: =AL43/AL$9*100 -> 20 | BF43: 1 | BG43: 1 | BI43: =SUM(AN43:BH43) -> 2 | BJ43: =BI43/BI$9*100 -> 28.571429 | BL43: 1 | BM43: 1 | BN43: 1 | BO43: 1 | BP43: 1 | BQ43: 1 | BT43: 1 | CH43: =SUM(BK43:CG43) -> 7 | CI43: =CH43/CH$9*100 -> 63.636364 | CU43: =SUM(CJ43:CT43) -> 0 | CV43: =CU43/CU$9*100 -> #DIV/0! | CX43: =(D43)/D$9*100 -> 33.333333 | CY43: =SUM(R43+AL43+BI43+CH43+CU43+CW43) -> 11
A44: 35 | B44: 0827CI231035 | C44: DHEER PANCHAL | D44: =SUM(R44+AL44+BI44+CH44+CU44+CW44) -> 10 | E44: =(D44)/D$9*100 -> 30.30303 | F44: =IF(E44<50,E44, " ") -> 30.30303 | G44: =IF(E44<30,E44, " ") | L44: 1 | N44: 1 | R44: =SUM(H44:Q44) -> 2 | S44: =R44/R$9*100 -> 40 | W44: 1 | Y44: 1 | AL44: =SUM(T44:AK44) -> 2 | AM44: =AL44/AL$9*100 -> 20 | BE44: 1 | BG44: 1 | BI44: =SUM(AN44:BH44) -> 2 | BJ44: =BI44/BI$9*100 -> 28.571429 | BL44: 1 | BN44: 1 | BO44: 1 | BT44: 1 | CH44: =SUM(BK44:CG44) -> 4 | CI44: =CH44/CH$9*100 -> 36.363636 | CU44: =SUM(CJ44:CT44) -> 0 | CV44: =CU44/CU$9*100 -> #DIV/0! | CX44: =(D44)/D$9*100 -> 30.30303 | CY44: =SUM(R44+AL44+BI44+CH44+CU44+CW44) -> 10
A45: 36 | B45: 0827CI231036 | C45: DHERYA CHOUHAN | D45: =SUM(R45+AL45+BI45+CH45+CU45+CW45) -> 0 | E45: =(D45)/D$9*100 -> 0 | F45: =IF(E45<50,E45, " ") -> 0 | G45: =IF(E45<30,E45, " ") -> 0 | R45: =SUM(H45:Q45) -> 0 | S45: =R45/R$9*100 -> 0 | AL45: =SUM(T45:AK45) -> 0 | AM45: =AL45/AL$9*100 -> 0 | BI45: =SUM(AN45:BH45) -> 0 | BJ45: =BI45/BI$9*100 -> 0 | CH45: =SUM(BK45:CG45) -> 0 | CI45: =CH45/CH$9*100 -> 0 | CU45: =SUM(CJ45:CT45) -> 0 | CV45: =CU45/CU$9*100 -> #DIV/0! | CX45: =(D45)/D$9*100 -> 0 | CY45: =SUM(R45+AL45+BI45+CH45+CU45+CW45) -> 0
A46: 37 | B46: 0827CI231037 | C46: DIPENDRA GAMI | D46: =SUM(R46+AL46+BI46+CH46+CU46+CW46) -> 7 | E46: =(D46)/D$9*100 -> 21.212121 | F46: =IF(E46<50,E46, " ") -> 21.212121 | G46: =IF(E46<30,E46, " ") -> 21.212121 | M46: 1 | R46: =SUM(H46:Q46) -> 1 | S46: =R46/R$9*100 -> 20 | AF46: 1 | AL46: =SUM(T46:AK46) -> 1 | AM46: =AL46/AL$9*100 -> 10 | BE46: 1 | BH46: 1 | BI46: =SUM(AN46:BH46) -> 2 | BJ46: =BI46/BI$9*100 -> 28.571429 | BN46: 1 | BO46: 1 | BT46: 1 | CH46: =SUM(BK46:CG46) -> 3 | CI46: =CH46/CH$9*100 -> 27.272727 | CU46: =SUM(CJ46:CT46) -> 0 | CV46: =CU46/CU$9*100 -> #DIV/0! | CX46: =(D46)/D$9*100 -> 21.212121 | CY46: =SUM(R46+AL46+BI46+CH46+CU46+CW46) -> 7
A47: 38 | B47: 0827CI231038 | C47: DIPESH PATIDAR | D47: =SUM(R47+AL47+BI47+CH47+CU47+CW47) -> 22 | E47: =(D47)/D$9*100 -> 66.666667 | F47: =IF(E47<50,E47, " ") | G47: =IF(E47<30,E47, " ") | R47: =SUM(H47:Q47) -> 0 | S47: =R47/R$9*100 -> 0 | W47: 1 | X47: 1 | Y47: 1 | Z47: 1 | AA47: 1 | AB47: 1 | AG47: 1 | AH47: 1 | AI47: 1 | AL47: =SUM(T47:AK47) -> 9 | AM47: =AL47/AL$9*100 -> 90 | AX47: 1 | BG47: 1 | BH47: 1 | BI47: =SUM(AN47:BH47) -> 3 | BJ47: =BI47/BI$9*100 -> 42.857143 | BL47: 1 | BM47: 1 | BN47: 1 | BO47: 1 | BP47: 1 | BQ47: 1 | BS47: 1 | BT47: 1 | BU47: 1 | BX47: 1 | CH47: =SUM(BK47:CG47) -> 10 | CI47: =CH47/CH$9*100 -> 90.909091 | CU47: =SUM(CJ47:CT47) -> 0 | CV47: =CU47/CU$9*100 -> #DIV/0! | CX47: =(D47)/D$9*100 -> 66.666667 | CY47: =SUM(R47+AL47+BI47+CH47+CU47+CW47) -> 22
A48: 39 | B48: 0827CI231039 | C48: DISHA ASIJA | D48: =SUM(R48+AL48+BI48+CH48+CU48+CW48) -> 9 | E48: =(D48)/D$9*100 -> 27.272727 | F48: =IF(E48<50,E48, " ") -> 27.272727 | G48: =IF(E48<30,E48, " ") -> 27.272727 | L48: 1 | R48: =SUM(H48:Q48) -> 1 | S48: =R48/R$9*100 -> 20 | W48: 1 | X48: 1 | Y48: 1 | Z48: 1 | AH48: 1 | AL48: =SUM(T48:AK48) -> 5 | AM48: =AL48/AL$9*100 -> 50 | BI48: =SUM(AN48:BH48) -> 0 | BJ48: =BI48/BI$9*100 -> 0 | BO48: 1 | BQ48: 1 | BT48: 1 | CH48: =SUM(BK48:CG48) -> 3 | CI48: =CH48/CH$9*100 -> 27.272727 | CU48: =SUM(CJ48:CT48) -> 0 | CV48: =CU48/CU$9*100 -> #DIV/0! | CX48: =(D48)/D$9*100 -> 27.272727 | CY48: =SUM(R48+AL48+BI48+CH48+CU48+CW48) -> 9
A49: 40 | B49: 0827CI231040 | C49: EKLAVYA JANGID | D49: =SUM(R49+AL49+BI49+CH49+CU49+CW49) -> 9 | E49: =(D49)/D$9*100 -> 27.272727 | F49: =IF(E49<50,E49, " ") -> 27.272727 | G49: =IF(E49<30,E49, " ") -> 27.272727 | L49: 1 | R49: =SUM(H49:Q49) -> 1 | S49: =R49/R$9*100 -> 20 | W49: 1 | X49: 1 | Y49: 1 | Z49: 1 | AH49: 1 | AL49: =SUM(T49:AK49) -> 5 | AM49: =AL49/AL$9*100 -> 50 | BI49: =SUM(AN49:BH49) -> 0 | BJ49: =BI49/BI$9*100 -> 0 | BO49: 1 | BQ49: 1 | BT49: 1 | CH49: =SUM(BK49:CG49) -> 3 | CI49: =CH49/CH$9*100 -> 27.272727 | CU49: =SUM(CJ49:CT49) -> 0 | CV49: =CU49/CU$9*100 -> #DIV/0! | CX49: =(D49)/D$9*100 -> 27.272727 | CY49: =SUM(R49+AL49+BI49+CH49+CU49+CW49) -> 9
A50: 41 | B50: 0827CI231041 | C50: GULISHA AGRAWAL | D50: =SUM(R50+AL50+BI50+CH50+CU50+CW50) -> 7 | E50: =(D50)/D$9*100 -> 21.212121 | F50: =IF(E50<50,E50, " ") -> 21.212121 | G50: =IF(E50<30,E50, " ") -> 21.212121 | J50: 1 | L50: 1 | R50: =SUM(H50:Q50) -> 2 | S50: =R50/R$9*100 -> 40 | W50: 1 | X50: 1 | Y50: 1 | AL50: =SUM(T50:AK50) -> 3 | AM50: =AL50/AL$9*100 -> 30 | BE50: 1 | BI50: =SUM(AN50:BH50) -> 1 | BJ50: =BI50/BI$9*100 -> 14.285714 | BS50: 1 | CH50: =SUM(BK50:CG50) -> 1 | CI50: =CH50/CH$9*100 -> 9.0909091 | CU50: =SUM(CJ50:CT50) -> 0 | CV50: =CU50/CU$9*100 -> #DIV/0! | CX50: =(D50)/D$9*100 -> 21.212121 | CY50: =SUM(R50+AL50+BI50+CH50+CU50+CW50) -> 7
A51: 42 | B51: 0827CI231042 | C51: GUNJAN UDIWAL | D51: =SUM(R51+AL51+BI51+CH51+CU51+CW51) -> 9 | E51: =(D51)/D$9*100 -> 27.272727 | F51: =IF(E51<50,E51, " ") -> 27.272727 | G51: =IF(E51<30,E51, " ") -> 27.272727 | L51: 1 | R51: =SUM(H51:Q51) -> 1 | S51: =R51/R$9*100 -> 20 | Z51: 1 | AA51: 1 | AB51: 1 | AG51: 1 | AL51: =SUM(T51:AK51) -> 4 | AM51: =AL51/AL$9*100 -> 40 | BH51: 1 | BI51: =SUM(AN51:BH51) -> 1 | BJ51: =BI51/BI$9*100 -> 14.285714 | BM51: 1 | BP51: 1 | BQ51: 1 | CH51: =SUM(BK51:CG51) -> 3 | CI51: =CH51/CH$9*100 -> 27.272727 | CU51: =SUM(CJ51:CT51) -> 0 | CV51: =CU51/CU$9*100 -> #DIV/0! | CX51: =(D51)/D$9*100 -> 27.272727 | CY51: =SUM(R51+AL51+BI51+CH51+CU51+CW51) -> 9
A52: 43 | B52: 0827CI231043 | C52: HARI SINGH | D52: =SUM(R52+AL52+BI52+CH52+CU52+CW52) -> 9 | E52: =(D52)/D$9*100 -> 27.272727 | F52: =IF(E52<50,E52, " ") -> 27.272727 | G52: =IF(E52<30,E52, " ") -> 27.272727 | K52: 1 | L52: 1 | M52: 1 | N52: 1 | R52: =SUM(H52:Q52) -> 4 | S52: =R52/R$9*100 -> 80 | Z52: 1 | AA52: 1 | AH52: 1 | AL52: =SUM(T52:AK52) -> 3 | AM52: =AL52/AL$9*100 -> 30 | BE52: 1 | BF52: 1 | BI52: =SUM(AN52:BH52) -> 2 | BJ52: =BI52/BI$9*100 -> 28.571429 | CH52: =SUM(BK52:CG52) -> 0 | CI52: =CH52/CH$9*100 -> 0 | CU52: =SUM(CJ52:CT52) -> 0 | CV52: =CU52/CU$9*100 -> #DIV/0! | CX52: =(D52)/D$9*100 -> 27.272727 | CY52: =SUM(R52+AL52+BI52+CH52+CU52+CW52) -> 9
A53: 44 | B53: 0827CI231044 | C53: HARIOM PATIDAR | D53: =SUM(R53+AL53+BI53+CH53+CU53+CW53) -> 17 | E53: =(D53)/D$9*100 -> 51.515152 | F53: =IF(E53<50,E53, " ") | G53: =IF(E53<30,E53, " ") | L53: 1 | M53: 1 | N53: 1 | R53: =SUM(H53:Q53) -> 3 | S53: =R53/R$9*100 -> 60 | Z53: 1 | AB53: 1 | AF53: 1 | AG53: 1 | AL53: =SUM(T53:AK53) -> 4 | AM53: =AL53/AL$9*100 -> 40 | BE53: 1 | BF53: 1 | BG53: 1 | BH53: 1 | BI53: =SUM(AN53:BH53) -> 4 | BJ53: =BI53/BI$9*100 -> 57.142857 | BL53: 1 | BM53: 1 | BN53: 1 | BP53: 1 | BQ53: 1 | BX53: 1 | CH53: =SUM(BK53:CG53) -> 6 | CI53: =CH53/CH$9*100 -> 54.545455 | CU53: =SUM(CJ53:CT53) -> 0 | CV53: =CU53/CU$9*100 -> #DIV/0! | CX53: =(D53)/D$9*100 -> 51.515152 | CY53: =SUM(R53+AL53+BI53+CH53+CU53+CW53) -> 17
A54: 45 | B54: 0827CI231045 | C54: HARSH PAREEK | D54: =SUM(R54+AL54+BI54+CH54+CU54+CW54) -> 7 | E54: =(D54)/D$9*100 -> 21.212121 | F54: =IF(E54<50,E54, " ") -> 21.212121 | G54: =IF(E54<30,E54, " ") -> 21.212121 | R54: =SUM(H54:Q54) -> 0 | S54: =R54/R$9*100 -> 0 | AL54: =SUM(T54:AK54) -> 0 | AM54: =AL54/AL$9*100 -> 0 | BI54: =SUM(AN54:BH54) -> 0 | BJ54: =BI54/BI$9*100 -> 0 | BN54: 1 | BP54: 1 | BQ54: 1 | BS54: 1 | BT54: 1 | BU54: 1 | BX54: 1 | CH54: =SUM(BK54:CG54) -> 7 | CI54: =CH54/CH$9*100 -> 63.636364 | CU54: =SUM(CJ54:CT54) -> 0 | CV54: =CU54/CU$9*100 -> #DIV/0! | CX54: =(D54)/D$9*100 -> 21.212121 | CY54: =SUM(R54+AL54+BI54+CH54+CU54+CW54) -> 7
A55: 46 | B55: 0827CI231046 | C55: HARSHIT JAIN | D55: =SUM(R55+AL55+BI55+CH55+CU55+CW55) -> 9 | E55: =(D55)/D$9*100 -> 27.272727 | F55: =IF(E55<50,E55, " ") -> 27.272727 | G55: =IF(E55<30,E55, " ") -> 27.272727 | N55: 1 | R55: =SUM(H55:Q55) -> 1 | S55: =R55/R$9*100 -> 20 | W55: 1 | X55: 1 | Y55: 1 | Z55: 1 | AB55: 1 | AF55: 1 | AG55: 1 | AL55: =SUM(T55:AK55) -> 7 | AM55: =AL55/AL$9*100 -> 70 | BI55: =SUM(AN55:BH55) -> 0 | BJ55: =BI55/BI$9*100 -> 0 | BT55: 1 | CH55: =SUM(BK55:CG55) -> 1 | CI55: =CH55/CH$9*100 -> 9.0909091 | CU55: =SUM(CJ55:CT55) -> 0 | CV55: =CU55/CU$9*100 -> #DIV/0! | CX55: =(D55)/D$9*100 -> 27.272727 | CY55: =SUM(R55+AL55+BI55+CH55+CU55+CW55) -> 9
A56: 47 | B56: 0827CI231047 | C56: HARSHITA PALIWAL | D56: =SUM(R56+AL56+BI56+CH56+CU56+CW56) -> 9 | E56: =(D56)/D$9*100 -> 27.272727 | F56: =IF(E56<50,E56, " ") -> 27.272727 | G56: =IF(E56<30,E56, " ") -> 27.272727 | R56: =SUM(H56:Q56) -> 0 | S56: =R56/R$9*100 -> 0 | W56: 1 | X56: 1 | Y56: 1 | AG56: 1 | AL56: =SUM(T56:AK56) -> 4 | AM56: =AL56/AL$9*100 -> 40 | BH56: 1 | BI56: =SUM(AN56:BH56) -> 1 | BJ56: =BI56/BI$9*100 -> 14.285714 | BK56: 1 | BL56: 1 | BO56: 1 | BT56: 1 | CH56: =SUM(BK56:CG56) -> 4 | CI56: =CH56/CH$9*100 -> 36.363636 | CU56: =SUM(CJ56:CT56) -> 0 | CV56: =CU56/CU$9*100 -> #DIV/0! | CX56: =(D56)/D$9*100 -> 27.272727 | CY56: =SUM(R56+AL56+BI56+CH56+CU56+CW56) -> 9
A57: 48 | B57: 0827CI231048 | C57: HIMANSHU SHEETLANI | D57: =SUM(R57+AL57+BI57+CH57+CU57+CW57) -> 11 | E57: =(D57)/D$9*100 -> 33.333333 | F57: =IF(E57<50,E57, " ") -> 33.333333 | G57: =IF(E57<30,E57, " ") | R57: =SUM(H57:Q57) -> 0 | S57: =R57/R$9*100 -> 0 | W57: 1 | X57: 1 | Y57: 1 | Z57: 1 | AG57: 1 | AI57: 1 | AL57: =SUM(T57:AK57) -> 6 | AM57: =AL57/AL$9*100 -> 60 | BE57: 1 | BF57: 1 | BI57: =SUM(AN57:BH57) -> 2 | BJ57: =BI57/BI$9*100 -> 28.571429 | BL57: 1 | BO57: 1 | BT57: 1 | CH57: =SUM(BK57:CG57) -> 3 | CI57: =CH57/CH$9*100 -> 27.272727 | CU57: =SUM(CJ57:CT57) -> 0 | CV57: =CU57/CU$9*100 -> #DIV/0! | CX57: =(D57)/D$9*100 -> 33.333333 | CY57: =SUM(R57+AL57+BI57+CH57+CU57+CW57) -> 11
A58: 49 | B58: 0827CI231049 | C58: HRITIK PATEL | D58: =SUM(R58+AL58+BI58+CH58+CU58+CW58) -> 16 | E58: =(D58)/D$9*100 -> 48.484848 | F58: =IF(E58<50,E58, " ") -> 48.484848 | G58: =IF(E58<30,E58, " ") | J58: 1 | K58: 1 | R58: =SUM(H58:Q58) -> 2 | S58: =R58/R$9*100 -> 40 | AB58: 1 | AF58: 1 | AL58: =SUM(T58:AK58) -> 2 | AM58: =AL58/AL$9*100 -> 20 | BF58: 1 | BG58: 1 | BH58: 1 | BI58: =SUM(AN58:BH58) -> 3 | BJ58: =BI58/BI$9*100 -> 42.857143 | BL58: 1 | BM58: 1 | BN58: 1 | BO58: 1 | BP58: 1 | BQ58: 1 | BS58: 1 | BT58: 1 | BX58: 1 | CH58: =SUM(BK58:CG58) -> 9 | CI58: =CH58/CH$9*100 -> 81.818182 | CU58: =SUM(CJ58:CT58) -> 0 | CV58: =CU58/CU$9*100 -> #DIV/0! | CX58: =(D58)/D$9*100 -> 48.484848 | CY58: =SUM(R58+AL58+BI58+CH58+CU58+CW58) -> 16
A59: 50 | B59: 0827CI231050 | C59: IFRAH QURESHI | D59: =SUM(R59+AL59+BI59+CH59+CU59+CW59) -> 10 | E59: =(D59)/D$9*100 -> 30.30303 | F59: =IF(E59<50,E59, " ") -> 30.30303 | G59: =IF(E59<30,E59, " ") | L59: 1 | R59: =SUM(H59:Q59) -> 1 | S59: =R59/R$9*100 -> 20 | W59: 1 | X59: 1 | Y59: 1 | Z59: 1 | AH59: 1 | AL59: =SUM(T59:AK59) -> 5 | AM59: =AL59/AL$9*100 -> 50 | BF59: 1 | BI59: =SUM(AN59:BH59) -> 1 | BJ59: =BI59/BI$9*100 -> 14.285714 | BO59: 1 | BQ59: 1 | BT59: 1 | CH59: =SUM(BK59:CG59) -> 3 | CI59: =CH59/CH$9*100 -> 27.272727 | CU59: =SUM(CJ59:CT59) -> 0 | CV59: =CU59/CU$9*100 -> #DIV/0! | CX59: =(D59)/D$9*100 -> 30.30303 | CY59: =SUM(R59+AL59+BI59+CH59+CU59+CW59) -> 10
A60: 51 | B60: 0827CI231051 | C60: ISHAN SINGH TOMAR | D60: =SUM(R60+AL60+BI60+CH60+CU60+CW60) -> 8 | E60: =(D60)/D$9*100 -> 24.242424 | F60: =IF(E60<50,E60, " ") -> 24.242424 | G60: =IF(E60<30,E60, " ") -> 24.242424 | R60: =SUM(H60:Q60) -> 0 | S60: =R60/R$9*100 -> 0 | Y60: 1 | Z60: 1 | AL60: =SUM(T60:AK60) -> 2 | AM60: =AL60/AL$9*100 -> 20 | BG60: 1 | BH60: 1 | BI60: =SUM(AN60:BH60) -> 2 | BJ60: =BI60/BI$9*100 -> 28.571429 | BN60: 1 | BO60: 1 | BP60: 1 | BQ60: 1 | CH60: =SUM(BK60:CG60) -> 4 | CI60: =CH60/CH$9*100 -> 36.363636 | CU60: =SUM(CJ60:CT60) -> 0 | CV60: =CU60/CU$9*100 -> #DIV/0! | CX60: =(D60)/D$9*100 -> 24.242424 | CY60: =SUM(R60+AL60+BI60+CH60+CU60+CW60) -> 8
A61: 52 | B61: 0827CI231052 | C61: ISHIKA RATHOD | D61: =SUM(R61+AL61+BI61+CH61+CU61+CW61) -> 14 | E61: =(D61)/D$9*100 -> 42.424242 | F61: =IF(E61<50,E61, " ") -> 42.424242 | G61: =IF(E61<30,E61, " ") | R61: =SUM(H61:Q61) -> 0 | S61: =R61/R$9*100 -> 0 | Y61: 1 | Z61: 1 | AA61: 1 | AL61: =SUM(T61:AK61) -> 3 | AM61: =AL61/AL$9*100 -> 30 | AX61: 1 | BE61: 1 | BF61: 1 | BH61: 1 | BI61: =SUM(AN61:BH61) -> 4 | BJ61: =BI61/BI$9*100 -> 57.142857 | BK61: 1 | BL61: 1 | BM61: 1 | BN61: 1 | BO61: 1 | BQ61: 1 | BU61: 1 | CH61: =SUM(BK61:CG61) -> 7 | CI61: =CH61/CH$9*100 -> 63.636364 | CU61: =SUM(CJ61:CT61) -> 0 | CV61: =CU61/CU$9*100 -> #DIV/0! | CX61: =(D61)/D$9*100 -> 42.424242 | CY61: =SUM(R61+AL61+BI61+CH61+CU61+CW61) -> 14
A62: 53 | B62: 0827CI231053 | C62: ISHIKA SETHIYA | D62: =SUM(R62+AL62+BI62+CH62+CU62+CW62) -> 6 | E62: =(D62)/D$9*100 -> 18.181818 | F62: =IF(E62<50,E62, " ") -> 18.181818 | G62: =IF(E62<30,E62, " ") -> 18.181818 | R62: =SUM(H62:Q62) -> 0 | S62: =R62/R$9*100 -> 0 | Y62: 1 | Z62: 1 | AA62: 1 | AB62: 1 | AG62: 1 | AL62: =SUM(T62:AK62) -> 5 | AM62: =AL62/AL$9*100 -> 50 | BI62: =SUM(AN62:BH62) -> 0 | BJ62: =BI62/BI$9*100 -> 0 | BO62: 1 | CH62: =SUM(BK62:CG62) -> 1 | CI62: =CH62/CH$9*100 -> 9.0909091 | CU62: =SUM(CJ62:CT62) -> 0 | CV62: =CU62/CU$9*100 -> #DIV/0! | CX62: =(D62)/D$9*100 -> 18.181818 | CY62: =SUM(R62+AL62+BI62+CH62+CU62+CW62) -> 6
A63: 54 | B63: 0827CI231054 | C63: JAYESH KUSHWAH | D63: =SUM(R63+AL63+BI63+CH63+CU63+CW63) -> 4 | E63: =(D63)/D$9*100 -> 12.121212 | F63: =IF(E63<50,E63, " ") -> 12.121212 | G63: =IF(E63<30,E63, " ") -> 12.121212 | N63: 1 | R63: =SUM(H63:Q63) -> 1 | S63: =R63/R$9*100 -> 20 | AL63: =SUM(T63:AK63) -> 0 | AM63: =AL63/AL$9*100 -> 0 | BE63: 1 | BI63: =SUM(AN63:BH63) -> 1 | BJ63: =BI63/BI$9*100 -> 14.285714 | BN63: 1 | BO63: 1 | CH63: =SUM(BK63:CG63) -> 2 | CI63: =CH63/CH$9*100 -> 18.181818 | CU63: =SUM(CJ63:CT63) -> 0 | CV63: =CU63/CU$9*100 -> #DIV/0! | CX63: =(D63)/D$9*100 -> 12.121212 | CY63: =SUM(R63+AL63+BI63+CH63+CU63+CW63) -> 4
A64: 55 | B64: 0827CI231055 | C64: KALIND BHUSARI | D64: =SUM(R64+AL64+BI64+CH64+CU64+CW64) -> 9 | E64: =(D64)/D$9*100 -> 27.272727 | F64: =IF(E64<50,E64, " ") -> 27.272727 | G64: =IF(E64<30,E64, " ") -> 27.272727 | R64: =SUM(H64:Q64) -> 0 | S64: =R64/R$9*100 -> 0 | AL64: =SUM(T64:AK64) -> 0 | AM64: =AL64/AL$9*100 -> 0 | BI64: =SUM(AN64:BH64) -> 0 | BJ64: =BI64/BI$9*100 -> 0 | BL64: 1 | BM64: 1 | BN64: 1 | BP64: 1 | BQ64: 1 | BS64: 1 | BT64: 1 | BU64: 1 | BX64: 1 | CH64: =SUM(BK64:CG64) -> 9 | CI64: =CH64/CH$9*100 -> 81.818182 | CU64: =SUM(CJ64:CT64) -> 0 | CV64: =CU64/CU$9*100 -> #DIV/0! | CX64: =(D64)/D$9*100 -> 27.272727 | CY64: =SUM(R64+AL64+BI64+CH64+CU64+CW64) -> 9
A65: 56 | B65: 0827CI231056 | C65: KANUGO RAUNAK NITESH | D65: =SUM(R65+AL65+BI65+CH65+CU65+CW65) -> 0 | E65: =(D65)/D$9*100 -> 0 | F65: =IF(E65<50,E65, " ") -> 0 | G65: =IF(E65<30,E65, " ") -> 0 | R65: =SUM(H65:Q65) -> 0 | S65: =R65/R$9*100 -> 0 | AL65: =SUM(T65:AK65) -> 0 | AM65: =AL65/AL$9*100 -> 0 | BI65: =SUM(AN65:BH65) -> 0 | BJ65: =BI65/BI$9*100 -> 0 | CH65: =SUM(BK65:CG65) -> 0 | CI65: =CH65/CH$9*100 -> 0 | CU65: =SUM(CJ65:CT65) -> 0 | CV65: =CU65/CU$9*100 -> #DIV/0! | CX65: =(D65)/D$9*100 -> 0 | CY65: =SUM(R65+AL65+BI65+CH65+CU65+CW65) -> 0
A66: 57 | B66: 0827CI231057 | C66: KAPIL GOYAL | D66: =SUM(R66+AL66+BI66+CH66+CU66+CW66) -> 18 | E66: =(D66)/D$9*100 -> 54.545455 | F66: =IF(E66<50,E66, " ") | G66: =IF(E66<30,E66, " ") | L66: 1 | M66: 1 | N66: 1 | R66: =SUM(H66:Q66) -> 3 | S66: =R66/R$9*100 -> 60 | AB66: 1 | AG66: 1 | AI66: 1 | AL66: =SUM(T66:AK66) -> 3 | AM66: =AL66/AL$9*100 -> 30 | BE66: 1 | BF66: 1 | BI66: =SUM(AN66:BH66) -> 2 | BJ66: =BI66/BI$9*100 -> 28.571429 | BK66: 1 | BL66: 1 | BM66: 1 | BN66: 1 | BO66: 1 | BP66: 1 | BQ66: 1 | BS66: 1 | BT66: 1 | BU66: 1 | CH66: =SUM(BK66:CG66) -> 10 | CI66: =CH66/CH$9*100 -> 90.909091 | CU66: =SUM(CJ66:CT66) -> 0 | CV66: =CU66/CU$9*100 -> #DIV/0! | CX66: =(D66)/D$9*100 -> 54.545455 | CY66: =SUM(R66+AL66+BI66+CH66+CU66+CW66) -> 18
A67: 58 | B67: 0827CI231058 | C67: KARAN PATEL | D67: =SUM(R67+AL67+BI67+CH67+CU67+CW67) -> 3 | E67: =(D67)/D$9*100 -> 9.0909091 | F67: =IF(E67<50,E67, " ") -> 9.0909091 | G67: =IF(E67<30,E67, " ") -> 9.0909091 | R67: =SUM(H67:Q67) -> 0 | S67: =R67/R$9*100 -> 0 | Z67: 1 | AB67: 1 | AL67: =SUM(T67:AK67) -> 2 | AM67: =AL67/AL$9*100 -> 20 | BI67: =SUM(AN67:BH67) -> 0 | BJ67: =BI67/BI$9*100 -> 0 | BO67: 1 | CH67: =SUM(BK67:CG67) -> 1 | CI67: =CH67/CH$9*100 -> 9.0909091 | CU67: =SUM(CJ67:CT67) -> 0 | CV67: =CU67/CU$9*100 -> #DIV/0! | CX67: =(D67)/D$9*100 -> 9.0909091 | CY67: =SUM(R67+AL67+BI67+CH67+CU67+CW67) -> 3
A68: 59 | B68: 0827CI231059 | C68: KASHISH JHALA | D68: =SUM(R68+AL68+BI68+CH68+CU68+CW68) -> 7 | E68: =(D68)/D$9*100 -> 21.212121 | F68: =IF(E68<50,E68, " ") -> 21.212121 | G68: =IF(E68<30,E68, " ") -> 21.212121 | J68: 1 | L68: 1 | R68: =SUM(H68:Q68) -> 2 | S68: =R68/R$9*100 -> 40 | W68: 1 | X68: 1 | Y68: 1 | Z68: 1 | AL68: =SUM(T68:AK68) -> 4 | AM68: =AL68/AL$9*100 -> 40 | BI68: =SUM(AN68:BH68) -> 0 | BJ68: =BI68/BI$9*100 -> 0 | BS68: 1 | CH68: =SUM(BK68:CG68) -> 1 | CI68: =CH68/CH$9*100 -> 9.0909091 | CU68: =SUM(CJ68:CT68) -> 0 | CV68: =CU68/CU$9*100 -> #DIV/0! | CX68: =(D68)/D$9*100 -> 21.212121 | CY68: =SUM(R68+AL68+BI68+CH68+CU68+CW68) -> 7
A69: 60 | B69: 0827CI231060 | C69: KESHAV PATIDAR | D69: =SUM(R69+AL69+BI69+CH69+CU69+CW69) -> 21 | E69: =(D69)/D$9*100 -> 63.636364 | F69: =IF(E69<50,E69, " ") | G69: =IF(E69<30,E69, " ") | R69: =SUM(H69:Q69) -> 0 | S69: =R69/R$9*100 -> 0 | W69: 1 | X69: 1 | Y69: 1 | Z69: 1 | AB69: 1 | AF69: 1 | AG69: 1 | AH69: 1 | AI69: 1 | AL69: =SUM(T69:AK69) -> 9 | AM69: =AL69/AL$9*100 -> 90 | BA69: 1 | BE69: 1 | BF69: 1 | BG69: 1 | BH69: 1 | BI69: =SUM(AN69:BH69) -> 5 | BJ69: =BI69/BI$9*100 -> 71.428571 | BL69: 1 | BM69: 1 | BP69: 1 | BQ69: 1 | BS69: 1 | BT69: 1 | BX69: 1 | CH69: =SUM(BK69:CG69) -> 7 | CI69: =CH69/CH$9*100 -> 63.636364 | CU69: =SUM(CJ69:CT69) -> 0 | CV69: =CU69/CU$9*100 -> #DIV/0! | CX69: =(D69)/D$9*100 -> 63.636364 | CY69: =SUM(R69+AL69+BI69+CH69+CU69+CW69) -> 21
A70: 61 | B70: 0827CI231061 | C70: KESHAV SHARMA | D70: =SUM(R70+AL70+BI70+CH70+CU70+CW70) -> 2 | E70: =(D70)/D$9*100 -> 6.0606061 | F70: =IF(E70<50,E70, " ") -> 6.0606061 | G70: =IF(E70<30,E70, " ") -> 6.0606061 | R70: =SUM(H70:Q70) -> 0 | S70: =R70/R$9*100 -> 0 | AG70: 1 | AL70: =SUM(T70:AK70) -> 1 | AM70: =AL70/AL$9*100 -> 10 | BH70: 1 | BI70: =SUM(AN70:BH70) -> 1 | BJ70: =BI70/BI$9*100 -> 14.285714 | CH70: =SUM(BK70:CG70) -> 0 | CI70: =CH70/CH$9*100 -> 0 | CU70: =SUM(CJ70:CT70) -> 0 | CV70: =CU70/CU$9*100 -> #DIV/0! | CX70: =(D70)/D$9*100 -> 6.0606061 | CY70: =SUM(R70+AL70+BI70+CH70+CU70+CW70) -> 2
A71: 62 | B71: 0827CI231062 | C71: KIRTAN SANKHALA | D71: =SUM(R71+AL71+BI71+CH71+CU71+CW71) -> 0 | E71: =(D71)/D$9*100 -> 0 | F71: =IF(E71<50,E71, " ") -> 0 | G71: =IF(E71<30,E71, " ") -> 0 | R71: =SUM(H71:Q71) -> 0 | S71: =R71/R$9*100 -> 0 | AL71: =SUM(T71:AK71) -> 0 | AM71: =AL71/AL$9*100 -> 0 | BI71: =SUM(AN71:BH71) -> 0 | BJ71: =BI71/BI$9*100 -> 0 | CH71: =SUM(BK71:CG71) -> 0 | CI71: =CH71/CH$9*100 -> 0 | CU71: =SUM(CJ71:CT71) -> 0 | CV71: =CU71/CU$9*100 -> #DIV/0! | CX71: =(D71)/D$9*100 -> 0 | CY71: =SUM(R71+AL71+BI71+CH71+CU71+CW71) -> 0
A72: 63 | B72: 0827CI231063 | C72: KRATI PATIDAR | D72: =SUM(R72+AL72+BI72+CH72+CU72+CW72) -> 14 | E72: =(D72)/D$9*100 -> 42.424242 | F72: =IF(E72<50,E72, " ") -> 42.424242 | G72: =IF(E72<30,E72, " ") | R72: =SUM(H72:Q72) -> 0 | S72: =R72/R$9*100 -> 0 | Y72: 1 | Z72: 1 | AA72: 1 | AL72: =SUM(T72:AK72) -> 3 | AM72: =AL72/AL$9*100 -> 30 | AX72: 1 | BE72: 1 | BF72: 1 | BH72: 1 | BI72: =SUM(AN72:BH72) -> 4 | BJ72: =BI72/BI$9*100 -> 57.142857 | BK72: 1 | BL72: 1 | BM72: 1 | BN72: 1 | BO72: 1 | BQ72: 1 | BU72: 1 | CH72: =SUM(BK72:CG72) -> 7 | CI72: =CH72/CH$9*100 -> 63.636364 | CU72: =SUM(CJ72:CT72) -> 0 | CV72: =CU72/CU$9*100 -> #DIV/0! | CX72: =(D72)/D$9*100 -> 42.424242 | CY72: =SUM(R72+AL72+BI72+CH72+CU72+CW72) -> 14
A73: 64 | B73: 0827CI231064 | C73: KRIPA RAGHUVANSHI | D73: =SUM(R73+AL73+BI73+CH73+CU73+CW73) -> 13 | E73: =(D73)/D$9*100 -> 39.393939 | F73: =IF(E73<50,E73, " ") -> 39.393939 | G73: =IF(E73<30,E73, " ") | K73: 1 | M73: 1 | N73: 1 | R73: =SUM(H73:Q73) -> 3 | S73: =R73/R$9*100 -> 60 | W73: 1 | X73: 1 | Z73: 1 | AA73: 1 | AH73: 1 | AL73: =SUM(T73:AK73) -> 5 | AM73: =AL73/AL$9*100 -> 50 | BE73: 1 | BF73: 1 | BI73: =SUM(AN73:BH73) -> 2 | BJ73: =BI73/BI$9*100 -> 28.571429 | BL73: 1 | BO73: 1 | BX73: 1 | CH73: =SUM(BK73:CG73) -> 3 | CI73: =CH73/CH$9*100 -> 27.272727 | CU73: =SUM(CJ73:CT73) -> 0 | CV73: =CU73/CU$9*100 -> #DIV/0! | CX73: =(D73)/D$9*100 -> 39.393939 | CY73: =SUM(R73+AL73+BI73+CH73+CU73+CW73) -> 13
A74: 65 | B74: 0827CI231065 | C74: KRISHNA PRADEEP GUPTA | D74: =SUM(R74+AL74+BI74+CH74+CU74+CW74) -> 5 | E74: =(D74)/D$9*100 -> 15.151515 | F74: =IF(E74<50,E74, " ") -> 15.151515 | G74: =IF(E74<30,E74, " ") -> 15.151515 | R74: =SUM(H74:Q74) -> 0 | S74: =R74/R$9*100 -> 0 | W74: 1 | X74: 1 | Y74: 1 | Z74: 1 | AH74: 1 | AL74: =SUM(T74:AK74) -> 5 | AM74: =AL74/AL$9*100 -> 50 | BI74: =SUM(AN74:BH74) -> 0 | BJ74: =BI74/BI$9*100 -> 0 | CH74: =SUM(BK74:CG74) -> 0 | CI74: =CH74/CH$9*100 -> 0 | CU74: =SUM(CJ74:CT74) -> 0 | CV74: =CU74/CU$9*100 -> #DIV/0! | CX74: =(D74)/D$9*100 -> 15.151515 | CY74: =SUM(R74+AL74+BI74+CH74+CU74+CW74) -> 5
A75: 66 | B75: 0827CI231066 | C75: KRISHNA RAJESH GUPTA | D75: =SUM(R75+AL75+BI75+CH75+CU75+CW75) -> 9 | E75: =(D75)/D$9*100 -> 27.272727 | F75: =IF(E75<50,E75, " ") -> 27.272727 | G75: =IF(E75<30,E75, " ") -> 27.272727 | R75: =SUM(H75:Q75) -> 0 | S75: =R75/R$9*100 -> 0 | Z75: 1 | AB75: 1 | AH75: 1 | AL75: =SUM(T75:AK75) -> 3 | AM75: =AL75/AL$9*100 -> 30 | BF75: 1 | BG75: 1 | BI75: =SUM(AN75:BH75) -> 2 | BJ75: =BI75/BI$9*100 -> 28.571429 | BO75: 1 | BP75: 1 | BQ75: 1 | BT75: 1 | CH75: =SUM(BK75:CG75) -> 4 | CI75: =CH75/CH$9*100 -> 36.363636 | CU75: =SUM(CJ75:CT75) -> 0 | CV75: =CU75/CU$9*100 -> #DIV/0! | CX75: =(D75)/D$9*100 -> 27.272727 | CY75: =SUM(R75+AL75+BI75+CH75+CU75+CW75) -> 9
A76: 67 | B76: 0827CI231067 | C76: KRISHNA KHIRBADODIYA | D76: =SUM(R76+AL76+BI76+CH76+CU76+CW76) -> 8 | E76: =(D76)/D$9*100 -> 24.242424 | F76: =IF(E76<50,E76, " ") -> 24.242424 | G76: =IF(E76<30,E76, " ") -> 24.242424 | L76: 1 | M76: 1 | R76: =SUM(H76:Q76) -> 2 | S76: =R76/R$9*100 -> 40 | W76: 1 | X76: 1 | Z76: 1 | AA76: 1 | AG76: 1 | AL76: =SUM(T76:AK76) -> 5 | AM76: =AL76/AL$9*100 -> 50 | BE76: 1 | BI76: =SUM(AN76:BH76) -> 1 | BJ76: =BI76/BI$9*100 -> 14.285714 | CH76: =SUM(BK76:CG76) -> 0 | CI76: =CH76/CH$9*100 -> 0 | CU76: =SUM(CJ76:CT76) -> 0 | CV76: =CU76/CU$9*100 -> #DIV/0! | CX76: =(D76)/D$9*100 -> 24.242424 | CY76: =SUM(R76+AL76+BI76+CH76+CU76+CW76) -> 8
A77: 68 | B77: 0827CI231068 | C77: KRISHNA SONI | D77: =SUM(R77+AL77+BI77+CH77+CU77+CW77) -> 7 | E77: =(D77)/D$9*100 -> 21.212121 | F77: =IF(E77<50,E77, " ") -> 21.212121 | G77: =IF(E77<30,E77, " ") -> 21.212121 | R77: =SUM(H77:Q77) -> 0 | S77: =R77/R$9*100 -> 0 | W77: 1 | X77: 1 | Y77: 1 | AG77: 1 | AL77: =SUM(T77:AK77) -> 4 | AM77: =AL77/AL$9*100 -> 40 | BC77: 1 | BH77: 1 | BI77: =SUM(AN77:BH77) -> 2 | BJ77: =BI77/BI$9*100 -> 28.571429 | BT77: 1 | CH77: =SUM(BK77:CG77) -> 1 | CI77: =CH77/CH$9*100 -> 9.0909091 | CU77: =SUM(CJ77:CT77) -> 0 | CV77: =CU77/CU$9*100 -> #DIV/0! | CX77: =(D77)/D$9*100 -> 21.212121 | CY77: =SUM(R77+AL77+BI77+CH77+CU77+CW77) -> 7
A78: 69 | B78: 0827CI231069 | C78: KRISHNA THAKUR | D78: =SUM(R78+AL78+BI78+CH78+CU78+CW78) -> 15 | E78: =(D78)/D$9*100 -> 45.454545 | F78: =IF(E78<50,E78, " ") -> 45.454545 | G78: =IF(E78<30,E78, " ") | L78: 1 | R78: =SUM(H78:Q78) -> 1 | S78: =R78/R$9*100 -> 20 | W78: 1 | X78: 1 | Z78: 1 | AB78: 1 | AF78: 1 | AL78: =SUM(T78:AK78) -> 5 | AM78: =AL78/AL$9*100 -> 50 | BC78: 1 | BH78: 1 | BI78: =SUM(AN78:BH78) -> 2 | BJ78: =BI78/BI$9*100 -> 28.571429 | BL78: 1 | BM78: 1 | BN78: 1 | BP78: 1 | BQ78: 1 | BT78: 1 | BU78: 1 | CH78: =SUM(BK78:CG78) -> 7 | CI78: =CH78/CH$9*100 -> 63.636364 | CU78: =SUM(CJ78:CT78) -> 0 | CV78: =CU78/CU$9*100 -> #DIV/0! | CX78: =(D78)/D$9*100 -> 45.454545 | CY78: =SUM(R78+AL78+BI78+CH78+CU78+CW78) -> 15
A79: 70 | B79: 0827CI231070 | C79: KRUTIKA DAKHRE | D79: =SUM(R79+AL79+BI79+CH79+CU79+CW79) -> 12 | E79: =(D79)/D$9*100 -> 36.363636 | F79: =IF(E79<50,E79, " ") -> 36.363636 | G79: =IF(E79<30,E79, " ") | M79: 1 | R79: =SUM(H79:Q79) -> 1 | S79: =R79/R$9*100 -> 20 | W79: 1 | X79: 1 | Y79: 1 | Z79: 1 | AL79: =SUM(T79:AK79) -> 4 | AM79: =AL79/AL$9*100 -> 40 | AX79: 1 | BF79: 1 | BI79: =SUM(AN79:BH79) -> 2 | BJ79: =BI79/BI$9*100 -> 28.571429 | BL79: 1 | BM79: 1 | BN79: 1 | BT79: 1 | BU79: 1 | CH79: =SUM(BK79:CG79) -> 5 | CI79: =CH79/CH$9*100 -> 45.454545 | CU79: =SUM(CJ79:CT79) -> 0 | CV79: =CU79/CU$9*100 -> #DIV/0! | CX79: =(D79)/D$9*100 -> 36.363636 | CY79: =SUM(R79+AL79+BI79+CH79+CU79+CW79) -> 12
A80: 71 | B80: 0827CI231071 | C80: KULDEEP KELDE | D80: =SUM(R80+AL80+BI80+CH80+CU80+CW80) -> 8 | E80: =(D80)/D$9*100 -> 24.242424 | F80: =IF(E80<50,E80, " ") -> 24.242424 | G80: =IF(E80<30,E80, " ") -> 24.242424 | R80: =SUM(H80:Q80) -> 0 | S80: =R80/R$9*100 -> 0 | W80: 1 | X80: 1 | AG80: 1 | AL80: =SUM(T80:AK80) -> 3 | AM80: =AL80/AL$9*100 -> 30 | BI80: =SUM(AN80:BH80) -> 0 | BJ80: =BI80/BI$9*100 -> 0 | BL80: 1 | BM80: 1 | BN80: 1 | BS80: 1 | BT80: 1 | CH80: =SUM(BK80:CG80) -> 5 | CI80: =CH80/CH$9*100 -> 45.454545 | CU80: =SUM(CJ80:CT80) -> 0 | CV80: =CU80/CU$9*100 -> #DIV/0! | CX80: =(D80)/D$9*100 -> 24.242424 | CY80: =SUM(R80+AL80+BI80+CH80+CU80+CW80) -> 8
A81: 72 | B81: 0827CI231072 | C81: LAKSHYA JAIN | D81: =SUM(R81+AL81+BI81+CH81+CU81+CW81) -> 4 | E81: =(D81)/D$9*100 -> 12.121212 | F81: =IF(E81<50,E81, " ") -> 12.121212 | G81: =IF(E81<30,E81, " ") -> 12.121212 | R81: =SUM(H81:Q81) -> 0 | S81: =R81/R$9*100 -> 0 | Z81: 1 | AG81: 1 | AH81: 1 | AL81: =SUM(T81:AK81) -> 3 | AM81: =AL81/AL$9*100 -> 30 | BI81: =SUM(AN81:BH81) -> 0 | BJ81: =BI81/BI$9*100 -> 0 | BU81: 1 | CH81: =SUM(BK81:CG81) -> 1 | CI81: =CH81/CH$9*100 -> 9.0909091 | CU81: =SUM(CJ81:CT81) -> 0 | CV81: =CU81/CU$9*100 -> #DIV/0! | CX81: =(D81)/D$9*100 -> 12.121212 | CY81: =SUM(R81+AL81+BI81+CH81+CU81+CW81) -> 4
A82: 73 | B82: 0827CI231073 | C82: LAV BHATIA | D82: =SUM(R82+AL82+BI82+CH82+CU82+CW82) -> 14 | E82: =(D82)/D$9*100 -> 42.424242 | F82: =IF(E82<50,E82, " ") -> 42.424242 | G82: =IF(E82<30,E82, " ") | R82: =SUM(H82:Q82) -> 0 | S82: =R82/R$9*100 -> 0 | W82: 1 | X82: 1 | Y82: 1 | Z82: 1 | AB82: 1 | AL82: =SUM(T82:AK82) -> 5 | AM82: =AL82/AL$9*100 -> 50 | BE82: 1 | BF82: 1 | BI82: =SUM(AN82:BH82) -> 2 | BJ82: =BI82/BI$9*100 -> 28.571429 | BL82: 1 | BM82: 1 | BN82: 1 | BP82: 1 | BQ82: 1 | BT82: 1 | BU82: 1 | CH82: =SUM(BK82:CG82) -> 7 | CI82: =CH82/CH$9*100 -> 63.636364 | CU82: =SUM(CJ82:CT82) -> 0 | CV82: =CU82/CU$9*100 -> #DIV/0! | CX82: =(D82)/D$9*100 -> 42.424242 | CY82: =SUM(R82+AL82+BI82+CH82+CU82+CW82) -> 14
A83: 74 | B83: 0827CI231074 | C83: LAVISH DIGHE | D83: =SUM(R83+AL83+BI83+CH83+CU83+CW83) -> 0 | E83: =(D83)/D$9*100 -> 0 | F83: =IF(E83<50,E83, " ") -> 0 | G83: =IF(E83<30,E83, " ") -> 0 | R83: =SUM(H83:Q83) -> 0 | S83: =R83/R$9*100 -> 0 | AL83: =SUM(T83:AK83) -> 0 | AM83: =AL83/AL$9*100 -> 0 | BI83: =SUM(AN83:BH83) -> 0 | BJ83: =BI83/BI$9*100 -> 0 | CH83: =SUM(BK83:CG83) -> 0 | CI83: =CH83/CH$9*100 -> 0 | CU83: =SUM(CJ83:CT83) -> 0 | CV83: =CU83/CU$9*100 -> #DIV/0! | CX83: =(D83)/D$9*100 -> 0 | CY83: =SUM(R83+AL83+BI83+CH83+CU83+CW83) -> 0
A84: 75 | B84: 0827CI231075 | C84: MANASVI SOHANI | D84: =SUM(R84+AL84+BI84+CH84+CU84+CW84) -> 8 | E84: =(D84)/D$9*100 -> 24.242424 | F84: =IF(E84<50,E84, " ") -> 24.242424 | G84: =IF(E84<30,E84, " ") -> 24.242424 | R84: =SUM(H84:Q84) -> 0 | S84: =R84/R$9*100 -> 0 | Z84: 1 | AL84: =SUM(T84:AK84) -> 1 | AM84: =AL84/AL$9*100 -> 10 | BC84: 1 | BF84: 1 | BI84: =SUM(AN84:BH84) -> 2 | BJ84: =BI84/BI$9*100 -> 28.571429 | BN84: 1 | BP84: 1 | BQ84: 1 | BS84: 1 | BT84: 1 | CH84: =SUM(BK84:CG84) -> 5 | CI84: =CH84/CH$9*100 -> 45.454545 | CU84: =SUM(CJ84:CT84) -> 0 | CV84: =CU84/CU$9*100 -> #DIV/0! | CX84: =(D84)/D$9*100 -> 24.242424 | CY84: =SUM(R84+AL84+BI84+CH84+CU84+CW84) -> 8
A85: 76 | B85: 0827CI231076 | C85: MANISH PANWAR | D85: =SUM(R85+AL85+BI85+CH85+CU85+CW85) -> 4 | E85: =(D85)/D$9*100 -> 12.121212 | F85: =IF(E85<50,E85, " ") -> 12.121212 | G85: =IF(E85<30,E85, " ") -> 12.121212 | R85: =SUM(H85:Q85) -> 0 | S85: =R85/R$9*100 -> 0 | W85: 1 | X85: 1 | Y85: 1 | Z85: 1 | AL85: =SUM(T85:AK85) -> 4 | AM85: =AL85/AL$9*100 -> 40 | BI85: =SUM(AN85:BH85) -> 0 | BJ85: =BI85/BI$9*100 -> 0 | CH85: =SUM(BK85:CG85) -> 0 | CI85: =CH85/CH$9*100 -> 0 | CU85: =SUM(CJ85:CT85) -> 0 | CV85: =CU85/CU$9*100 -> #DIV/0! | CX85: =(D85)/D$9*100 -> 12.121212 | CY85: =SUM(R85+AL85+BI85+CH85+CU85+CW85) -> 4
A86: 77 | B86: 0827CI231077 | C86: MANSI JAIN | D86: =SUM(R86+AL86+BI86+CH86+CU86+CW86) -> 13 | E86: =(D86)/D$9*100 -> 39.393939 | F86: =IF(E86<50,E86, " ") -> 39.393939 | G86: =IF(E86<30,E86, " ") | M86: 1 | R86: =SUM(H86:Q86) -> 1 | S86: =R86/R$9*100 -> 20 | W86: 1 | X86: 1 | Y86: 1 | Z86: 1 | AL86: =SUM(T86:AK86) -> 4 | AM86: =AL86/AL$9*100 -> 40 | AX86: 1 | BE86: 1 | BF86: 1 | BI86: =SUM(AN86:BH86) -> 3 | BJ86: =BI86/BI$9*100 -> 42.857143 | BL86: 1 | BM86: 1 | BN86: 1 | BT86: 1 | BU86: 1 | CH86: =SUM(BK86:CG86) -> 5 | CI86: =CH86/CH$9*100 -> 45.454545 | CU86: =SUM(CJ86:CT86) -> 0 | CV86: =CU86/CU$9*100 -> #DIV/0! | CX86: =(D86)/D$9*100 -> 39.393939 | CY86: =SUM(R86+AL86+BI86+CH86+CU86+CW86) -> 13
A87: 78 | B87: 0827CI231078 | C87: MANSI WAHANE | D87: =SUM(R87+AL87+BI87+CH87+CU87+CW87) -> 3 | E87: =(D87)/D$9*100 -> 9.0909091 | F87: =IF(E87<50,E87, " ") -> 9.0909091 | G87: =IF(E87<30,E87, " ") -> 9.0909091 | N87: 1 | R87: =SUM(H87:Q87) -> 1 | S87: =R87/R$9*100 -> 20 | AG87: 1 | AL87: =SUM(T87:AK87) -> 1 | AM87: =AL87/AL$9*100 -> 10 | BI87: =SUM(AN87:BH87) -> 0 | BJ87: =BI87/BI$9*100 -> 0 | BS87: 1 | CH87: =SUM(BK87:CG87) -> 1 | CI87: =CH87/CH$9*100 -> 9.0909091 | CU87: =SUM(CJ87:CT87) -> 0 | CV87: =CU87/CU$9*100 -> #DIV/0! | CX87: =(D87)/D$9*100 -> 9.0909091 | CY87: =SUM(R87+AL87+BI87+CH87+CU87+CW87) -> 3
A88: 79 | B88: 0827CI243D07 | C88: RAJVARDHAN RAJPUROHIT | D88: =SUM(R88+AL88+BI88+CH88+CU88+CW88) -> 7 | E88: =(D88)/D$9*100 -> 21.212121 | F88: =IF(E88<50,E88, " ") -> 21.212121 | G88: =IF(E88<30,E88, " ") -> 21.212121 | R88: =SUM(H88:Q88) -> 0 | S88: =R88/R$9*100 -> 0 | AB88: 1 | AG88: 1 | AH88: 1 | AL88: =SUM(T88:AK88) -> 3 | AM88: =AL88/AL$9*100 -> 30 | BE88: 1 | BF88: 1 | BG88: 1 | BH88: 1 | BI88: =SUM(AN88:BH88) -> 4 | BJ88: =BI88/BI$9*100 -> 57.142857 | CH88: =SUM(BK88:CG88) -> 0 | CI88: =CH88/CH$9*100 -> 0 | CU88: =SUM(CJ88:CT88) -> 0 | CV88: =CU88/CU$9*100 -> #DIV/0! | CX88: =(D88)/D$9*100 -> 21.212121 | CY88: =SUM(R88+AL88+BI88+CH88+CU88+CW88) -> 7
A89: 80 | B89: 0827CI243D08 | C89: SAKSHI VISHWAKARMA | D89: =SUM(R89+AL89+BI89+CH89+CU89+CW89) -> 0 | E89: =(D89)/D$9*100 -> 0 | F89: =IF(E89<50,E89, " ") -> 0 | G89: =IF(E89<30,E89, " ") -> 0 | R89: =SUM(H89:Q89) -> 0 | S89: =R89/R$9*100 -> 0 | AL89: =SUM(T89:AK89) -> 0 | AM89: =AL89/AL$9*100 -> 0 | BI89: =SUM(AN89:BH89) -> 0 | BJ89: =BI89/BI$9*100 -> 0 | CH89: =SUM(BK89:CG89) -> 0 | CI89: =CH89/CH$9*100 -> 0 | CU89: =SUM(CJ89:CT89) -> 0 | CV89: =CU89/CU$9*100 -> #DIV/0! | CX89: =(D89)/D$9*100 -> 0 | CY89: =SUM(R89+AL89+BI89+CH89+CU89+CW89) -> 0
A90: 81 | B90: 0827CI243D11 | C90: TANISH GUPTA | D90: =SUM(R90+AL90+BI90+CH90+CU90+CW90) -> 14 | E90: =(D90)/D$9*100 -> 42.424242 | F90: =IF(E90<50,E90, " ") -> 42.424242 | G90: =IF(E90<30,E90, " ") | L90: 1 | R90: =SUM(H90:Q90) -> 1 | S90: =R90/R$9*100 -> 20 | AG90: 1 | AH90: 1 | AI90: 1 | AL90: =SUM(T90:AK90) -> 3 | AM90: =AL90/AL$9*100 -> 30 | BE90: 1 | BF90: 1 | BH90: 1 | BI90: =SUM(AN90:BH90) -> 3 | BJ90: =BI90/BI$9*100 -> 42.857143 | BK90: 1 | BL90: 1 | BM90: 1 | BO90: 1 | BP90: 1 | BQ90: 1 | BS90: 1 | CH90: =SUM(BK90:CG90) -> 7 | CI90: =CH90/CH$9*100 -> 63.636364 | CU90: =SUM(CJ90:CT90) -> 0 | CV90: =CU90/CU$9*100 -> #DIV/0! | CX90: =(D90)/D$9*100 -> 42.424242 | CY90: =SUM(R90+AL90+BI90+CH90+CU90+CW90) -> 14
A91: 82 | B91: 0827CI243D12 | C91: TANISHA KARIYA | D91: =SUM(R91+AL91+BI91+CH91+CU91+CW91) -> 5 | E91: =(D91)/D$9*100 -> 15.151515 | F91: =IF(E91<50,E91, " ") -> 15.151515 | G91: =IF(E91<30,E91, " ") -> 15.151515 | L91: 1 | N91: 1 | R91: =SUM(H91:Q91) -> 2 | S91: =R91/R$9*100 -> 40 | Z91: 1 | AG91: 1 | AL91: =SUM(T91:AK91) -> 2 | AM91: =AL91/AL$9*100 -> 20 | BI91: =SUM(AN91:BH91) -> 0 | BJ91: =BI91/BI$9*100 -> 0 | BS91: 1 | CH91: =SUM(BK91:CG91) -> 1 | CI91: =CH91/CH$9*100 -> 9.0909091 | CU91: =SUM(CJ91:CT91) -> 0 | CV91: =CU91/CU$9*100 -> #DIV/0! | CX91: =(D91)/D$9*100 -> 15.151515 | CY91: =SUM(R91+AL91+BI91+CH91+CU91+CW91) -> 5
A92: 83 | B92: 0827RL231001 | C92: Aditi Kumrawat | D92: =SUM(R92+AL92+BI92+CH92+CU92+CW92) -> 13 | E92: =(D92)/D$9*100 -> 39.393939 | F92: =IF(E92<50,E92, " ") -> 39.393939 | G92: =IF(E92<30,E92, " ") | N92: 1 | R92: =SUM(H92:Q92) -> 1 | S92: =R92/R$9*100 -> 20 | AB92: 1 | AG92: 1 | AL92: =SUM(T92:AK92) -> 2 | AM92: =AL92/AL$9*100 -> 20 | BE92: 1 | BF92: 1 | BG92: 1 | BI92: =SUM(AN92:BH92) -> 3 | BJ92: =BI92/BI$9*100 -> 42.857143 | BL92: 1 | BM92: 1 | BO92: 1 | BP92: 1 | BQ92: 1 | BS92: 1 | BT92: 1 | CH92: =SUM(BK92:CG92) -> 7 | CI92: =CH92/CH$9*100 -> 63.636364 | CU92: =SUM(CJ92:CT92) -> 0 | CV92: =CU92/CU$9*100 -> #DIV/0! | CX92: =(D92)/D$9*100 -> 39.393939 | CY92: =SUM(R92+AL92+BI92+CH92+CU92+CW92) -> 13
A93: 84 | B93: Usman Patel | D93: =SUM(R93+AL93+BI93+CH93+CU93+CW93) -> 0 | E93: =(D93)/D$9*100 -> 0 | F93: =IF(E93<50,E93, " ") -> 0 | G93: =IF(E93<30,E93, " ") -> 0 | R93: =SUM(H93:Q93) -> 0 | S93: =R93/R$9*100 -> 0 | AL93: =SUM(T93:AK93) -> 0 | AM93: =AL93/AL$9*100 -> 0 | BI93: =SUM(AN93:BH93) -> 0 | BJ93: =BI93/BI$9*100 -> 0 | CH93: =SUM(BK93:CG93) -> 0 | CI93: =CH93/CH$9*100 -> 0 | CU93: =SUM(CJ93:CT93) -> 0 | CV93: =CU93/CU$9*100 -> #DIV/0! | CX93: =(D93)/D$9*100 -> 0 | CY93: =SUM(R93+AL93+BI93+CH93+CU93+CW93) -> 0

Sheet 602 L
A1: CSIT-602
A2: Faculty Name: | C2: Dr. VANDANA kATE
A3: Subject Name : | C3: Machine Learning
A4: Subject Code :
A5: Start Date | C5: 46069
A6: End Date
X7: 2
D8: Total Class | E8: OverAll Att. % | F8: Att. 50% | G8: Att. 30% | H8: 46069 | I8: 46070 | J8: 46071 | K8: 46072 | L8: 46076 | M8: 46077 | N8: 46078 | O8: 46079 | P8: 46080 | Q8: 46081 | R8: FEB CLASS | S8: FEB% | T8: 46085 | U8: 46086 | V8: 46087 | W8: 46090 | X8: 46091 | Y8: 46092 | Z8: 46093 | AA8: 46094 | AB8: 46097 | AC8: 46098 | AD8: 46099 | AE8: 46100 | AF8: 46101 | AG8: 46104 | AH8: 46105 | AI8: 46106 | AJ8: 46107 | AK8: 46111 | AL8: MAR CLASS | AM8: MAR% | AN8: 46113 | AO8: 46114 | AP8: 46115 | AQ8: 46118 | AR8: 46119 | AS8: 46120 | AT8: 46121 | AU8: 46122 | AV8: 46125 | AW8: 46127 | AX8: 46128 | AY8: 46129 | AZ8: 46132 | BA8: 46133 | BB8: 46134 | BC8: 46135 | BD8: 46136 | BE8: 46139 | BF8: 46140 | BG8: 46141 | BH8: 46142 | BI8: APRIL CLASS | BJ8: APRIL % | BK8: 46143 | BL8: 46146 | BM8: 46147 | BN8: 46148 | BO8: 46149 | BP8: 46150 | BQ8: 46153 | BR8: 46154 | BS8: 46155 | BT8: 46156 | BU8: 46157 | BV8: 46160 | BW8: 46161 | BX8: 46162 | BY8: 46163 | BZ8: 46164 | CA8: 46167 | CB8: 46168 | CC8: 46169 | CD8: 46170 | CE8: 46171 | CF8: MAY CLASS | CG8: MAY % | CH8: 46174 | CI8: 46175 | CJ8: 46176 | CK8: 46177 | CL8: 46178 | CM8: 46181 | CN8: 46182 | CO8: 46183 | CP8: 46184 | CQ8: 46185 | CR8: 46186 | CS8: JUNE CLASS | CT8: JUNE% | CU8: SPECIAL LEAVE | CV8: OVER ALL % | CW8: TOTAL CLASS | CX8: REMARK
A9: s.no. | B9: Enrollment NO. | C9: Student Name | D9: =SUM(R9+AL9+BI9+CF9+CS9) -> 9 | H9: =SUM(H10:H92) -> 0 | I9: =SUM(I10:I92) -> 0 | J9: =SUM(J10:J92) -> 0 | K9: =SUM(K10:K92) -> 0 | L9: =SUM(L10:L92) -> 0 | M9: =SUM(M10:M92) -> 0 | N9: =SUM(N10:N92) -> 0 | O9: =SUM(O10:O92) -> 0 | ... Q9: =SUM(Q10:Q92) -> 0 | R9: =COUNTIF(H9:Q9,">0") -> 0 | S9: =COUNTIF(H9:I9,">0") -> 0 | T9: =SUM(T10:T92) -> 0 | U9: =SUM(U10:U92) -> 0 | V9: =SUM(V10:V92) -> 0 | W9: =SUM(W10:W92) -> 0 | X9: =SUM(X10:X92) -> 34 | Y9: =SUM(Y10:Y92) -> 0 | Z9: =SUM(Z10:Z92) -> 0 | AA9: =SUM(AA10:AA92) -> 0 | ... AK9: =SUM(AK10:AK92) -> 38 | AL9: =COUNTIF(T9:AK9,">0") -> 3 | AM9: =SUM(R9+AL9) -> 3 | AN9: =SUM(AN10:AN91) -> 0 | AO9: =SUM(AO10:AO91) -> 0 | AP9: =SUM(AP10:AP91) -> 0 | AQ9: =SUM(AQ10:AQ91) -> 0 | AR9: =SUM(AR10:AR91) -> 0 | AS9: =SUM(AS10:AS91) -> 0 | AT9: =SUM(AT10:AT91) -> 0 | AU9: =SUM(AU10:AU91) -> 0 | ... BH9: =SUM(BH10:BH91) -> 0 | BI9: =COUNTIF(AN9:BH9,">0") -> 3 | BJ9: =SUM(AM9+BI9) -> 6 | BK9: =SUM(BK10:BK91) -> 0 | BL9: =SUM(BL10:BL91) -> 0 | BM9: =SUM(BM10:BM91) -> 36 | BN9: =SUM(BN10:BN91) -> 0 | BO9: =SUM(BO10:BO91) -> 0 | BP9: =SUM(BP10:BP91) -> 0 | BQ9: =SUM(BQ10:BQ91) -> 0 | BR9: =SUM(BR10:BR91) -> 47 | ... BW9: =SUM(BW10:BW91) -> 0 | CF9: =COUNTIF(BK9:BW9,">0") -> 3 | CG9: =SUM(BJ9+CF9) -> 9 | CH9: =SUM(CH10:CH84) -> 0 | CI9: =SUM(CI10:CI84) -> 0 | CJ9: =SUM(CJ10:CJ84) -> 0 | CK9: =SUM(CK10:CK69) -> 0 | CL9: =SUM(CL10:CL69) -> 0 | CM9: =SUM(CM10:CM69) -> 0 | CN9: =SUM(CN10:CN69) -> 0 | CO9: =SUM(CO10:CO84) -> 0 | CP9: =SUM(CP10:CP69) -> 0 | CQ9: =SUM(CQ10:CQ69) -> 0 | CR9: =SUM(CR10:CR69) -> 0 | CS9: =COUNTIF(CH9:CR9,">0") -> 0 | CT9: =SUM(CG9+CS9) -> 9 | CV9: =SUM(R9+AL9+BI9+CF9+CS9+CU9) -> 9 | CW9: =SUM(R9+AL9+BI9+CF9+CS9+CU9) -> 9
A10: 1 | B10: 0827CI231001 | C10: AADARSH GARHEWAL | D10: =SUM(R10+AL10+BI10+CF10+CS10+CU10) -> 2 | E10: =(D10)/D$9*100 -> 22.222222 | F10: =IF(E10<50,E10, " ") -> 22.222222 | G10: =IF(E10<30,E10, " ") -> 22.222222 | R10: =SUM(H10:Q10) -> 0 | S10: =R10/R$9*100 -> #DIV/0! | AH10: 1 | AL10: =SUM(T10:AK10) -> 1 | AM10: =AL10/AL$9*100 -> 33.333333 | BI10: =SUM(AN10:BH10) -> 0 | BJ10: =BI10/BI$9*100 -> 0 | BR10: 1 | CF10: =SUM(BK10:BW10) -> 1 | CG10: =CF10/CF$9*100 -> 33.333333 | CS10: =SUM(CH10:CR10) -> 0 | CT10: =CS10/CS$9*100 -> #DIV/0! | CV10: =(D10)/D$9*100 -> 22.222222 | CW10: =SUM(R10+AL10+BI10+CF10+CS10+CU10) -> 2
A11: 2 | B11: 0827CI231002 | C11: AYUSH PATEL | D11: =SUM(R11+AL11+BI11+CF11+CS11+CU11) -> 7 | E11: =(D11)/D$9*100 -> 77.777778 | F11: =IF(E11<50,E11, " ") | G11: =IF(E11<30,E11, " ") | R11: =SUM(H11:Q11) -> 0 | S11: =R11/R$9*100 -> #DIV/0! | X11: 1 | AH11: 1 | AK11: 1 | AL11: =SUM(T11:AK11) -> 3 | AM11: =AL11/AL$9*100 -> 100 | BF11: 1 | BI11: =SUM(AN11:BH11) -> 1 | BJ11: =BI11/BI$9*100 -> 33.333333 | BM11: 1 | BR11: 1 | BT11: 1 | CF11: =SUM(BK11:BW11) -> 3 | CG11: =CF11/CF$9*100 -> 100 | CS11: =SUM(CH11:CR11) -> 0 | CT11: =CS11/CS$9*100 -> #DIV/0! | CV11: =(D11)/D$9*100 -> 77.777778 | CW11: =SUM(R11+AL11+BI11+CF11+CS11+CU11) -> 7
A12: 3 | B12: 0827CI231003 | C12: ABHAY DUGAYA | D12: =SUM(R12+AL12+BI12+CF12+CS12+CU12) -> 4 | E12: =(D12)/D$9*100 -> 44.444444 | F12: =IF(E12<50,E12, " ") -> 44.444444 | G12: =IF(E12<30,E12, " ") | R12: =SUM(H12:Q12) -> 0 | S12: =R12/R$9*100 -> #DIV/0! | AH12: 1 | AL12: =SUM(T12:AK12) -> 1 | AM12: =AL12/AL$9*100 -> 33.333333 | BF12: 1 | BI12: =SUM(AN12:BH12) -> 1 | BJ12: =BI12/BI$9*100 -> 33.333333 | BM12: 1 | BR12: 1 | CF12: =SUM(BK12:BW12) -> 2 | CG12: =CF12/CF$9*100 -> 66.666667 | CS12: =SUM(CH12:CR12) -> 0 | CT12: =CS12/CS$9*100 -> #DIV/0! | CV12: =(D12)/D$9*100 -> 44.444444 | CW12: =SUM(R12+AL12+BI12+CF12+CS12+CU12) -> 4
A13: 4 | B13: 0827CI231004 | C13: ABHISHEK JAISWAL | D13: =SUM(R13+AL13+BI13+CF13+CS13+CU13) -> 7 | E13: =(D13)/D$9*100 -> 77.777778 | F13: =IF(E13<50,E13, " ") | G13: =IF(E13<30,E13, " ") | R13: =SUM(H13:Q13) -> 0 | S13: =R13/R$9*100 -> #DIV/0! | AH13: 1 | AK13: 1 | AL13: =SUM(T13:AK13) -> 2 | AM13: =AL13/AL$9*100 -> 66.666667 | BA13: 1 | BF13: 1 | BI13: =SUM(AN13:BH13) -> 2 | BJ13: =BI13/BI$9*100 -> 66.666667 | BM13: 1 | BR13: 1 | BT13: 1 | CF13: =SUM(BK13:BW13) -> 3 | CG13: =CF13/CF$9*100 -> 100 | CS13: =SUM(CH13:CR13) -> 0 | CT13: =CS13/CS$9*100 -> #DIV/0! | CV13: =(D13)/D$9*100 -> 77.777778 | CW13: =SUM(R13+AL13+BI13+CF13+CS13+CU13) -> 7
A14: 5 | B14: 0827CI231005 | C14: ABHISHEK VERMA | D14: =SUM(R14+AL14+BI14+CF14+CS14+CU14) -> 4 | E14: =(D14)/D$9*100 -> 44.444444 | F14: =IF(E14<50,E14, " ") -> 44.444444 | G14: =IF(E14<30,E14, " ") | R14: =SUM(H14:Q14) -> 0 | S14: =R14/R$9*100 -> #DIV/0! | AK14: 1 | AL14: =SUM(T14:AK14) -> 1 | AM14: =AL14/AL$9*100 -> 33.333333 | BF14: 1 | BI14: =SUM(AN14:BH14) -> 1 | BJ14: =BI14/BI$9*100 -> 33.333333 | BM14: 1 | BR14: 1 | CF14: =SUM(BK14:BW14) -> 2 | CG14: =CF14/CF$9*100 -> 66.666667 | CS14: =SUM(CH14:CR14) -> 0 | CT14: =CS14/CS$9*100 -> #DIV/0! | CV14: =(D14)/D$9*100 -> 44.444444 | CW14: =SUM(R14+AL14+BI14+CF14+CS14+CU14) -> 4
A15: 6 | B15: 0827CI231006 | C15: ABINAV KOURAV | D15: =SUM(R15+AL15+BI15+CF15+CS15+CU15) -> 0 | E15: =(D15)/D$9*100 -> 0 | F15: =IF(E15<50,E15, " ") -> 0 | G15: =IF(E15<30,E15, " ") -> 0 | R15: =SUM(H15:Q15) -> 0 | S15: =R15/R$9*100 -> #DIV/0! | AL15: =SUM(T15:AK15) -> 0 | AM15: =AL15/AL$9*100 -> 0 | BI15: =SUM(AN15:BH15) -> 0 | BJ15: =BI15/BI$9*100 -> 0 | CF15: =SUM(BK15:BW15) -> 0 | CG15: =CF15/CF$9*100 -> 0 | CS15: =SUM(CH15:CR15) -> 0 | CT15: =CS15/CS$9*100 -> #DIV/0! | CV15: =(D15)/D$9*100 -> 0 | CW15: =SUM(R15+AL15+BI15+CF15+CS15+CU15) -> 0
A16: 7 | B16: 0827CI231007 | C16: ADARSH PRATAP SINGH GURJAR | D16: =SUM(R16+AL16+BI16+CF16+CS16+CU16) -> 6 | E16: =(D16)/D$9*100 -> 66.666667 | F16: =IF(E16<50,E16, " ") | G16: =IF(E16<30,E16, " ") | R16: =SUM(H16:Q16) -> 0 | S16: =R16/R$9*100 -> #DIV/0! | AH16: 1 | AK16: 1 | AL16: =SUM(T16:AK16) -> 2 | AM16: =AL16/AL$9*100 -> 66.666667 | BF16: 1 | BI16: =SUM(AN16:BH16) -> 1 | BJ16: =BI16/BI$9*100 -> 33.333333 | BM16: 1 | BR16: 1 | BT16: 1 | CF16: =SUM(BK16:BW16) -> 3 | CG16: =CF16/CF$9*100 -> 100 | CS16: =SUM(CH16:CR16) -> 0 | CT16: =CS16/CS$9*100 -> #DIV/0! | CV16: =(D16)/D$9*100 -> 66.666667 | CW16: =SUM(R16+AL16+BI16+CF16+CS16+CU16) -> 6
A17: 8 | B17: 0827CI231008 | C17: ADITI VISHWAKARMA | D17: =SUM(R17+AL17+BI17+CF17+CS17+CU17) -> 5 | E17: =(D17)/D$9*100 -> 55.555556 | F17: =IF(E17<50,E17, " ") | G17: =IF(E17<30,E17, " ") | R17: =SUM(H17:Q17) -> 0 | S17: =R17/R$9*100 -> #DIV/0! | X17: 1 | AK17: 1 | AL17: =SUM(T17:AK17) -> 2 | AM17: =AL17/AL$9*100 -> 66.666667 | BF17: 1 | BI17: =SUM(AN17:BH17) -> 1 | BJ17: =BI17/BI$9*100 -> 33.333333 | BM17: 1 | BR17: 1 | CF17: =SUM(BK17:BW17) -> 2 | CG17: =CF17/CF$9*100 -> 66.666667 | CS17: =SUM(CH17:CR17) -> 0 | CT17: =CS17/CS$9*100 -> #DIV/0! | CV17: =(D17)/D$9*100 -> 55.555556 | CW17: =SUM(R17+AL17+BI17+CF17+CS17+CU17) -> 5
A18: 9 | B18: 0827CI231009 | C18: ADITYA TIWARI | D18: =SUM(R18+AL18+BI18+CF18+CS18+CU18) -> 5 | E18: =(D18)/D$9*100 -> 55.555556 | F18: =IF(E18<50,E18, " ") | G18: =IF(E18<30,E18, " ") | R18: =SUM(H18:Q18) -> 0 | S18: =R18/R$9*100 -> #DIV/0! | AH18: 1 | AK18: 1 | AL18: =SUM(T18:AK18) -> 2 | AM18: =AL18/AL$9*100 -> 66.666667 | BF18: 1 | BI18: =SUM(AN18:BH18) -> 1 | BJ18: =BI18/BI$9*100 -> 33.333333 | BM18: 1 | BR18: 1 | CF18: =SUM(BK18:BW18) -> 2 | CG18: =CF18/CF$9*100 -> 66.666667 | CS18: =SUM(CH18:CR18) -> 0 | CT18: =CS18/CS$9*100 -> #DIV/0! | CV18: =(D18)/D$9*100 -> 55.555556 | CW18: =SUM(R18+AL18+BI18+CF18+CS18+CU18) -> 5
A19: 10 | B19: 0827CI231010 | C19: AKASH BARASKAR | D19: =SUM(R19+AL19+BI19+CF19+CS19+CU19) -> 3 | E19: =(D19)/D$9*100 -> 33.333333 | F19: =IF(E19<50,E19, " ") -> 33.333333 | G19: =IF(E19<30,E19, " ") | R19: =SUM(H19:Q19) -> 0 | S19: =R19/R$9*100 -> #DIV/0! | AK19: 1 | AL19: =SUM(T19:AK19) -> 1 | AM19: =AL19/AL$9*100 -> 33.333333 | BA19: 1 | BF19: 1 | BI19: =SUM(AN19:BH19) -> 2 | BJ19: =BI19/BI$9*100 -> 66.666667 | CF19: =SUM(BK19:BW19) -> 0 | CG19: =CF19/CF$9*100 -> 0 | CS19: =SUM(CH19:CR19) -> 0 | CT19: =CS19/CS$9*100 -> #DIV/0! | CV19: =(D19)/D$9*100 -> 33.333333 | CW19: =SUM(R19+AL19+BI19+CF19+CS19+CU19) -> 3
A20: 11 | B20: 0827CI231011 | C20: AKSHAT KARODE | D20: =SUM(R20+AL20+BI20+CF20+CS20+CU20) -> 4 | E20: =(D20)/D$9*100 -> 44.444444 | F20: =IF(E20<50,E20, " ") -> 44.444444 | G20: =IF(E20<30,E20, " ") | R20: =SUM(H20:Q20) -> 0 | S20: =R20/R$9*100 -> #DIV/0! | AK20: 1 | AL20: =SUM(T20:AK20) -> 1 | AM20: =AL20/AL$9*100 -> 33.333333 | BF20: 1 | BI20: =SUM(AN20:BH20) -> 1 | BJ20: =BI20/BI$9*100 -> 33.333333 | BM20: 1 | BR20: 1 | CF20: =SUM(BK20:BW20) -> 2 | CG20: =CF20/CF$9*100 -> 66.666667 | CS20: =SUM(CH20:CR20) -> 0 | CT20: =CS20/CS$9*100 -> #DIV/0! | CV20: =(D20)/D$9*100 -> 44.444444 | CW20: =SUM(R20+AL20+BI20+CF20+CS20+CU20) -> 4
A21: 12 | B21: 0827CI231012 | C21: AKSHAY KHANNA | D21: =SUM(R21+AL21+BI21+CF21+CS21+CU21) -> 5 | E21: =(D21)/D$9*100 -> 55.555556 | F21: =IF(E21<50,E21, " ") | G21: =IF(E21<30,E21, " ") | R21: =SUM(H21:Q21) -> 0 | S21: =R21/R$9*100 -> #DIV/0! | AK21: 1 | AL21: =SUM(T21:AK21) -> 1 | AM21: =AL21/AL$9*100 -> 33.333333 | BA21: 1 | BF21: 1 | BI21: =SUM(AN21:BH21) -> 2 | BJ21: =BI21/BI$9*100 -> 66.666667 | BM21: 1 | BR21: 1 | CF21: =SUM(BK21:BW21) -> 2 | CG21: =CF21/CF$9*100 -> 66.666667 | CS21: =SUM(CH21:CR21) -> 0 | CT21: =CS21/CS$9*100 -> #DIV/0! | CV21: =(D21)/D$9*100 -> 55.555556 | CW21: =SUM(R21+AL21+BI21+CF21+CS21+CU21) -> 5
A22: 13 | B22: 0827CI231013 | C22: AMAY MISHRA | D22: =SUM(R22+AL22+BI22+CF22+CS22+CU22) -> 3 | E22: =(D22)/D$9*100 -> 33.333333 | F22: =IF(E22<50,E22, " ") -> 33.333333 | G22: =IF(E22<30,E22, " ") | R22: =SUM(H22:Q22) -> 0 | S22: =R22/R$9*100 -> #DIV/0! | AL22: =SUM(T22:AK22) -> 0 | AM22: =AL22/AL$9*100 -> 0 | BF22: 1 | BI22: =SUM(AN22:BH22) -> 1 | BJ22: =BI22/BI$9*100 -> 33.333333 | BR22: 1 | BT22: 1 | CF22: =SUM(BK22:BW22) -> 2 | CG22: =CF22/CF$9*100 -> 66.666667 | CS22: =SUM(CH22:CR22) -> 0 | CT22: =CS22/CS$9*100 -> #DIV/0! | CV22: =(D22)/D$9*100 -> 33.333333 | CW22: =SUM(R22+AL22+BI22+CF22+CS22+CU22) -> 3
A23: 14 | B23: 0827CI231014 | C23: AMBAR YADAV | D23: =SUM(R23+AL23+BI23+CF23+CS23+CU23) -> 1 | E23: =(D23)/D$9*100 -> 11.111111 | F23: =IF(E23<50,E23, " ") -> 11.111111 | G23: =IF(E23<30,E23, " ") -> 11.111111 | R23: =SUM(H23:Q23) -> 0 | S23: =R23/R$9*100 -> #DIV/0! | AL23: =SUM(T23:AK23) -> 0 | AM23: =AL23/AL$9*100 -> 0 | BI23: =SUM(AN23:BH23) -> 0 | BJ23: =BI23/BI$9*100 -> 0 | BR23: 1 | CF23: =SUM(BK23:BW23) -> 1 | CG23: =CF23/CF$9*100 -> 33.333333 | CS23: =SUM(CH23:CR23) -> 0 | CT23: =CS23/CS$9*100 -> #DIV/0! | CV23: =(D23)/D$9*100 -> 11.111111 | CW23: =SUM(R23+AL23+BI23+CF23+CS23+CU23) -> 1
A24: 15 | B24: 0827CI231015 | C24: AMIT YADAV | D24: =SUM(R24+AL24+BI24+CF24+CS24+CU24) -> 2 | E24: =(D24)/D$9*100 -> 22.222222 | F24: =IF(E24<50,E24, " ") -> 22.222222 | G24: =IF(E24<30,E24, " ") -> 22.222222 | R24: =SUM(H24:Q24) -> 0 | S24: =R24/R$9*100 -> #DIV/0! | X24: 1 | AL24: =SUM(T24:AK24) -> 1 | AM24: =AL24/AL$9*100 -> 33.333333 | BI24: =SUM(AN24:BH24) -> 0 | BJ24: =BI24/BI$9*100 -> 0 | BR24: 1 | CF24: =SUM(BK24:BW24) -> 1 | CG24: =CF24/CF$9*100 -> 33.333333 | CS24: =SUM(CH24:CR24) -> 0 | CT24: =CS24/CS$9*100 -> #DIV/0! | CV24: =(D24)/D$9*100 -> 22.222222 | CW24: =SUM(R24+AL24+BI24+CF24+CS24+CU24) -> 2
A25: 16 | B25: 0827CI231016 | C25: ANIRUDDH CHATURVEDI | D25: =SUM(R25+AL25+BI25+CF25+CS25+CU25) -> 3 | E25: =(D25)/D$9*100 -> 33.333333 | F25: =IF(E25<50,E25, " ") -> 33.333333 | G25: =IF(E25<30,E25, " ") | R25: =SUM(H25:Q25) -> 0 | S25: =R25/R$9*100 -> #DIV/0! | X25: 1 | AK25: 1 | AL25: =SUM(T25:AK25) -> 2 | AM25: =AL25/AL$9*100 -> 66.666667 | BI25: =SUM(AN25:BH25) -> 0 | BJ25: =BI25/BI$9*100 -> 0 | BT25: 1 | CF25: =SUM(BK25:BW25) -> 1 | CG25: =CF25/CF$9*100 -> 33.333333 | CS25: =SUM(CH25:CR25) -> 0 | CT25: =CS25/CS$9*100 -> #DIV/0! | CV25: =(D25)/D$9*100 -> 33.333333 | CW25: =SUM(R25+AL25+BI25+CF25+CS25+CU25) -> 3
A26: 17 | B26: 0827CI231017 | C26: ANIRUDDHA SHARMA | D26: =SUM(R26+AL26+BI26+CF26+CS26+CU26) -> 2 | E26: =(D26)/D$9*100 -> 22.222222 | F26: =IF(E26<50,E26, " ") -> 22.222222 | G26: =IF(E26<30,E26, " ") -> 22.222222 | R26: =SUM(H26:Q26) -> 0 | S26: =R26/R$9*100 -> #DIV/0! | X26: 1 | AL26: =SUM(T26:AK26) -> 1 | AM26: =AL26/AL$9*100 -> 33.333333 | BI26: =SUM(AN26:BH26) -> 0 | BJ26: =BI26/BI$9*100 -> 0 | BT26: 1 | CF26: =SUM(BK26:BW26) -> 1 | CG26: =CF26/CF$9*100 -> 33.333333 | CS26: =SUM(CH26:CR26) -> 0 | CT26: =CS26/CS$9*100 -> #DIV/0! | CV26: =(D26)/D$9*100 -> 22.222222 | CW26: =SUM(R26+AL26+BI26+CF26+CS26+CU26) -> 2
A27: 18 | B27: 0827CI231018 | C27: ANSH RATHORE | D27: =SUM(R27+AL27+BI27+CF27+CS27+CU27) -> 2 | E27: =(D27)/D$9*100 -> 22.222222 | F27: =IF(E27<50,E27, " ") -> 22.222222 | G27: =IF(E27<30,E27, " ") -> 22.222222 | R27: =SUM(H27:Q27) -> 0 | S27: =R27/R$9*100 -> #DIV/0! | X27: 1 | AL27: =SUM(T27:AK27) -> 1 | AM27: =AL27/AL$9*100 -> 33.333333 | BF27: 1 | BI27: =SUM(AN27:BH27) -> 1 | BJ27: =BI27/BI$9*100 -> 33.333333 | CF27: =SUM(BK27:BW27) -> 0 | CG27: =CF27/CF$9*100 -> 0 | CS27: =SUM(CH27:CR27) -> 0 | CT27: =CS27/CS$9*100 -> #DIV/0! | CV27: =(D27)/D$9*100 -> 22.222222 | CW27: =SUM(R27+AL27+BI27+CF27+CS27+CU27) -> 2
A28: 19 | B28: 0827CI231019 | C28: ANSH VAISHNAV | D28: =SUM(R28+AL28+BI28+CF28+CS28+CU28) -> 3 | E28: =(D28)/D$9*100 -> 33.333333 | F28: =IF(E28<50,E28, " ") -> 33.333333 | G28: =IF(E28<30,E28, " ") | R28: =SUM(H28:Q28) -> 0 | S28: =R28/R$9*100 -> #DIV/0! | X28: 1 | AK28: 1 | AL28: =SUM(T28:AK28) -> 2 | AM28: =AL28/AL$9*100 -> 66.666667 | BI28: =SUM(AN28:BH28) -> 0 | BJ28: =BI28/BI$9*100 -> 0 | BR28: 1 | CF28: =SUM(BK28:BW28) -> 1 | CG28: =CF28/CF$9*100 -> 33.333333 | CS28: =SUM(CH28:CR28) -> 0 | CT28: =CS28/CS$9*100 -> #DIV/0! | CV28: =(D28)/D$9*100 -> 33.333333 | CW28: =SUM(R28+AL28+BI28+CF28+CS28+CU28) -> 3
A29: 20 | B29: 0827CI231020 | C29: ANSHU BILAWLIYA | D29: =SUM(R29+AL29+BI29+CF29+CS29+CU29) -> 7 | E29: =(D29)/D$9*100 -> 77.777778 | F29: =IF(E29<50,E29, " ") | G29: =IF(E29<30,E29, " ") | R29: =SUM(H29:Q29) -> 0 | S29: =R29/R$9*100 -> #DIV/0! | X29: 1 | AH29: 1 | AL29: =SUM(T29:AK29) -> 2 | AM29: =AL29/AL$9*100 -> 66.666667 | BA29: 1 | BF29: 1 | BI29: =SUM(AN29:BH29) -> 2 | BJ29: =BI29/BI$9*100 -> 66.666667 | BM29: 1 | BR29: 1 | BT29: 1 | CF29: =SUM(BK29:BW29) -> 3 | CG29: =CF29/CF$9*100 -> 100 | CS29: =SUM(CH29:CR29) -> 0 | CT29: =CS29/CS$9*100 -> #DIV/0! | CV29: =(D29)/D$9*100 -> 77.777778 | CW29: =SUM(R29+AL29+BI29+CF29+CS29+CU29) -> 7
A30: 21 | B30: 0827CI231021 | C30: ANUJ MALVIYA | D30: =SUM(R30+AL30+BI30+CF30+CS30+CU30) -> 3 | E30: =(D30)/D$9*100 -> 33.333333 | F30: =IF(E30<50,E30, " ") -> 33.333333 | G30: =IF(E30<30,E30, " ") | R30: =SUM(H30:Q30) -> 0 | S30: =R30/R$9*100 -> #DIV/0! | AL30: =SUM(T30:AK30) -> 0 | AM30: =AL30/AL$9*100 -> 0 | BF30: 1 | BI30: =SUM(AN30:BH30) -> 1 | BJ30: =BI30/BI$9*100 -> 33.333333 | BM30: 1 | BR30: 1 | CF30: =SUM(BK30:BW30) -> 2 | CG30: =CF30/CF$9*100 -> 66.666667 | CS30: =SUM(CH30:CR30) -> 0 | CT30: =CS30/CS$9*100 -> #DIV/0! | CV30: =(D30)/D$9*100 -> 33.333333 | CW30: =SUM(R30+AL30+BI30+CF30+CS30+CU30) -> 3
A31: 22 | B31: 0827CI231022 | C31: ANVESH TRIVEDI | D31: =SUM(R31+AL31+BI31+CF31+CS31+CU31) -> 6 | E31: =(D31)/D$9*100 -> 66.666667 | F31: =IF(E31<50,E31, " ") | G31: =IF(E31<30,E31, " ") | R31: =SUM(H31:Q31) -> 0 | S31: =R31/R$9*100 -> #DIV/0! | AH31: 1 | AK31: 1 | AL31: =SUM(T31:AK31) -> 2 | AM31: =AL31/AL$9*100 -> 66.666667 | BA31: 1 | BF31: 1 | BI31: =SUM(AN31:BH31) -> 2 | BJ31: =BI31/BI$9*100 -> 66.666667 | BM31: 1 | BR31: 1 | CF31: =SUM(BK31:BW31) -> 2 | CG31: =CF31/CF$9*100 -> 66.666667 | CS31: =SUM(CH31:CR31) -> 0 | CT31: =CS31/CS$9*100 -> #DIV/0! | CV31: =(D31)/D$9*100 -> 66.666667 | CW31: =SUM(R31+AL31+BI31+CF31+CS31+CU31) -> 6
A32: 23 | B32: 0827CI231023 | C32: ANYA JAIN | D32: =SUM(R32+AL32+BI32+CF32+CS32+CU32) -> 7 | E32: =(D32)/D$9*100 -> 77.777778 | F32: =IF(E32<50,E32, " ") | G32: =IF(E32<30,E32, " ") | R32: =SUM(H32:Q32) -> 0 | S32: =R32/R$9*100 -> #DIV/0! | X32: 1 | AH32: 1 | AK32: 1 | AL32: =SUM(T32:AK32) -> 3 | AM32: =AL32/AL$9*100 -> 100 | BA32: 1 | BF32: 1 | BI32: =SUM(AN32:BH32) -> 2 | BJ32: =BI32/BI$9*100 -> 66.666667 | BM32: 1 | BR32: 1 | CF32: =SUM(BK32:BW32) -> 2 | CG32: =CF32/CF$9*100 -> 66.666667 | CS32: =SUM(CH32:CR32) -> 0 | CT32: =CS32/CS$9*100 -> #DIV/0! | CV32: =(D32)/D$9*100 -> 77.777778 | CW32: =SUM(R32+AL32+BI32+CF32+CS32+CU32) -> 7
A33: 24 | B33: 0827CI231024 | C33: ARYAN SINGH BHADORIA | D33: =SUM(R33+AL33+BI33+CF33+CS33+CU33) -> 6 | E33: =(D33)/D$9*100 -> 66.666667 | F33: =IF(E33<50,E33, " ") | G33: =IF(E33<30,E33, " ") | R33: =SUM(H33:Q33) -> 0 | S33: =R33/R$9*100 -> #DIV/0! | AH33: 1 | AK33: 1 | AL33: =SUM(T33:AK33) -> 2 | AM33: =AL33/AL$9*100 -> 66.666667 | BA33: 1 | BF33: 1 | BI33: =SUM(AN33:BH33) -> 2 | BJ33: =BI33/BI$9*100 -> 66.666667 | BM33: 1 | BR33: 1 | CF33: =SUM(BK33:BW33) -> 2 | CG33: =CF33/CF$9*100 -> 66.666667 | CS33: =SUM(CH33:CR33) -> 0 | CT33: =CS33/CS$9*100 -> #DIV/0! | CV33: =(D33)/D$9*100 -> 66.666667 | CW33: =SUM(R33+AL33+BI33+CF33+CS33+CU33) -> 6
A34: 25 | B34: 0827CI231025 | C34: ASHWIN CARPENTER | D34: =SUM(R34+AL34+BI34+CF34+CS34+CU34) -> 3 | E34: =(D34)/D$9*100 -> 33.333333 | F34: =IF(E34<50,E34, " ") -> 33.333333 | G34: =IF(E34<30,E34, " ") | R34: =SUM(H34:Q34) -> 0 | S34: =R34/R$9*100 -> #DIV/0! | X34: 1 | AL34: =SUM(T34:AK34) -> 1 | AM34: =AL34/AL$9*100 -> 33.333333 | BI34: =SUM(AN34:BH34) -> 0 | BJ34: =BI34/BI$9*100 -> 0 | BR34: 1 | BT34: 1 | CF34: =SUM(BK34:BW34) -> 2 | CG34: =CF34/CF$9*100 -> 66.666667 | CS34: =SUM(CH34:CR34) -> 0 | CT34: =CS34/CS$9*100 -> #DIV/0! | CV34: =(D34)/D$9*100 -> 33.333333 | CW34: =SUM(R34+AL34+BI34+CF34+CS34+CU34) -> 3
A35: 26 | B35: 0827CI231026 | C35: AVI KEDARE | D35: =SUM(R35+AL35+BI35+CF35+CS35+CU35) -> 5 | E35: =(D35)/D$9*100 -> 55.555556 | F35: =IF(E35<50,E35, " ") | G35: =IF(E35<30,E35, " ") | R35: =SUM(H35:Q35) -> 0 | S35: =R35/R$9*100 -> #DIV/0! | X35: 1 | AK35: 1 | AL35: =SUM(T35:AK35) -> 2 | AM35: =AL35/AL$9*100 -> 66.666667 | BF35: 1 | BI35: =SUM(AN35:BH35) -> 1 | BJ35: =BI35/BI$9*100 -> 33.333333 | BR35: 1 | BT35: 1 | CF35: =SUM(BK35:BW35) -> 2 | CG35: =CF35/CF$9*100 -> 66.666667 | CS35: =SUM(CH35:CR35) -> 0 | CT35: =CS35/CS$9*100 -> #DIV/0! | CV35: =(D35)/D$9*100 -> 55.555556 | CW35: =SUM(R35+AL35+BI35+CF35+CS35+CU35) -> 5
A36: 27 | B36: 0827CI231027 | C36: AYUSH CHOUDHARY | D36: =SUM(R36+AL36+BI36+CF36+CS36+CU36) -> 0 | E36: =(D36)/D$9*100 -> 0 | F36: =IF(E36<50,E36, " ") -> 0 | G36: =IF(E36<30,E36, " ") -> 0 | R36: =SUM(H36:Q36) -> 0 | S36: =R36/R$9*100 -> #DIV/0! | AL36: =SUM(T36:AK36) -> 0 | AM36: =AL36/AL$9*100 -> 0 | BI36: =SUM(AN36:BH36) -> 0 | BJ36: =BI36/BI$9*100 -> 0 | CF36: =SUM(BK36:BW36) -> 0 | CG36: =CF36/CF$9*100 -> 0 | CS36: =SUM(CH36:CR36) -> 0 | CT36: =CS36/CS$9*100 -> #DIV/0! | CV36: =(D36)/D$9*100 -> 0 | CW36: =SUM(R36+AL36+BI36+CF36+CS36+CU36) -> 0
A37: 28 | B37: 0827CI231028 | C37: AYUSH CHOURASIYA | D37: =SUM(R37+AL37+BI37+CF37+CS37+CU37) -> 2 | E37: =(D37)/D$9*100 -> 22.222222 | F37: =IF(E37<50,E37, " ") -> 22.222222 | G37: =IF(E37<30,E37, " ") -> 22.222222 | R37: =SUM(H37:Q37) -> 0 | S37: =R37/R$9*100 -> #DIV/0! | X37: 1 | AK37: 1 | AL37: =SUM(T37:AK37) -> 2 | AM37: =AL37/AL$9*100 -> 66.666667 | BI37: =SUM(AN37:BH37) -> 0 | BJ37: =BI37/BI$9*100 -> 0 | CF37: =SUM(BK37:BW37) -> 0 | CG37: =CF37/CF$9*100 -> 0 | CS37: =SUM(CH37:CR37) -> 0 | CT37: =CS37/CS$9*100 -> #DIV/0! | CV37: =(D37)/D$9*100 -> 22.222222 | CW37: =SUM(R37+AL37+BI37+CF37+CS37+CU37) -> 2
A38: 29 | B38: 0827CI231029 | C38: CHIRAG | D38: =SUM(R38+AL38+BI38+CF38+CS38+CU38) -> 4 | E38: =(D38)/D$9*100 -> 44.444444 | F38: =IF(E38<50,E38, " ") -> 44.444444 | G38: =IF(E38<30,E38, " ") | R38: =SUM(H38:Q38) -> 0 | S38: =R38/R$9*100 -> #DIV/0! | X38: 1 | AH38: 1 | AL38: =SUM(T38:AK38) -> 2 | AM38: =AL38/AL$9*100 -> 66.666667 | BF38: 1 | BI38: =SUM(AN38:BH38) -> 1 | BJ38: =BI38/BI$9*100 -> 33.333333 | BR38: 1 | CF38: =SUM(BK38:BW38) -> 1 | CG38: =CF38/CF$9*100 -> 33.333333 | CS38: =SUM(CH38:CR38) -> 0 | CT38: =CS38/CS$9*100 -> #DIV/0! | CV38: =(D38)/D$9*100 -> 44.444444 | CW38: =SUM(R38+AL38+BI38+CF38+CS38+CU38) -> 4
A39: 30 | B39: 0827CI231030 | C39: DARSHIL JAIN | D39: =SUM(R39+AL39+BI39+CF39+CS39+CU39) -> 2 | E39: =(D39)/D$9*100 -> 22.222222 | F39: =IF(E39<50,E39, " ") -> 22.222222 | G39: =IF(E39<30,E39, " ") -> 22.222222 | R39: =SUM(H39:Q39) -> 0 | S39: =R39/R$9*100 -> #DIV/0! | AL39: =SUM(T39:AK39) -> 0 | AM39: =AL39/AL$9*100 -> 0 | BI39: =SUM(AN39:BH39) -> 0 | BJ39: =BI39/BI$9*100 -> 0 | BM39: 1 | BR39: 1 | CF39: =SUM(BK39:BW39) -> 2 | CG39: =CF39/CF$9*100 -> 66.666667 | CS39: =SUM(CH39:CR39) -> 0 | CT39: =CS39/CS$9*100 -> #DIV/0! | CV39: =(D39)/D$9*100 -> 22.222222 | CW39: =SUM(R39+AL39+BI39+CF39+CS39+CU39) -> 2
A40: 31 | B40: 0827CI231031 | C40: DARSHIT JAIN | D40: =SUM(R40+AL40+BI40+CF40+CS40+CU40) -> 3 | E40: =(D40)/D$9*100 -> 33.333333 | F40: =IF(E40<50,E40, " ") -> 33.333333 | G40: =IF(E40<30,E40, " ") | R40: =SUM(H40:Q40) -> 0 | S40: =R40/R$9*100 -> #DIV/0! | AK40: 1 | AL40: =SUM(T40:AK40) -> 1 | AM40: =AL40/AL$9*100 -> 33.333333 | BF40: 1 | BI40: =SUM(AN40:BH40) -> 1 | BJ40: =BI40/BI$9*100 -> 33.333333 | BM40: 1 | CF40: =SUM(BK40:BW40) -> 1 | CG40: =CF40/CF$9*100 -> 33.333333 | CS40: =SUM(CH40:CR40) -> 0 | CT40: =CS40/CS$9*100 -> #DIV/0! | CV40: =(D40)/D$9*100 -> 33.333333 | CW40: =SUM(R40+AL40+BI40+CF40+CS40+CU40) -> 3
A41: 32 | B41: 0827CI231032 | C41: DEEVA JAIN | D41: =SUM(R41+AL41+BI41+CF41+CS41+CU41) -> 4 | E41: =(D41)/D$9*100 -> 44.444444 | F41: =IF(E41<50,E41, " ") -> 44.444444 | G41: =IF(E41<30,E41, " ") | R41: =SUM(H41:Q41) -> 0 | S41: =R41/R$9*100 -> #DIV/0! | AH41: 1 | AK41: 1 | AL41: =SUM(T41:AK41) -> 2 | AM41: =AL41/AL$9*100 -> 66.666667 | BF41: 1 | BI41: =SUM(AN41:BH41) -> 1 | BJ41: =BI41/BI$9*100 -> 33.333333 | BR41: 1 | CF41: =SUM(BK41:BW41) -> 1 | CG41: =CF41/CF$9*100 -> 33.333333 | CS41: =SUM(CH41:CR41) -> 0 | CT41: =CS41/CS$9*100 -> #DIV/0! | CV41: =(D41)/D$9*100 -> 44.444444 | CW41: =SUM(R41+AL41+BI41+CF41+CS41+CU41) -> 4
A42: 33 | B42: 0827CI231033 | C42: DEV AGRAWAL | D42: =SUM(R42+AL42+BI42+CF42+CS42+CU42) -> 0 | E42: =(D42)/D$9*100 -> 0 | F42: =IF(E42<50,E42, " ") -> 0 | G42: =IF(E42<30,E42, " ") -> 0 | R42: =SUM(H42:Q42) -> 0 | S42: =R42/R$9*100 -> #DIV/0! | AL42: =SUM(T42:AK42) -> 0 | AM42: =AL42/AL$9*100 -> 0 | BI42: =SUM(AN42:BH42) -> 0 | BJ42: =BI42/BI$9*100 -> 0 | CF42: =SUM(BK42:BW42) -> 0 | CG42: =CF42/CF$9*100 -> 0 | CS42: =SUM(CH42:CR42) -> 0 | CT42: =CS42/CS$9*100 -> #DIV/0! | CV42: =(D42)/D$9*100 -> 0 | CW42: =SUM(R42+AL42+BI42+CF42+CS42+CU42) -> 0
A43: 34 | B43: 0827CI231034 | C43: DEVANG SHARMA | D43: =SUM(R43+AL43+BI43+CF43+CS43+CU43) -> 3 | E43: =(D43)/D$9*100 -> 33.333333 | F43: =IF(E43<50,E43, " ") -> 33.333333 | G43: =IF(E43<30,E43, " ") | R43: =SUM(H43:Q43) -> 0 | S43: =R43/R$9*100 -> #DIV/0! | AL43: =SUM(T43:AK43) -> 0 | AM43: =AL43/AL$9*100 -> 0 | BF43: 1 | BI43: =SUM(AN43:BH43) -> 1 | BJ43: =BI43/BI$9*100 -> 33.333333 | BM43: 1 | BR43: 1 | CF43: =SUM(BK43:BW43) -> 2 | CG43: =CF43/CF$9*100 -> 66.666667 | CS43: =SUM(CH43:CR43) -> 0 | CT43: =CS43/CS$9*100 -> #DIV/0! | CV43: =(D43)/D$9*100 -> 33.333333 | CW43: =SUM(R43+AL43+BI43+CF43+CS43+CU43) -> 3
A44: 35 | B44: 0827CI231035 | C44: DHEER PANCHAL | D44: =SUM(R44+AL44+BI44+CF44+CS44+CU44) -> 4 | E44: =(D44)/D$9*100 -> 44.444444 | F44: =IF(E44<50,E44, " ") -> 44.444444 | G44: =IF(E44<30,E44, " ") | R44: =SUM(H44:Q44) -> 0 | S44: =R44/R$9*100 -> #DIV/0! | X44: 1 | AL44: =SUM(T44:AK44) -> 1 | AM44: =AL44/AL$9*100 -> 33.333333 | BF44: 1 | BI44: =SUM(AN44:BH44) -> 1 | BJ44: =BI44/BI$9*100 -> 33.333333 | BM44: 1 | BR44: 1 | CF44: =SUM(BK44:BW44) -> 2 | CG44: =CF44/CF$9*100 -> 66.666667 | CS44: =SUM(CH44:CR44) -> 0 | CT44: =CS44/CS$9*100 -> #DIV/0! | CV44: =(D44)/D$9*100 -> 44.444444 | CW44: =SUM(R44+AL44+BI44+CF44+CS44+CU44) -> 4
A45: 36 | B45: 0827CI231036 | C45: DHERYA CHOUHAN | D45: =SUM(R45+AL45+BI45+CF45+CS45+CU45) -> 0 | E45: =(D45)/D$9*100 -> 0 | F45: =IF(E45<50,E45, " ") -> 0 | G45: =IF(E45<30,E45, " ") -> 0 | R45: =SUM(H45:Q45) -> 0 | S45: =R45/R$9*100 -> #DIV/0! | AL45: =SUM(T45:AK45) -> 0 | AM45: =AL45/AL$9*100 -> 0 | BI45: =SUM(AN45:BH45) -> 0 | BJ45: =BI45/BI$9*100 -> 0 | CF45: =SUM(BK45:BW45) -> 0 | CG45: =CF45/CF$9*100 -> 0 | CS45: =SUM(CH45:CR45) -> 0 | CT45: =CS45/CS$9*100 -> #DIV/0! | CV45: =(D45)/D$9*100 -> 0 | CW45: =SUM(R45+AL45+BI45+CF45+CS45+CU45) -> 0
