Workbook

Sheet 402
A1: CSITT-402
A2: Faculty Name: | C2: Dr. Asmita Rajawat
A3: Subject Name : | C3: Analog and Digital Communication
A4: Subject Code : | C4: CSIT-402
A5: Start Date | C5: 46104
A6: End Date
H7: 1 | I7: 2 | J7: 3 | K7: 4 | L7: 5 | O7: 1 | P7: 2 | Q7: 3 | R7: 4 | S7: 5 | T7: 6 | U7: 7 | V7: 8 | W7: 9 | X7: 10 | Y7: 11 | Z7: 12 | AA7: 13 | AB7: 14 | AC7: 15 | AD7: 16 | AE7: 17 | AF7: 18 | AG7: 19 | AH7: 20 | AI7: 21 | AL7: 1 | AM7: 2 | AN7: 3 | AO7: 4 | AP7: 5 | AQ7: 6 | AR7: 7 | AS7: 8 | AT7: 9 | AU7: 10 | AV7: 11 | AW7: 12 | AX7: 13 | AY7: 14 | AZ7: 15 | BA7: 16 | BB7: 17 | BC7: 18 | BD7: 19 | BE7: 20 | BF7: 21 | BI7: 1 | BJ7: 2 | BK7: 3 | BL7: 4 | BM7: 5 | BN7: 6 | BO7: 7 | BP7: 8 | BQ7: 9 | BR7: 10 | BS7: 11 | BT7: 12 | BU7: 13 | BV7: 14 | BW7: 15 | BX7: 16 | BY7: 17 | BZ7: 18 | CA7: 19 | CB7: 20 | CC7: 21 | CD7: 22 | CG7: 1 | CH7: 2 | CI7: 3 | CJ7: 4 | CK7: 5 | CL7: 6 | CM7: 7 | CN7: 8 | CO7: 9 | CP7: 10 | CQ7: 11 | CR7: 12 | CS7: 13 | CT7: 14 | CU7: 15 | CV7: 16 | CW7: 17 | CX7: 18 | CY7: 19
D8: Total Class | E8: OverAll Att. % | F8: Att. 50% | G8: Att. 30% | H8: 46104 | I8: 46105 | J8: 46106 | K8: 46107 | L8: 46111 | M8: MARCH CLASS | N8: MARCH% | O8: 46113 | P8: 46114 | Q8: 46115 | R8: 46118 | S8: 46119 | T8: 46120 | U8: 46121 | V8: 46122 | W8: 46125 | X8: 46127 | Y8: 46128 | Z8: 46129 | AA8: 46132 | AB8: 46133 | AC8: 46134 | AD8: 46135 | AE8: 46136 | AF8: 46139 | AG8: 46140 | AH8: 46141 | AI8: 46142 | AJ8: APRIL CLASS | AK8: APRIL% | AL8: 46143 | AM8: 46146 | AN8: 46147 | AO8: 46148 | AP8: 46149 | AQ8: 46150 | AR8: 46153 | AS8: 46154 | AT8: 46155 | AU8: 46156 | AV8: 46157 | AW8: 46160 | AX8: 46161 | AY8: 46162 | AZ8: 46163 | BA8: 46164 | BB8: 46167 | BC8: 46168 | BD8: 46169 | BE8: 46170 | BF8: 46171 | BG8: MAY CLASS | BH8: MAY % | BI8: 46174 | BJ8: 46175 | BK8: 46176 | BL8: 46177 | BM8: 46178 | BN8: 46181 | BO8: 46182 | BP8: 46183 | BQ8: 46184 | BR8: 46185 | BS8: 46188 | BT8: 46189 | BU8: 46190 | BV8: 46191 | BW8: 46192 | BX8: 46195 | BY8: 46196 | BZ8: 46197 | CA8: 46198 | CB8: 46199 | CC8: 46202 | CD8: 46203 | CE8: JUNE CLASS | CF8: JUNE% | CG8: 46204 | CH8: 46205 | CI8: 46205 | CJ8: 46206 | CK8: 46223 | CZ8: JULY CLASS | DA8: JULY% | DP8: JAN CLASS | DQ8: JAN %
A9: s.no. | B9: Enrollment NO. | C9: Student Name | D9: =SUM(M9+AJ9+BG9+CE9+CZ9) -> 36 | H9: =SUM(H10:H94) -> 0 | I9: =SUM(I10:I94) -> 0 | J9: =SUM(J10:J94) -> 0 | K9: =SUM(K10:K94) -> 0 | L9: =SUM(L10:L94) -> 0 | M9: =COUNTIF(H9:L9,">0") -> 0 | N9: =COUNTIF(H9:L9,">0") -> 0 | O9: =SUM(O10:O94) -> 0 | P9: =SUM(P10:P94) -> 0 | Q9: =SUM(Q10:Q94) -> 0 | R9: =SUM(R10:R94) -> 0 | S9: =SUM(S10:S94) -> 0 | T9: =SUM(T10:T94) -> 0 | U9: =SUM(U10:U94) -> 0 | V9: =SUM(V10:V94) -> 0 | ... AI9: =SUM(AI10:AI94) -> 36 | AJ9: =COUNTIF(O9:AI9,">0") -> 10 | AK9: =SUM(M9+AJ9) -> 10 | AL9: =SUM(AL10:AL94) -> 0 | AM9: =SUM(AM10:AM94) -> 36 | AN9: =SUM(AN10:AN94) -> 45 | AO9: =SUM(AO10:AO94) -> 42 | AP9: =SUM(AP10:AP94) -> 35 | AQ9: =SUM(AQ10:AQ94) -> 0 | AR9: =SUM(AR10:AR94) -> 25 | AS9: =SUM(AS10:AS94) -> 42 | ... BF9: =SUM(BF10:BF94) -> 0 | BG9: =COUNTIF(AL9:BF9,">0") -> 12 | BH9: =SUM(AK9+BG9) -> 22 | BI9: =SUM(BI10:BI94) -> 24 | BJ9: =SUM(BJ10:BJ94) -> 36 | BK9: =SUM(BK10:BK94) -> 0 | BL9: =SUM(BL10:BL94) -> 24 | BM9: =SUM(BM10:BM94) -> 0 | BN9: =SUM(BN10:BN94) -> 0 | BO9: =SUM(BO10:BO94) -> 40 | BP9: =SUM(BP10:BP94) -> 0 | ... CD9: =SUM(CD10:CD94) -> 33 | CE9: =COUNTIF(BI9:CD9,">0") -> 9 | CF9: =SUM(BH9+CE9) -> 31 | CG9: =SUM(CG10:CG94) -> 46 | CH9: =SUM(CH10:CH94) -> 15 | CI9: =SUM(CI10:CI94) -> 15 | CJ9: =SUM(CJ10:CJ94) -> 25 | CK9: =SUM(CK10:CK94) -> 10 | CL9: =SUM(CL10:CL94) -> 0 | CM9: =SUM(CM10:CM94) -> 0 | CN9: =SUM(CN10:CN94) -> 0 | ... CY9: =SUM(CY10:CY94) -> 0 | CZ9: =COUNTIF(CG9:CQ9,">0") -> 5 | DA9: =SUM(CF9+CZ9) -> 36 | DB9: =SUM(DB10:DB94) -> 0 | DC9: =SUM(DC10:DC94) -> 0 | DD9: =SUM(DD10:DD94) -> 0 | DE9: =SUM(DE10:DE94) -> 0 | DF9: =SUM(DF10:DF94) -> 0 | DG9: =SUM(DG10:DG94) -> 0 | DH9: =SUM(DH10:DH94) -> 0 | DI9: =SUM(DI10:DI94) -> 0 | ... DO9: =SUM(DO10:DO94) -> 0 | DP9: =COUNTIF(DB9:DO9,">0") -> 0 | DQ9: =SUM(CV9+DP9) -> 0
A10: 1 | B10: 0827CI241083 | C10: PARMEET KEVAT | D10: =SUM(M10+AJ10+BG10+CE10+CZ10) -> 23 | E10: =(D10)/D$9*100 -> 63.888889 | F10: =IF(E10<50,E10, " ") | G10: =IF(E10<30,E10, " ") | M10: =SUM(H10:L10) -> 0 | N10: =M10/M$9*100 -> #DIV/0! | W10: 1 | X10: 1 | Y10: 1 | AB10: 1 | AC10: 1 | AD10: 1 | AF10: 1 | AG10: 1 | AH10: 1 | AI10: 1 | AJ10: =SUM(O10:AI10) -> 10 | AK10: =AJ10/AJ$9*100 -> 100 | AM10: 1 | AN10: 1 | AO10: 1 | AP10: 1 | AR10: 1 | AY10: 1 | AZ10: 1 | BD10: 1 | BG10: =SUM(AL10:BF10) -> 8 | BH10: =BG10/BG$9*100 -> 66.666667 | BI10: 1 | BJ10: 1 | BL10: 1 | BO10: 1 | BS10: 1 | CE10: =SUM(BI10:CD10) -> 5 | CF10: =CE10/CE$9*100 -> 55.555556 | CZ10: =SUM(CG10:CQ10) -> 0 | DA10: =CZ10/CZ$9*100 -> 0 | DP10: =SUM(DB10:DO10) -> 0 | DQ10: =DP10/DP$9*100 -> #DIV/0!
A11: 2 | B11: 0827CI241084 | C11: PARTH SHARMA | D11: =SUM(M11+AJ11+BG11+CE11+CZ11) -> 21 | E11: =(D11)/D$9*100 -> 58.333333 | F11: =IF(E11<50,E11, " ") | G11: =IF(E11<30,E11, " ") | M11: =SUM(H11:L11) -> 0 | N11: =M11/M$9*100 -> #DIV/0! | X11: 1 | Y11: 1 | AB11: 1 | AC11: 1 | AD11: 1 | AF11: 1 | AG11: 1 | AI11: 1 | AJ11: =SUM(O11:AI11) -> 8 | AK11: =AJ11/AJ$9*100 -> 80 | AM11: 1 | AN11: 1 | AO11: 1 | AP11: 1 | AR11: 1 | AS11: 1 | AY11: 1 | AZ11: 1 | BD11: 1 | BG11: =SUM(AL11:BF11) -> 9 | BH11: =BG11/BG$9*100 -> 75 | BJ11: 1 | BO11: 1 | BT11: 1 | CE11: =SUM(BI11:CD11) -> 3 | CF11: =CE11/CE$9*100 -> 33.333333 | CG11: 1 | CZ11: =SUM(CG11:CQ11) -> 1 | DA11: =CZ11/CZ$9*100 -> 20 | DP11: =SUM(DB11:DO11) -> 0 | DQ11: =DP11/DP$9*100 -> #DIV/0!
A12: 3 | B12: 0827CI241085 | C12: PARTH SHARMA | D12: =SUM(M12+AJ12+BG12+CE12+CZ12) -> 0 | E12: =(D12)/D$9*100 -> 0 | F12: =IF(E12<50,E12, " ") -> 0 | G12: =IF(E12<30,E12, " ") -> 0 | M12: =SUM(H12:L12) -> 0 | N12: =M12/M$9*100 -> #DIV/0! | AJ12: =SUM(O12:AI12) -> 0 | AK12: =AJ12/AJ$9*100 -> 0 | BG12: =SUM(AL12:BF12) -> 0 | BH12: =BG12/BG$9*100 -> 0 | CE12: =SUM(BI12:CD12) -> 0 | CF12: =CE12/CE$9*100 -> 0 | CZ12: =SUM(CG12:CQ12) -> 0 | DA12: =CZ12/CZ$9*100 -> 0 | DP12: =SUM(DB12:DO12) -> 0 | DQ12: =DP12/DP$9*100 -> #DIV/0!
A13: 4 | B13: 0827CI241086 | C13: PARUL DEVKAR | D13: =SUM(M13+AJ13+BG13+CE13+CZ13) -> 0 | E13: =(D13)/D$9*100 -> 0 | F13: =IF(E13<50,E13, " ") -> 0 | G13: =IF(E13<30,E13, " ") -> 0 | M13: =SUM(H13:L13) -> 0 | N13: =M13/M$9*100 -> #DIV/0! | AJ13: =SUM(O13:AI13) -> 0 | AK13: =AJ13/AJ$9*100 -> 0 | BG13: =SUM(AL13:BF13) -> 0 | BH13: =BG13/BG$9*100 -> 0 | CE13: =SUM(BI13:CD13) -> 0 | CF13: =CE13/CE$9*100 -> 0 | CZ13: =SUM(CG13:CQ13) -> 0 | DA13: =CZ13/CZ$9*100 -> 0 | DP13: =SUM(DB13:DO13) -> 0 | DQ13: =DP13/DP$9*100 -> #DIV/0!
A14: 5 | B14: 0827CI241087 | C14: PAVNI SONER | D14: =SUM(M14+AJ14+BG14+CE14+CZ14) -> 16 | E14: =(D14)/D$9*100 -> 44.444444 | F14: =IF(E14<50,E14, " ") -> 44.444444 | G14: =IF(E14<30,E14, " ") | M14: =SUM(H14:L14) -> 0 | N14: =M14/M$9*100 -> #DIV/0! | X14: 1 | Y14: 1 | AB14: 1 | AG14: 1 | AH14: 1 | AJ14: =SUM(O14:AI14) -> 5 | AK14: =AJ14/AJ$9*100 -> 50 | AM14: 1 | AN14: 1 | AO14: 1 | AR14: 1 | AY14: 1 | AZ14: 1 | BG14: =SUM(AL14:BF14) -> 6 | BH14: =BG14/BG$9*100 -> 50 | BI14: 1 | CD14: 1 | CE14: =SUM(BI14:CD14) -> 2 | CF14: =CE14/CE$9*100 -> 22.222222 | CG14: 1 | CH14: 1 | CI14: 1 | CZ14: =SUM(CG14:CQ14) -> 3 | DA14: =CZ14/CZ$9*100 -> 60 | DP14: =SUM(DB14:DO14) -> 0 | DQ14: =DP14/DP$9*100 -> #DIV/0!
A15: 6 | B15: 0827CI241088 | C15: PIYUSH MANDLOI | D15: =SUM(M15+AJ15+BG15+CE15+CZ15) -> 18 | E15: =(D15)/D$9*100 -> 50 | F15: =IF(E15<50,E15, " ") | G15: =IF(E15<30,E15, " ") | M15: =SUM(H15:L15) -> 0 | N15: =M15/M$9*100 -> #DIV/0! | Y15: 1 | AD15: 1 | AG15: 1 | AH15: 1 | AI15: 1 | AJ15: =SUM(O15:AI15) -> 5 | AK15: =AJ15/AJ$9*100 -> 50 | AM15: 1 | AN15: 1 | AO15: 1 | AS15: 1 | AY15: 1 | AZ15: 1 | BG15: =SUM(AL15:BF15) -> 6 | BH15: =BG15/BG$9*100 -> 50 | BL15: 1 | BT15: 1 | CC15: 1 | CE15: =SUM(BI15:CD15) -> 3 | CF15: =CE15/CE$9*100 -> 33.333333 | CG15: 1 | CH15: 1 | CI15: 1 | CJ15: 1 | CZ15: =SUM(CG15:CQ15) -> 4 | DA15: =CZ15/CZ$9*100 -> 80 | DP15: =SUM(DB15:DO15) -> 0 | DQ15: =DP15/DP$9*100 -> #DIV/0!
A16: 7 | B16: 0827CI241089 | C16: PRAGATI VERMA | D16: =SUM(M16+AJ16+BG16+CE16+CZ16) -> 4 | E16: =(D16)/D$9*100 -> 11.111111 | F16: =IF(E16<50,E16, " ") -> 11.111111 | G16: =IF(E16<30,E16, " ") -> 11.111111 | M16: =SUM(H16:L16) -> 0 | N16: =M16/M$9*100 -> #DIV/0! | AC16: 1 | AD16: 1 | AH16: 1 | AJ16: =SUM(O16:AI16) -> 3 | AK16: =AJ16/AJ$9*100 -> 30 | BG16: =SUM(AL16:BF16) -> 0 | BH16: =BG16/BG$9*100 -> 0 | BO16: 1 | CE16: =SUM(BI16:CD16) -> 1 | CF16: =CE16/CE$9*100 -> 11.111111 | CZ16: =SUM(CG16:CQ16) -> 0 | DA16: =CZ16/CZ$9*100 -> 0 | DP16: =SUM(DB16:DO16) -> 0 | DQ16: =DP16/DP$9*100 -> #DIV/0!
A17: 8 | B17: 0827CI241090 | C17: PRANAL PATEL | D17: =SUM(M17+AJ17+BG17+CE17+CZ17) -> 6 | E17: =(D17)/D$9*100 -> 16.666667 | F17: =IF(E17<50,E17, " ") -> 16.666667 | G17: =IF(E17<30,E17, " ") -> 16.666667 | M17: =SUM(H17:L17) -> 0 | N17: =M17/M$9*100 -> #DIV/0! | AD17: 1 | AI17: 1 | AJ17: =SUM(O17:AI17) -> 2 | AK17: =AJ17/AJ$9*100 -> 20 | AP17: 1 | AY17: 1 | AZ17: 1 | BG17: =SUM(AL17:BF17) -> 3 | BH17: =BG17/BG$9*100 -> 25 | BL17: 1 | CE17: =SUM(BI17:CD17) -> 1 | CF17: =CE17/CE$9*100 -> 11.111111 | CZ17: =SUM(CG17:CQ17) -> 0 | DA17: =CZ17/CZ$9*100 -> 0 | DP17: =SUM(DB17:DO17) -> 0 | DQ17: =DP17/DP$9*100 -> #DIV/0!
A18: 9 | B18: 0827CI241091 | C18: PRANIT GURVE | D18: =SUM(M18+AJ18+BG18+CE18+CZ18) -> 21 | E18: =(D18)/D$9*100 -> 58.333333 | F18: =IF(E18<50,E18, " ") | G18: =IF(E18<30,E18, " ") | M18: =SUM(H18:L18) -> 0 | N18: =M18/M$9*100 -> #DIV/0! | W18: 1 | X18: 1 | Y18: 1 | AG18: 1 | AH18: 1 | AI18: 1 | AJ18: =SUM(O18:AI18) -> 6 | AK18: =AJ18/AJ$9*100 -> 60 | AN18: 1 | AO18: 1 | AP18: 1 | AS18: 1 | AY18: 1 | AZ18: 1 | BD18: 1 | BG18: =SUM(AL18:BF18) -> 7 | BH18: =BG18/BG$9*100 -> 58.333333 | BI18: 1 | BJ18: 1 | BT18: 1 | BX18: 1 | CD18: 1 | CE18: =SUM(BI18:CD18) -> 5 | CF18: =CE18/CE$9*100 -> 55.555556 | CG18: 1 | CH18: 1 | CJ18: 1 | CZ18: =SUM(CG18:CQ18) -> 3 | DA18: =CZ18/CZ$9*100 -> 60 | DP18: =SUM(DB18:DO18) -> 0 | DQ18: =DP18/DP$9*100 -> #DIV/0!
A19: 10 | B19: 0827CI241092 | C19: PRANSHU KUMAWAT | D19: =SUM(M19+AJ19+BG19+CE19+CZ19) -> 7 | E19: =(D19)/D$9*100 -> 19.444444 | F19: =IF(E19<50,E19, " ") -> 19.444444 | G19: =IF(E19<30,E19, " ") -> 19.444444 | M19: =SUM(H19:L19) -> 0 | N19: =M19/M$9*100 -> #DIV/0! | AF19: 1 | AG19: 1 | AH19: 1 | AI19: 1 | AJ19: =SUM(O19:AI19) -> 4 | AK19: =AJ19/AJ$9*100 -> 40 | AN19: 1 | AO19: 1 | AS19: 1 | BG19: =SUM(AL19:BF19) -> 3 | BH19: =BG19/BG$9*100 -> 25 | CE19: =SUM(BI19:CD19) -> 0 | CF19: =CE19/CE$9*100 -> 0 | CZ19: =SUM(CG19:CQ19) -> 0 | DA19: =CZ19/CZ$9*100 -> 0 | DP19: =SUM(DB19:DO19) -> 0 | DQ19: =DP19/DP$9*100 -> #DIV/0!
A20: 11 | B20: 0827CI241093 | C20: PRASHAM JAIN | D20: =SUM(M20+AJ20+BG20+CE20+CZ20) -> 26 | E20: =(D20)/D$9*100 -> 72.222222 | F20: =IF(E20<50,E20, " ") | G20: =IF(E20<30,E20, " ") | M20: =SUM(H20:L20) -> 0 | N20: =M20/M$9*100 -> #DIV/0! | W20: 1 | X20: 1 | Y20: 1 | AB20: 1 | AC20: 1 | AD20: 1 | AF20: 1 | AG20: 1 | AH20: 1 | AJ20: =SUM(O20:AI20) -> 9 | AK20: =AJ20/AJ$9*100 -> 90 | AM20: 1 | AN20: 1 | AO20: 1 | AP20: 1 | AS20: 1 | AY20: 1 | AZ20: 1 | BB20: 1 | BD20: 1 | BG20: =SUM(AL20:BF20) -> 9 | BH20: =BG20/BG$9*100 -> 75 | BI20: 1 | BJ20: 1 | BO20: 1 | BS20: 1 | BT20: 1 | BX20: 1 | CE20: =SUM(BI20:CD20) -> 6 | CF20: =CE20/CE$9*100 -> 66.666667 | CG20: 1 | CJ20: 1 | CZ20: =SUM(CG20:CQ20) -> 2 | DA20: =CZ20/CZ$9*100 -> 40 | DP20: =SUM(DB20:DO20) -> 0 | DQ20: =DP20/DP$9*100 -> #DIV/0!
A21: 12 | B21: 0827CI241094 | C21: PRATHAM BHAWSAR | D21: =SUM(M21+AJ21+BG21+CE21+CZ21) -> 26 | E21: =(D21)/D$9*100 -> 72.222222 | F21: =IF(E21<50,E21, " ") | G21: =IF(E21<30,E21, " ") | M21: =SUM(H21:L21) -> 0 | N21: =M21/M$9*100 -> #DIV/0! | W21: 1 | X21: 1 | Y21: 1 | AB21: 1 | AC21: 1 | AD21: 1 | AF21: 1 | AG21: 1 | AH21: 1 | AI21: 1 | AJ21: =SUM(O21:AI21) -> 10 | AK21: =AJ21/AJ$9*100 -> 100 | AN21: 1 | AO21: 1 | AP21: 1 | AS21: 1 | AU21: 1 | AY21: 1 | AZ21: 1 | BB21: 1 | BD21: 1 | BG21: =SUM(AL21:BF21) -> 9 | BH21: =BG21/BG$9*100 -> 75 | BJ21: 1 | BL21: 1 | BO21: 1 | BS21: 1 | BT21: 1 | CE21: =SUM(BI21:CD21) -> 5 | CF21: =CE21/CE$9*100 -> 55.555556 | CG21: 1 | CJ21: 1 | CZ21: =SUM(CG21:CQ21) -> 2 | DA21: =CZ21/CZ$9*100 -> 40 | DP21: =SUM(DB21:DO21) -> 0 | DQ21: =DP21/DP$9*100 -> #DIV/0!
A22: 13 | B22: 0827CI241095 | C22: PRATHAM BORDE | D22: =SUM(M22+AJ22+BG22+CE22+CZ22) -> 19 | E22: =(D22)/D$9*100 -> 52.777778 | F22: =IF(E22<50,E22, " ") | G22: =IF(E22<30,E22, " ") | M22: =SUM(H22:L22) -> 0 | N22: =M22/M$9*100 -> #DIV/0! | W22: 1 | X22: 1 | Y22: 1 | AD22: 1 | AF22: 1 | AG22: 1 | AH22: 1 | AJ22: =SUM(O22:AI22) -> 7 | AK22: =AJ22/AJ$9*100 -> 70 | AM22: 1 | AN22: 1 | AU22: 1 | AY22: 1 | AZ22: 1 | BE22: 1 | BG22: =SUM(AL22:BF22) -> 6 | BH22: =BG22/BG$9*100 -> 50 | BJ22: 1 | BL22: 1 | BO22: 1 | BS22: 1 | BT22: 1 | CD22: 1 | CE22: =SUM(BI22:CD22) -> 6 | CF22: =CE22/CE$9*100 -> 66.666667 | CZ22: =SUM(CG22:CQ22) -> 0 | DA22: =CZ22/CZ$9*100 -> 0 | DP22: =SUM(DB22:DO22) -> 0 | DQ22: =DP22/DP$9*100 -> #DIV/0!
A23: 14 | B23: 0827CI241096 | C23: PRATHAM KARANKAR | D23: =SUM(M23+AJ23+BG23+CE23+CZ23) -> 17 | E23: =(D23)/D$9*100 -> 47.222222 | F23: =IF(E23<50,E23, " ") -> 47.222222 | G23: =IF(E23<30,E23, " ") | M23: =SUM(H23:L23) -> 0 | N23: =M23/M$9*100 -> #DIV/0! | AB23: 1 | AC23: 1 | AG23: 1 | AH23: 1 | AI23: 1 | AJ23: =SUM(O23:AI23) -> 5 | AK23: =AJ23/AJ$9*100 -> 50 | AM23: 1 | AN23: 1 | AO23: 1 | AP23: 1 | AR23: 1 | AY23: 1 | AZ23: 1 | BD23: 1 | BG23: =SUM(AL23:BF23) -> 8 | BH23: =BG23/BG$9*100 -> 66.666667 | BO23: 1 | CE23: =SUM(BI23:CD23) -> 1 | CF23: =CE23/CE$9*100 -> 11.111111 | CG23: 1 | CH23: 1 | CI23: 1 | CZ23: =SUM(CG23:CQ23) -> 3 | DA23: =CZ23/CZ$9*100 -> 60 | DP23: =SUM(DB23:DO23) -> 0 | DQ23: =DP23/DP$9*100 -> #DIV/0!
A24: 15 | B24: 0827CI241097 | C24: PRATHMESH MANDLOI | D24: =SUM(M24+AJ24+BG24+CE24+CZ24) -> 20 | E24: =(D24)/D$9*100 -> 55.555556 | F24: =IF(E24<50,E24, " ") | G24: =IF(E24<30,E24, " ") | M24: =SUM(H24:L24) -> 0 | N24: =M24/M$9*100 -> #DIV/0! | W24: 1 | X24: 1 | Y24: 1 | AC24: 1 | AD24: 1 | AF24: 1 | AG24: 1 | AH24: 1 | AJ24: =SUM(O24:AI24) -> 8 | AK24: =AJ24/AJ$9*100 -> 80 | AM24: 1 | AO24: 1 | AP24: 1 | AR24: 1 | AY24: 1 | AZ24: 1 | BG24: =SUM(AL24:BF24) -> 6 | BH24: =BG24/BG$9*100 -> 50 | BJ24: 1 | BO24: 1 | BS24: 1 | BT24: 1 | CD24: 1 | CE24: =SUM(BI24:CD24) -> 5 | CF24: =CE24/CE$9*100 -> 55.555556 | CG24: 1 | CZ24: =SUM(CG24:CQ24) -> 1 | DA24: =CZ24/CZ$9*100 -> 20 | DP24: =SUM(DB24:DO24) -> 0 | DQ24: =DP24/DP$9*100 -> #DIV/0!
A25: 16 | B25: 0827CI241098 | C25: PRATIKSHA KUMAWAT | D25: =SUM(M25+AJ25+BG25+CE25+CZ25) -> 17 | E25: =(D25)/D$9*100 -> 47.222222 | F25: =IF(E25<50,E25, " ") -> 47.222222 | G25: =IF(E25<30,E25, " ") | M25: =SUM(H25:L25) -> 0 | N25: =M25/M$9*100 -> #DIV/0! | W25: 1 | Y25: 1 | AB25: 1 | AJ25: =SUM(O25:AI25) -> 3 | AK25: =AJ25/AJ$9*100 -> 30 | AM25: 1 | AN25: 1 | AO25: 1 | AR25: 1 | AU25: 1 | AY25: 1 | AZ25: 1 | BG25: =SUM(AL25:BF25) -> 7 | BH25: =BG25/BG$9*100 -> 58.333333 | BI25: 1 | BO25: 1 | BT25: 1 | CD25: 1 | CE25: =SUM(BI25:CD25) -> 4 | CF25: =CE25/CE$9*100 -> 44.444444 | CG25: 1 | CH25: 1 | CI25: 1 | CZ25: =SUM(CG25:CQ25) -> 3 | DA25: =CZ25/CZ$9*100 -> 60 | DP25: =SUM(DB25:DO25) -> 0 | DQ25: =DP25/DP$9*100 -> #DIV/0!
A26: 17 | B26: 0827CI241099 | C26: PRAYATI BABULGAONKAR | D26: =SUM(M26+AJ26+BG26+CE26+CZ26) -> 21 | E26: =(D26)/D$9*100 -> 58.333333 | F26: =IF(E26<50,E26, " ") | G26: =IF(E26<30,E26, " ") | M26: =SUM(H26:L26) -> 0 | N26: =M26/M$9*100 -> #DIV/0! | W26: 1 | X26: 1 | Y26: 1 | AB26: 1 | AC26: 1 | AF26: 1 | AG26: 1 | AI26: 1 | AJ26: =SUM(O26:AI26) -> 8 | AK26: =AJ26/AJ$9*100 -> 80 | AM26: 1 | AN26: 1 | AO26: 1 | AY26: 1 | AZ26: 1 | BB26: 1 | BG26: =SUM(AL26:BF26) -> 6 | BH26: =BG26/BG$9*100 -> 50 | BI26: 1 | BO26: 1 | BS26: 1 | BT26: 1 | BX26: 1 | CE26: =SUM(BI26:CD26) -> 5 | CF26: =CE26/CE$9*100 -> 55.555556 | CG26: 1 | CJ26: 1 | CZ26: =SUM(CG26:CQ26) -> 2 | DA26: =CZ26/CZ$9*100 -> 40 | DP26: =SUM(DB26:DO26) -> 0 | DQ26: =DP26/DP$9*100 -> #DIV/0!
A27: 18 | B27: 0827CI241100 | C27: PRIYANKA SAWARKAR | D27: =SUM(M27+AJ27+BG27+CE27+CZ27) -> 16 | E27: =(D27)/D$9*100 -> 44.444444 | F27: =IF(E27<50,E27, " ") -> 44.444444 | G27: =IF(E27<30,E27, " ") | M27: =SUM(H27:L27) -> 0 | N27: =M27/M$9*100 -> #DIV/0! | W27: 1 | X27: 1 | Y27: 1 | AC27: 1 | AF27: 1 | AG27: 1 | AI27: 1 | AJ27: =SUM(O27:AI27) -> 7 | AK27: =AJ27/AJ$9*100 -> 70 | AY27: 1 | AZ27: 1 | BB27: 1 | BG27: =SUM(AL27:BF27) -> 3 | BH27: =BG27/BG$9*100 -> 25 | BI27: 1 | BS27: 1 | BT27: 1 | BX27: 1 | CE27: =SUM(BI27:CD27) -> 4 | CF27: =CE27/CE$9*100 -> 44.444444 | CG27: 1 | CJ27: 1 | CZ27: =SUM(CG27:CQ27) -> 2 | DA27: =CZ27/CZ$9*100 -> 40 | DP27: =SUM(DB27:DO27) -> 0 | DQ27: =DP27/DP$9*100 -> #DIV/0!
A28: 19 | B28: 0827CI241101 | C28: RACHCHU JAISWAL | D28: =SUM(M28+AJ28+BG28+CE28+CZ28) -> 14 | E28: =(D28)/D$9*100 -> 38.888889 | F28: =IF(E28<50,E28, " ") -> 38.888889 | G28: =IF(E28<30,E28, " ") | M28: =SUM(H28:L28) -> 0 | N28: =M28/M$9*100 -> #DIV/0! | AB28: 1 | AF28: 1 | AG28: 1 | AI28: 1 | AJ28: =SUM(O28:AI28) -> 4 | AK28: =AJ28/AJ$9*100 -> 40 | AM28: 1 | AN28: 1 | AP28: 1 | AS28: 1 | BG28: =SUM(AL28:BF28) -> 4 | BH28: =BG28/BG$9*100 -> 33.333333 | BO28: 1 | BS28: 1 | BT28: 1 | BX28: 1 | CC28: 1 | CD28: 1 | CE28: =SUM(BI28:CD28) -> 6 | CF28: =CE28/CE$9*100 -> 66.666667 | CZ28: =SUM(CG28:CQ28) -> 0 | DA28: =CZ28/CZ$9*100 -> 0 | DP28: =SUM(DB28:DO28) -> 0 | DQ28: =DP28/DP$9*100 -> #DIV/0!
A29: 20 | B29: 0827CI241102 | C29: RAJ KUSHWAH | D29: =SUM(M29+AJ29+BG29+CE29+CZ29) -> 4 | E29: =(D29)/D$9*100 -> 11.111111 | F29: =IF(E29<50,E29, " ") -> 11.111111 | G29: =IF(E29<30,E29, " ") -> 11.111111 | M29: =SUM(H29:L29) -> 0 | N29: =M29/M$9*100 -> #DIV/0! | AD29: 1 | AJ29: =SUM(O29:AI29) -> 1 | AK29: =AJ29/AJ$9*100 -> 10 | AY29: 1 | AZ29: 1 | BG29: =SUM(AL29:BF29) -> 2 | BH29: =BG29/BG$9*100 -> 16.666667 | BL29: 1 | CE29: =SUM(BI29:CD29) -> 1 | CF29: =CE29/CE$9*100 -> 11.111111 | CZ29: =SUM(CG29:CQ29) -> 0 | DA29: =CZ29/CZ$9*100 -> 0 | DP29: =SUM(DB29:DO29) -> 0 | DQ29: =DP29/DP$9*100 -> #DIV/0!
A30: 21 | B30: 0827CI241103 | C30: RAJVEER MISTRI | D30: =SUM(M30+AJ30+BG30+CE30+CZ30) -> 20 | E30: =(D30)/D$9*100 -> 55.555556 | F30: =IF(E30<50,E30, " ") | G30: =IF(E30<30,E30, " ") | M30: =SUM(H30:L30) -> 0 | N30: =M30/M$9*100 -> #DIV/0! | Y30: 1 | AC30: 1 | AD30: 1 | AF30: 1 | AG30: 1 | AH30: 1 | AI30: 1 | AJ30: =SUM(O30:AI30) -> 7 | AK30: =AJ30/AJ$9*100 -> 70 | AM30: 1 | AN30: 1 | AO30: 1 | AP30: 1 | AR30: 1 | AS30: 1 | AY30: 1 | AZ30: 1 | BG30: =SUM(AL30:BF30) -> 8 | BH30: =BG30/BG$9*100 -> 66.666667 | BJ30: 1 | BL30: 1 | BO30: 1 | BT30: 1 | CE30: =SUM(BI30:CD30) -> 4 | CF30: =CE30/CE$9*100 -> 44.444444 | CG30: 1 | CZ30: =SUM(CG30:CQ30) -> 1 | DA30: =CZ30/CZ$9*100 -> 20 | DP30: =SUM(DB30:DO30) -> 0 | DQ30: =DP30/DP$9*100 -> #DIV/0!
A31: 22 | B31: 0827CI241104 | C31: REHAN SHAIKH | D31: =SUM(M31+AJ31+BG31+CE31+CZ31) -> 0 | E31: =(D31)/D$9*100 -> 0 | F31: =IF(E31<50,E31, " ") -> 0 | G31: =IF(E31<30,E31, " ") -> 0 | M31: =SUM(H31:L31) -> 0 | N31: =M31/M$9*100 -> #DIV/0! | AJ31: =SUM(O31:AI31) -> 0 | AK31: =AJ31/AJ$9*100 -> 0 | BG31: =SUM(AL31:BF31) -> 0 | BH31: =BG31/BG$9*100 -> 0 | CE31: =SUM(BI31:CD31) -> 0 | CF31: =CE31/CE$9*100 -> 0 | CZ31: =SUM(CG31:CQ31) -> 0 | DA31: =CZ31/CZ$9*100 -> 0 | DP31: =SUM(DB31:DO31) -> 0 | DQ31: =DP31/DP$9*100 -> #DIV/0!
A32: 23 | B32: 0827CI241105 | C32: RHYTHM MAHAJAN | D32: =SUM(M32+AJ32+BG32+CE32+CZ32) -> 22 | E32: =(D32)/D$9*100 -> 61.111111 | F32: =IF(E32<50,E32, " ") | G32: =IF(E32<30,E32, " ") | M32: =SUM(H32:L32) -> 0 | N32: =M32/M$9*100 -> #DIV/0! | W32: 1 | X32: 1 | Y32: 1 | AB32: 1 | AC32: 1 | AF32: 1 | AG32: 1 | AH32: 1 | AJ32: =SUM(O32:AI32) -> 8 | AK32: =AJ32/AJ$9*100 -> 80 | AM32: 1 | AN32: 1 | AO32: 1 | AR32: 1 | AS32: 1 | AY32: 1 | AZ32: 1 | BB32: 1 | BD32: 1 | BG32: =SUM(AL32:BF32) -> 9 | BH32: =BG32/BG$9*100 -> 75 | BO32: 1 | BS32: 1 | BT32: 1 | CE32: =SUM(BI32:CD32) -> 3 | CF32: =CE32/CE$9*100 -> 33.333333 | CG32: 1 | CJ32: 1 | CZ32: =SUM(CG32:CQ32) -> 2 | DA32: =CZ32/CZ$9*100 -> 40 | DP32: =SUM(DB32:DO32) -> 0 | DQ32: =DP32/DP$9*100 -> #DIV/0!
A33: 24 | B33: 0827CI241106 | C33: RIMJHIM RAWAL | D33: =SUM(M33+AJ33+BG33+CE33+CZ33) -> 19 | E33: =(D33)/D$9*100 -> 52.777778 | F33: =IF(E33<50,E33, " ") | G33: =IF(E33<30,E33, " ") | M33: =SUM(H33:L33) -> 0 | N33: =M33/M$9*100 -> #DIV/0! | X33: 1 | Y33: 1 | AC33: 1 | AF33: 1 | AG33: 1 | AH33: 1 | AJ33: =SUM(O33:AI33) -> 6 | AK33: =AJ33/AJ$9*100 -> 60 | AM33: 1 | AN33: 1 | AO33: 1 | AR33: 1 | AS33: 1 | AY33: 1 | AZ33: 1 | BD33: 1 | BG33: =SUM(AL33:BF33) -> 8 | BH33: =BG33/BG$9*100 -> 66.666667 | BI33: 1 | BS33: 1 | BT33: 1 | CE33: =SUM(BI33:CD33) -> 3 | CF33: =CE33/CE$9*100 -> 33.333333 | CG33: 1 | CJ33: 1 | CZ33: =SUM(CG33:CQ33) -> 2 | DA33: =CZ33/CZ$9*100 -> 40 | DP33: =SUM(DB33:DO33) -> 0 | DQ33: =DP33/DP$9*100 -> #DIV/0!
A34: 25 | B34: 0827CI241107 | C34: RISHABH PACHLASIYA | D34: =SUM(M34+AJ34+BG34+CE34+CZ34) -> 0 | E34: =(D34)/D$9*100 -> 0 | F34: =IF(E34<50,E34, " ") -> 0 | G34: =IF(E34<30,E34, " ") -> 0 | M34: =SUM(H34:L34) -> 0 | N34: =M34/M$9*100 -> #DIV/0! | AJ34: =SUM(O34:AI34) -> 0 | AK34: =AJ34/AJ$9*100 -> 0 | BG34: =SUM(AL34:BF34) -> 0 | BH34: =BG34/BG$9*100 -> 0 | CE34: =SUM(BI34:CD34) -> 0 | CF34: =CE34/CE$9*100 -> 0 | CZ34: =SUM(CG34:CQ34) -> 0 | DA34: =CZ34/CZ$9*100 -> 0 | DP34: =SUM(DB34:DO34) -> 0 | DQ34: =DP34/DP$9*100 -> #DIV/0!
A35: 26 | B35: 0827CI241108 | C35: RISHIKA CHOUHAN | D35: =SUM(M35+AJ35+BG35+CE35+CZ35) -> 12 | E35: =(D35)/D$9*100 -> 33.333333 | F35: =IF(E35<50,E35, " ") -> 33.333333 | G35: =IF(E35<30,E35, " ") | M35: =SUM(H35:L35) -> 0 | N35: =M35/M$9*100 -> #DIV/0! | AD35: 1 | AJ35: =SUM(O35:AI35) -> 1 | AK35: =AJ35/AJ$9*100 -> 10 | AP35: 1 | AS35: 1 | AU35: 1 | AY35: 1 | AZ35: 1 | BB35: 1 | BD35: 1 | BG35: =SUM(AL35:BF35) -> 7 | BH35: =BG35/BG$9*100 -> 58.333333 | BO35: 1 | BT35: 1 | BX35: 1 | CE35: =SUM(BI35:CD35) -> 3 | CF35: =CE35/CE$9*100 -> 33.333333 | CG35: 1 | CZ35: =SUM(CG35:CQ35) -> 1 | DA35: =CZ35/CZ$9*100 -> 20 | DP35: =SUM(DB35:DO35) -> 0 | DQ35: =DP35/DP$9*100 -> #DIV/0!
A36: 27 | B36: 0827CI241109 | C36: RISHIRAJ JHAWAR | D36: =SUM(M36+AJ36+BG36+CE36+CZ36) -> 19 | E36: =(D36)/D$9*100 -> 52.777778 | F36: =IF(E36<50,E36, " ") | G36: =IF(E36<30,E36, " ") | M36: =SUM(H36:L36) -> 0 | N36: =M36/M$9*100 -> #DIV/0! | W36: 1 | X36: 1 | Y36: 1 | AB36: 1 | AG36: 1 | AJ36: =SUM(O36:AI36) -> 5 | AK36: =AJ36/AJ$9*100 -> 50 | AM36: 1 | AN36: 1 | AO36: 1 | AP36: 1 | AZ36: 1 | BB36: 1 | BD36: 1 | BE36: 1 | BG36: =SUM(AL36:BF36) -> 8 | BH36: =BG36/BG$9*100 -> 66.666667 | BJ36: 1 | BO36: 1 | BT36: 1 | BX36: 1 | CD36: 1 | CE36: =SUM(BI36:CD36) -> 5 | CF36: =CE36/CE$9*100 -> 55.555556 | CJ36: 1 | CZ36: =SUM(CG36:CQ36) -> 1 | DA36: =CZ36/CZ$9*100 -> 20 | DP36: =SUM(DB36:DO36) -> 0 | DQ36: =DP36/DP$9*100 -> #DIV/0!
A37: 28 | B37: 0827CI241110 | C37: ROHIT PARIHAR | D37: =SUM(M37+AJ37+BG37+CE37+CZ37) -> 18 | E37: =(D37)/D$9*100 -> 50 | F37: =IF(E37<50,E37, " ") | G37: =IF(E37<30,E37, " ") | M37: =SUM(H37:L37) -> 0 | N37: =M37/M$9*100 -> #DIV/0! | W37: 1 | X37: 1 | Y37: 1 | AB37: 1 | AC37: 1 | AD37: 1 | AI37: 1 | AJ37: =SUM(O37:AI37) -> 7 | AK37: =AJ37/AJ$9*100 -> 70 | AP37: 1 | AS37: 1 | AU37: 1 | AY37: 1 | AZ37: 1 | BD37: 1 | BE37: 1 | BG37: =SUM(AL37:BF37) -> 7 | BH37: =BG37/BG$9*100 -> 58.333333 | BJ37: 1 | BL37: 1 | BS37: 1 | BT37: 1 | CE37: =SUM(BI37:CD37) -> 4 | CF37: =CE37/CE$9*100 -> 44.444444 | CZ37: =SUM(CG37:CQ37) -> 0 | DA37: =CZ37/CZ$9*100 -> 0 | DP37: =SUM(DB37:DO37) -> 0 | DQ37: =DP37/DP$9*100 -> #DIV/0!
A38: 29 | B38: 0827CI241111 | C38: SAHIL PAHUJA | D38: =SUM(M38+AJ38+BG38+CE38+CZ38) -> 19 | E38: =(D38)/D$9*100 -> 52.777778 | F38: =IF(E38<50,E38, " ") | G38: =IF(E38<30,E38, " ") | M38: =SUM(H38:L38) -> 0 | N38: =M38/M$9*100 -> #DIV/0! | W38: 1 | X38: 1 | Y38: 1 | AD38: 1 | AG38: 1 | AH38: 1 | AJ38: =SUM(O38:AI38) -> 6 | AK38: =AJ38/AJ$9*100 -> 60 | AM38: 1 | AN38: 1 | AO38: 1 | AP38: 1 | AS38: 1 | AY38: 1 | AZ38: 1 | BD38: 1 | BG38: =SUM(AL38:BF38) -> 8 | BH38: =BG38/BG$9*100 -> 66.666667 | BI38: 1 | BJ38: 1 | BO38: 1 | BS38: 1 | CE38: =SUM(BI38:CD38) -> 4 | CF38: =CE38/CE$9*100 -> 44.444444 | CG38: 1 | CZ38: =SUM(CG38:CQ38) -> 1 | DA38: =CZ38/CZ$9*100 -> 20 | DP38: =SUM(DB38:DO38) -> 0 | DQ38: =DP38/DP$9*100 -> #DIV/0!
A39: 30 | B39: 0827CI241112 | C39: SAMARTH MAHESHWARI | D39: =SUM(M39+AJ39+BG39+CE39+CZ39) -> 22 | E39: =(D39)/D$9*100 -> 61.111111 | F39: =IF(E39<50,E39, " ") | G39: =IF(E39<30,E39, " ") | M39: =SUM(H39:L39) -> 0 | N39: =M39/M$9*100 -> #DIV/0! | X39: 1 | Y39: 1 | AB39: 1 | AC39: 1 | AH39: 1 | AI39: 1 | AJ39: =SUM(O39:AI39) -> 6 | AK39: =AJ39/AJ$9*100 -> 60 | AM39: 1 | AN39: 1 | AO39: 1 | AP39: 1 | AR39: 1 | AS39: 1 | AY39: 1 | AZ39: 1 | BD39: 1 | BG39: =SUM(AL39:BF39) -> 9 | BH39: =BG39/BG$9*100 -> 75 | BI39: 1 | BJ39: 1 | BO39: 1 | BT39: 1 | CE39: =SUM(BI39:CD39) -> 4 | CF39: =CE39/CE$9*100 -> 44.444444 | CG39: 1 | CH39: 1 | CI39: 1 | CZ39: =SUM(CG39:CQ39) -> 3 | DA39: =CZ39/CZ$9*100 -> 60 | DP39: =SUM(DB39:DO39) -> 0 | DQ39: =DP39/DP$9*100 -> #DIV/0!
A40: 31 | B40: 0827CI241113 | C40: SAMRUDDHI SONGIRKAR | D40: =SUM(M40+AJ40+BG40+CE40+CZ40) -> 8 | E40: =(D40)/D$9*100 -> 22.222222 | F40: =IF(E40<50,E40, " ") -> 22.222222 | G40: =IF(E40<30,E40, " ") -> 22.222222 | M40: =SUM(H40:L40) -> 0 | N40: =M40/M$9*100 -> #DIV/0! | AB40: 1 | AD40: 1 | AJ40: =SUM(O40:AI40) -> 2 | AK40: =AJ40/AJ$9*100 -> 20 | AO40: 1 | AU40: 1 | BG40: =SUM(AL40:BF40) -> 2 | BH40: =BG40/BG$9*100 -> 16.666667 | CE40: =SUM(BI40:CD40) -> 0 | CF40: =CE40/CE$9*100 -> 0 | CG40: 1 | CH40: 1 | CI40: 1 | CK40: 1 | CZ40: =SUM(CG40:CQ40) -> 4 | DA40: =CZ40/CZ$9*100 -> 80 | DP40: =SUM(DB40:DO40) -> 0 | DQ40: =DP40/DP$9*100 -> #DIV/0!
A41: 32 | B41: 0827CI241114 | C41: SANDEEP DANGI | D41: =SUM(M41+AJ41+BG41+CE41+CZ41) -> 7 | E41: =(D41)/D$9*100 -> 19.444444 | F41: =IF(E41<50,E41, " ") -> 19.444444 | G41: =IF(E41<30,E41, " ") -> 19.444444 | M41: =SUM(H41:L41) -> 0 | N41: =M41/M$9*100 -> #DIV/0! | W41: 1 | AJ41: =SUM(O41:AI41) -> 1 | AK41: =AJ41/AJ$9*100 -> 10 | AY41: 1 | AZ41: 1 | BB41: 1 | BD41: 1 | BG41: =SUM(AL41:BF41) -> 4 | BH41: =BG41/BG$9*100 -> 33.333333 | BL41: 1 | BO41: 1 | CE41: =SUM(BI41:CD41) -> 2 | CF41: =CE41/CE$9*100 -> 22.222222 | CZ41: =SUM(CG41:CQ41) -> 0 | DA41: =CZ41/CZ$9*100 -> 0 | DP41: =SUM(DB41:DO41) -> 0 | DQ41: =DP41/DP$9*100 -> #DIV/0!
A42: 33 | B42: 0827CI241115 | C42: SANDEEP PATEL | D42: =SUM(M42+AJ42+BG42+CE42+CZ42) -> 2 | E42: =(D42)/D$9*100 -> 5.5555556 | F42: =IF(E42<50,E42, " ") -> 5.5555556 | G42: =IF(E42<30,E42, " ") -> 5.5555556 | M42: =SUM(H42:L42) -> 0 | N42: =M42/M$9*100 -> #DIV/0! | AJ42: =SUM(O42:AI42) -> 0 | AK42: =AJ42/AJ$9*100 -> 0 | AY42: 1 | AZ42: 1 | BG42: =SUM(AL42:BF42) -> 2 | BH42: =BG42/BG$9*100 -> 16.666667 | CE42: =SUM(BI42:CD42) -> 0 | CF42: =CE42/CE$9*100 -> 0 | CZ42: =SUM(CG42:CQ42) -> 0 | DA42: =CZ42/CZ$9*100 -> 0 | DP42: =SUM(DB42:DO42) -> 0 | DQ42: =DP42/DP$9*100 -> #DIV/0!
A43: 34 | B43: 0827CI241116 | C43: SANGOLE PRANJALI RAJESH | D43: =SUM(M43+AJ43+BG43+CE43+CZ43) -> 5 | E43: =(D43)/D$9*100 -> 13.888889 | F43: =IF(E43<50,E43, " ") -> 13.888889 | G43: =IF(E43<30,E43, " ") -> 13.888889 | M43: =SUM(H43:L43) -> 0 | N43: =M43/M$9*100 -> #DIV/0! | Y43: 1 | AB43: 1 | AC43: 1 | AJ43: =SUM(O43:AI43) -> 3 | AK43: =AJ43/AJ$9*100 -> 30 | BD43: 1 | BG43: =SUM(AL43:BF43) -> 1 | BH43: =BG43/BG$9*100 -> 8.3333333 | CD43: 1 | CE43: =SUM(BI43:CD43) -> 1 | CF43: =CE43/CE$9*100 -> 11.111111 | CZ43: =SUM(CG43:CQ43) -> 0 | DA43: =CZ43/CZ$9*100 -> 0 | DP43: =SUM(DB43:DO43) -> 0 | DQ43: =DP43/DP$9*100 -> #DIV/0!
A44: 35 | B44: 0827CI241117 | C44: SHAILY GOUTAM | D44: =SUM(M44+AJ44+BG44+CE44+CZ44) -> 17 | E44: =(D44)/D$9*100 -> 47.222222 | F44: =IF(E44<50,E44, " ") -> 47.222222 | G44: =IF(E44<30,E44, " ") | M44: =SUM(H44:L44) -> 0 | N44: =M44/M$9*100 -> #DIV/0! | X44: 1 | Y44: 1 | AC44: 1 | AG44: 1 | AH44: 1 | AJ44: =SUM(O44:AI44) -> 5 | AK44: =AJ44/AJ$9*100 -> 50 | AO44: 1 | AP44: 1 | AR44: 1 | AY44: 1 | AZ44: 1 | BD44: 1 | BG44: =SUM(AL44:BF44) -> 6 | BH44: =BG44/BG$9*100 -> 50 | BI44: 1 | BJ44: 1 | BS44: 1 | CE44: =SUM(BI44:CD44) -> 3 | CF44: =CE44/CE$9*100 -> 33.333333 | CH44: 1 | CI44: 1 | CJ44: 1 | CZ44: =SUM(CG44:CQ44) -> 3 | DA44: =CZ44/CZ$9*100 -> 60 | DP44: =SUM(DB44:DO44) -> 0 | DQ44: =DP44/DP$9*100 -> #DIV/0!
A45: 36 | B45: 0827CI241118 | C45: SHRISTIKA SOLANKI | D45: =SUM(M45+AJ45+BG45+CE45+CZ45) -> 18 | E45: =(D45)/D$9*100 -> 50 | F45: =IF(E45<50,E45, " ") | G45: =IF(E45<30,E45, " ") | M45: =SUM(H45:L45) -> 0 | N45: =M45/M$9*100 -> #DIV/0! | W45: 1 | X45: 1 | Y45: 1 | AB45: 1 | AC45: 1 | AF45: 1 | AG45: 1 | AI45: 1 | AJ45: =SUM(O45:AI45) -> 8 | AK45: =AJ45/AJ$9*100 -> 80 | AO45: 1 | AY45: 1 | AZ45: 1 | BB45: 1 | BG45: =SUM(AL45:BF45) -> 4 | BH45: =BG45/BG$9*100 -> 33.333333 | BI45: 1 | BO45: 1 | BS45: 1 | BT45: 1 | CE45: =SUM(BI45:CD45) -> 4 | CF45: =CE45/CE$9*100 -> 44.444444 | CG45: 1 | CJ45: 1 | CZ45: =SUM(CG45:CQ45) -> 2 | DA45: =CZ45/CZ$9*100 -> 40 | DP45: =SUM(DB45:DO45) -> 0 | DQ45: =DP45/DP$9*100 -> #DIV/0!
A46: 37 | B46: 0827CI241119 | C46: SHRUTI RATHORE | D46: =SUM(M46+AJ46+BG46+CE46+CZ46) -> 0 | E46: =(D46)/D$9*100 -> 0 | F46: =IF(E46<50,E46, " ") -> 0 | G46: =IF(E46<30,E46, " ") -> 0 | M46: =SUM(H46:L46) -> 0 | N46: =M46/M$9*100 -> #DIV/0! | AJ46: =SUM(O46:AI46) -> 0 | AK46: =AJ46/AJ$9*100 -> 0 | BG46: =SUM(AL46:BF46) -> 0 | BH46: =BG46/BG$9*100 -> 0 | CE46: =SUM(BI46:CD46) -> 0 | CF46: =CE46/CE$9*100 -> 0 | CZ46: =SUM(CG46:CQ46) -> 0 | DA46: =CZ46/CZ$9*100 -> 0 | DP46: =SUM(DB46:DO46) -> 0 | DQ46: =DP46/DP$9*100 -> #DIV/0!
A47: 38 | B47: 0827CI241120 | C47: SHRUTI SHRIMALI | D47: =SUM(M47+AJ47+BG47+CE47+CZ47) -> 17 | E47: =(D47)/D$9*100 -> 47.222222 | F47: =IF(E47<50,E47, " ") -> 47.222222 | G47: =IF(E47<30,E47, " ") | M47: =SUM(H47:L47) -> 0 | N47: =M47/M$9*100 -> #DIV/0! | X47: 1 | Y47: 1 | AD47: 1 | AG47: 1 | AH47: 1 | AJ47: =SUM(O47:AI47) -> 5 | AK47: =AJ47/AJ$9*100 -> 50 | AM47: 1 | AO47: 1 | AP47: 1 | AR47: 1 | AY47: 1 | AZ47: 1 | BD47: 1 | BG47: =SUM(AL47:BF47) -> 7 | BH47: =BG47/BG$9*100 -> 58.333333 | BJ47: 1 | BS47: 1 | CE47: =SUM(BI47:CD47) -> 2 | CF47: =CE47/CE$9*100 -> 22.222222 | CH47: 1 | CI47: 1 | CJ47: 1 | CZ47: =SUM(CG47:CQ47) -> 3 | DA47: =CZ47/CZ$9*100 -> 60 | DP47: =SUM(DB47:DO47) -> 0 | DQ47: =DP47/DP$9*100 -> #DIV/0!
A48: 39 | B48: 0827CI241121 | C48: SHUBH CHOUDHARY | D48: =SUM(M48+AJ48+BG48+CE48+CZ48) -> 22 | E48: =(D48)/D$9*100 -> 61.111111 | F48: =IF(E48<50,E48, " ") | G48: =IF(E48<30,E48, " ") | M48: =SUM(H48:L48) -> 0 | N48: =M48/M$9*100 -> #DIV/0! | X48: 1 | Y48: 1 | AC48: 1 | AD48: 1 | AF48: 1 | AG48: 1 | AH48: 1 | AJ48: =SUM(O48:AI48) -> 7 | AK48: =AJ48/AJ$9*100 -> 70 | AM48: 1 | AN48: 1 | AO48: 1 | AP48: 1 | AR48: 1 | AU48: 1 | AY48: 1 | AZ48: 1 | BG48: =SUM(AL48:BF48) -> 8 | BH48: =BG48/BG$9*100 -> 66.666667 | BJ48: 1 | BL48: 1 | BO48: 1 | BS48: 1 | BT48: 1 | CD48: 1 | CE48: =SUM(BI48:CD48) -> 6 | CF48: =CE48/CE$9*100 -> 66.666667 | CG48: 1 | CZ48: =SUM(CG48:CQ48) -> 1 | DA48: =CZ48/CZ$9*100 -> 20 | DP48: =SUM(DB48:DO48) -> 0 | DQ48: =DP48/DP$9*100 -> #DIV/0!
A49: 40 | B49: 0827CI241122 | C49: SHUBHAM PANCHAL | D49: =SUM(M49+AJ49+BG49+CE49+CZ49) -> 23 | E49: =(D49)/D$9*100 -> 63.888889 | F49: =IF(E49<50,E49, " ") | G49: =IF(E49<30,E49, " ") | M49: =SUM(H49:L49) -> 0 | N49: =M49/M$9*100 -> #DIV/0! | W49: 1 | X49: 1 | Y49: 1 | AB49: 1 | AC49: 1 | AF49: 1 | AH49: 1 | AI49: 1 | AJ49: =SUM(O49:AI49) -> 8 | AK49: =AJ49/AJ$9*100 -> 80 | AM49: 1 | AN49: 1 | AO49: 1 | AS49: 1 | AY49: 1 | AZ49: 1 | BD49: 1 | BG49: =SUM(AL49:BF49) -> 7 | BH49: =BG49/BG$9*100 -> 58.333333 | BI49: 1 | BJ49: 1 | BL49: 1 | BO49: 1 | BS49: 1 | BT49: 1 | BX49: 1 | CE49: =SUM(BI49:CD49) -> 7 | CF49: =CE49/CE$9*100 -> 77.777778 | CG49: 1 | CZ49: =SUM(CG49:CQ49) -> 1 | DA49: =CZ49/CZ$9*100 -> 20 | DP49: =SUM(DB49:DO49) -> 0 | DQ49: =DP49/DP$9*100 -> #DIV/0!
A50: 41 | B50: 0827CI241123 | C50: SHUBHANSHU PATEL | D50: =SUM(M50+AJ50+BG50+CE50+CZ50) -> 20 | E50: =(D50)/D$9*100 -> 55.555556 | F50: =IF(E50<50,E50, " ") | G50: =IF(E50<30,E50, " ") | M50: =SUM(H50:L50) -> 0 | N50: =M50/M$9*100 -> #DIV/0! | W50: 1 | X50: 1 | Y50: 1 | AD50: 1 | AG50: 1 | AH50: 1 | AI50: 1 | AJ50: =SUM(O50:AI50) -> 7 | AK50: =AJ50/AJ$9*100 -> 70 | AM50: 1 | AN50: 1 | AO50: 1 | AP50: 1 | AR50: 1 | AS50: 1 | AY50: 1 | AZ50: 1 | BG50: =SUM(AL50:BF50) -> 8 | BH50: =BG50/BG$9*100 -> 66.666667 | BO50: 1 | BT50: 1 | BX50: 1 | CE50: =SUM(BI50:CD50) -> 3 | CF50: =CE50/CE$9*100 -> 33.333333 | CG50: 1 | CJ50: 1 | CZ50: =SUM(CG50:CQ50) -> 2 | DA50: =CZ50/CZ$9*100 -> 40 | DP50: =SUM(DB50:DO50) -> 0 | DQ50: =DP50/DP$9*100 -> #DIV/0!
A51: 42 | B51: 0827CI241124 | C51: SIDDHI SONI | D51: =SUM(M51+AJ51+BG51+CE51+CZ51) -> 18 | E51: =(D51)/D$9*100 -> 50 | F51: =IF(E51<50,E51, " ") | G51: =IF(E51<30,E51, " ") | M51: =SUM(H51:L51) -> 0 | N51: =M51/M$9*100 -> #DIV/0! | AB51: 1 | AC51: 1 | AD51: 1 | AF51: 1 | AG51: 1 | AI51: 1 | AJ51: =SUM(O51:AI51) -> 6 | AK51: =AJ51/AJ$9*100 -> 60 | AM51: 1 | AN51: 1 | AP51: 1 | AS51: 1 | AU51: 1 | AY51: 1 | AZ51: 1 | BG51: =SUM(AL51:BF51) -> 7 | BH51: =BG51/BG$9*100 -> 58.333333 | BO51: 1 | BS51: 1 | BT51: 1 | CC51: 1 | CD51: 1 | CE51: =SUM(BI51:CD51) -> 5 | CF51: =CE51/CE$9*100 -> 55.555556 | CZ51: =SUM(CG51:CQ51) -> 0 | DA51: =CZ51/CZ$9*100 -> 0 | DP51: =SUM(DB51:DO51) -> 0 | DQ51: =DP51/DP$9*100 -> #DIV/0!
A52: 43 | B52: 0827CI241125 | C52: SIDDHIKA PHOOLMALI | D52: =SUM(M52+AJ52+BG52+CE52+CZ52) -> 20 | E52: =(D52)/D$9*100 -> 55.555556 | F52: =IF(E52<50,E52, " ") | G52: =IF(E52<30,E52, " ") | M52: =SUM(H52:L52) -> 0 | N52: =M52/M$9*100 -> #DIV/0! | X52: 1 | Y52: 1 | AB52: 1 | AC52: 1 | AD52: 1 | AJ52: =SUM(O52:AI52) -> 5 | AK52: =AJ52/AJ$9*100 -> 50 | AM52: 1 | AN52: 1 | AO52: 1 | AR52: 1 | AS52: 1 | AU52: 1 | AY52: 1 | AZ52: 1 | BD52: 1 | BE52: 1 | BG52: =SUM(AL52:BF52) -> 10 | BH52: =BG52/BG$9*100 -> 83.333333 | BJ52: 1 | BL52: 1 | BT52: 1 | CD52: 1 | CE52: =SUM(BI52:CD52) -> 4 | CF52: =CE52/CE$9*100 -> 44.444444 | CG52: 1 | CZ52: =SUM(CG52:CQ52) -> 1 | DA52: =CZ52/CZ$9*100 -> 20 | DP52: =SUM(DB52:DO52) -> 0 | DQ52: =DP52/DP$9*100 -> #DIV/0!
A53: 44 | B53: 0827CI241126 | C53: SOMIL VIJAWAT | D53: =SUM(M53+AJ53+BG53+CE53+CZ53) -> 22 | E53: =(D53)/D$9*100 -> 61.111111 | F53: =IF(E53<50,E53, " ") | G53: =IF(E53<30,E53, " ") | M53: =SUM(H53:L53) -> 0 | N53: =M53/M$9*100 -> #DIV/0! | X53: 1 | Y53: 1 | AC53: 1 | AF53: 1 | AG53: 1 | AH53: 1 | AJ53: =SUM(O53:AI53) -> 6 | AK53: =AJ53/AJ$9*100 -> 60 | AM53: 1 | AN53: 1 | AO53: 1 | AP53: 1 | AR53: 1 | AU53: 1 | AY53: 1 | AZ53: 1 | BE53: 1 | BG53: =SUM(AL53:BF53) -> 9 | BH53: =BG53/BG$9*100 -> 75 | BJ53: 1 | BL53: 1 | BO53: 1 | BS53: 1 | BT53: 1 | CD53: 1 | CE53: =SUM(BI53:CD53) -> 6 | CF53: =CE53/CE$9*100 -> 66.666667 | CG53: 1 | CZ53: =SUM(CG53:CQ53) -> 1 | DA53: =CZ53/CZ$9*100 -> 20 | DP53: =SUM(DB53:DO53) -> 0 | DQ53: =DP53/DP$9*100 -> #DIV/0!
A54: 45 | B54: 0827CI241127 | C54: SUMIT PATEL | D54: =SUM(M54+AJ54+BG54+CE54+CZ54) -> 18 | E54: =(D54)/D$9*100 -> 50 | F54: =IF(E54<50,E54, " ") | G54: =IF(E54<30,E54, " ") | M54: =SUM(H54:L54) -> 0 | N54: =M54/M$9*100 -> #DIV/0! | AG54: 1 | AH54: 1 | AI54: 1 | AJ54: =SUM(O54:AI54) -> 3 | AK54: =AJ54/AJ$9*100 -> 30 | AM54: 1 | AN54: 1 | AO54: 1 | AS54: 1 | AY54: 1 | AZ54: 1 | BB54: 1 | BG54: =SUM(AL54:BF54) -> 7 | BH54: =BG54/BG$9*100 -> 58.333333 | BL54: 1 | BS54: 1 | BT54: 1 | CC54: 1 | CE54: =SUM(BI54:CD54) -> 4 | CF54: =CE54/CE$9*100 -> 44.444444 | CG54: 1 | CH54: 1 | CI54: 1 | CJ54: 1 | CZ54: =SUM(CG54:CQ54) -> 4 | DA54: =CZ54/CZ$9*100 -> 80 | DP54: =SUM(DB54:DO54) -> 0 | DQ54: =DP54/DP$9*100 -> #DIV/0!
A55: 46 | B55: 0827CI241128 | C55: TANISH GARG | D55: =SUM(M55+AJ55+BG55+CE55+CZ55) -> 20 | E55: =(D55)/D$9*100 -> 55.555556 | F55: =IF(E55<50,E55, " ") | G55: =IF(E55<30,E55, " ") | M55: =SUM(H55:L55) -> 0 | N55: =M55/M$9*100 -> #DIV/0! | W55: 1 | X55: 1 | Y55: 1 | AB55: 1 | AC55: 1 | AF55: 1 | AI55: 1 | AJ55: =SUM(O55:AI55) -> 7 | AK55: =AJ55/AJ$9*100 -> 70 | AM55: 1 | AN55: 1 | AP55: 1 | AU55: 1 | AY55: 1 | AZ55: 1 | BD55: 1 | BG55: =SUM(AL55:BF55) -> 7 | BH55: =BG55/BG$9*100 -> 58.333333 | BI55: 1 | BJ55: 1 | BO55: 1 | BT55: 1 | CD55: 1 | CE55: =SUM(BI55:CD55) -> 5 | CF55: =CE55/CE$9*100 -> 55.555556 | CG55: 1 | CZ55: =SUM(CG55:CQ55) -> 1 | DA55: =CZ55/CZ$9*100 -> 20 | DP55: =SUM(DB55:DO55) -> 0 | DQ55: =DP55/DP$9*100 -> #DIV/0!
A56: 47 | B56: 0827CI241129 | C56: TANISHKA RATHORE | D56: =SUM(M56+AJ56+BG56+CE56+CZ56) -> 17 | E56: =(D56)/D$9*100 -> 47.222222 | F56: =IF(E56<50,E56, " ") -> 47.222222 | G56: =IF(E56<30,E56, " ") | M56: =SUM(H56:L56) -> 0 | N56: =M56/M$9*100 -> #DIV/0! | X56: 1 | Y56: 1 | AB56: 1 | AC56: 1 | AJ56: =SUM(O56:AI56) -> 4 | AK56: =AJ56/AJ$9*100 -> 40 | AM56: 1 | AN56: 1 | AO56: 1 | AP56: 1 | AR56: 1 | AS56: 1 | AY56: 1 | AZ56: 1 | BG56: =SUM(AL56:BF56) -> 8 | BH56: =BG56/BG$9*100 -> 66.666667 | BI56: 1 | BS56: 1 | CC56: 1 | CD56: 1 | CE56: =SUM(BI56:CD56) -> 4 | CF56: =CE56/CE$9*100 -> 44.444444 | CG56: 1 | CZ56: =SUM(CG56:CQ56) -> 1 | DA56: =CZ56/CZ$9*100 -> 20 | DP56: =SUM(DB56:DO56) -> 0 | DQ56: =DP56/DP$9*100 -> #DIV/0!
A57: 48 | B57: 0827CI241130 | C57: TANISHQ GARG | D57: =SUM(M57+AJ57+BG57+CE57+CZ57) -> 11 | E57: =(D57)/D$9*100 -> 30.555556 | F57: =IF(E57<50,E57, " ") -> 30.555556 | G57: =IF(E57<30,E57, " ") | M57: =SUM(H57:L57) -> 0 | N57: =M57/M$9*100 -> #DIV/0! | AC57: 1 | AJ57: =SUM(O57:AI57) -> 1 | AK57: =AJ57/AJ$9*100 -> 10 | AS57: 1 | AY57: 1 | AZ57: 1 | BB57: 1 | BD57: 1 | BG57: =SUM(AL57:BF57) -> 5 | BH57: =BG57/BG$9*100 -> 41.666667 | BS57: 1 | CC57: 1 | CD57: 1 | CE57: =SUM(BI57:CD57) -> 3 | CF57: =CE57/CE$9*100 -> 33.333333 | CG57: 1 | CK57: 1 | CZ57: =SUM(CG57:CQ57) -> 2 | DA57: =CZ57/CZ$9*100 -> 40 | DP57: =SUM(DB57:DO57) -> 0 | DQ57: =DP57/DP$9*100 -> #DIV/0!
A58: 49 | B58: 0827CI241131 | C58: TANISHQ MANGAL | D58: =SUM(M58+AJ58+BG58+CE58+CZ58) -> 16 | E58: =(D58)/D$9*100 -> 44.444444 | F58: =IF(E58<50,E58, " ") -> 44.444444 | G58: =IF(E58<30,E58, " ") | M58: =SUM(H58:L58) -> 0 | N58: =M58/M$9*100 -> #DIV/0! | W58: 1 | X58: 1 | AC58: 1 | AD58: 1 | AH58: 1 | AJ58: =SUM(O58:AI58) -> 5 | AK58: =AJ58/AJ$9*100 -> 50 | AM58: 1 | AS58: 1 | AY58: 1 | AZ58: 1 | BD58: 1 | BE58: 1 | BG58: =SUM(AL58:BF58) -> 6 | BH58: =BG58/BG$9*100 -> 50 | BJ58: 1 | BL58: 1 | BO58: 1 | BS58: 1 | BT58: 1 | CE58: =SUM(BI58:CD58) -> 5 | CF58: =CE58/CE$9*100 -> 55.555556 | CZ58: =SUM(CG58:CQ58) -> 0 | DA58: =CZ58/CZ$9*100 -> 0 | DP58: =SUM(DB58:DO58) -> 0 | DQ58: =DP58/DP$9*100 -> #DIV/0!
A59: 50 | B59: 0827CI241132 | C59: TANISHQ RIMJHA | D59: =SUM(M59+AJ59+BG59+CE59+CZ59) -> 21 | E59: =(D59)/D$9*100 -> 58.333333 | F59: =IF(E59<50,E59, " ") | G59: =IF(E59<30,E59, " ") | M59: =SUM(H59:L59) -> 0 | N59: =M59/M$9*100 -> #DIV/0! | W59: 1 | X59: 1 | Y59: 1 | AC59: 1 | AF59: 1 | AG59: 1 | AH59: 1 | AJ59: =SUM(O59:AI59) -> 7 | AK59: =AJ59/AJ$9*100 -> 70 | AM59: 1 | AN59: 1 | AO59: 1 | AP59: 1 | AY59: 1 | AZ59: 1 | BB59: 1 | BD59: 1 | BG59: =SUM(AL59:BF59) -> 8 | BH59: =BG59/BG$9*100 -> 66.666667 | BO59: 1 | BS59: 1 | BX59: 1 | CC59: 1 | CD59: 1 | CE59: =SUM(BI59:CD59) -> 5 | CF59: =CE59/CE$9*100 -> 55.555556 | CG59: 1 | CZ59: =SUM(CG59:CQ59) -> 1 | DA59: =CZ59/CZ$9*100 -> 20 | DP59: =SUM(DB59:DO59) -> 0 | DQ59: =DP59/DP$9*100 -> #DIV/0!
A60: 51 | B60: 0827CI241133 | C60: TRISHA GHAYTADAK | D60: =SUM(M60+AJ60+BG60+CE60+CZ60) -> 10 | E60: =(D60)/D$9*100 -> 27.777778 | F60: =IF(E60<50,E60, " ") -> 27.777778 | G60: =IF(E60<30,E60, " ") -> 27.777778 | M60: =SUM(H60:L60) -> 0 | N60: =M60/M$9*100 -> #DIV/0! | AB60: 1 | AC60: 1 | AJ60: =SUM(O60:AI60) -> 2 | AK60: =AJ60/AJ$9*100 -> 20 | BD60: 1 | BG60: =SUM(AL60:BF60) -> 1 | BH60: =BG60/BG$9*100 -> 8.3333333 | BJ60: 1 | BS60: 1 | BT60: 1 | BX60: 1 | CD60: 1 | CE60: =SUM(BI60:CD60) -> 5 | CF60: =CE60/CE$9*100 -> 55.555556 | CJ60: 1 | CK60: 1 | CZ60: =SUM(CG60:CQ60) -> 2 | DA60: =CZ60/CZ$9*100 -> 40 | DP60: =SUM(DB60:DO60) -> 0 | DQ60: =DP60/DP$9*100 -> #DIV/0!
A61: 52 | B61: 0827CI241134 | C61: TUSHAR KADAM | D61: =SUM(M61+AJ61+BG61+CE61+CZ61) -> 22 | E61: =(D61)/D$9*100 -> 61.111111 | F61: =IF(E61<50,E61, " ") | G61: =IF(E61<30,E61, " ") | M61: =SUM(H61:L61) -> 0 | N61: =M61/M$9*100 -> #DIV/0! | W61: 1 | AF61: 1 | AH61: 1 | AI61: 1 | AJ61: =SUM(O61:AI61) -> 4 | AK61: =AJ61/AJ$9*100 -> 40 | AM61: 1 | AO61: 1 | AP61: 1 | AR61: 1 | AS61: 1 | AU61: 1 | AY61: 1 | AZ61: 1 | BD61: 1 | BG61: =SUM(AL61:BF61) -> 9 | BH61: =BG61/BG$9*100 -> 75 | BI61: 1 | BJ61: 1 | BL61: 1 | BS61: 1 | CD61: 1 | CE61: =SUM(BI61:CD61) -> 5 | CF61: =CE61/CE$9*100 -> 55.555556 | CG61: 1 | CH61: 1 | CI61: 1 | CJ61: 1 | CZ61: =SUM(CG61:CQ61) -> 4 | DA61: =CZ61/CZ$9*100 -> 80 | DP61: =SUM(DB61:DO61) -> 0 | DQ61: =DP61/DP$9*100 -> #DIV/0!
A62: 53 | B62: 0827CI241135 | C62: UJJAWAL PATEL | D62: =SUM(M62+AJ62+BG62+CE62+CZ62) -> 17 | E62: =(D62)/D$9*100 -> 47.222222 | F62: =IF(E62<50,E62, " ") -> 47.222222 | G62: =IF(E62<30,E62, " ") | M62: =SUM(H62:L62) -> 0 | N62: =M62/M$9*100 -> #DIV/0! | Y62: 1 | AD62: 1 | AJ62: =SUM(O62:AI62) -> 2 | AK62: =AJ62/AJ$9*100 -> 20 | AM62: 1 | AN62: 1 | AO62: 1 | AS62: 1 | AY62: 1 | AZ62: 1 | BB62: 1 | BG62: =SUM(AL62:BF62) -> 7 | BH62: =BG62/BG$9*100 -> 58.333333 | BL62: 1 | BS62: 1 | BT62: 1 | CC62: 1 | CE62: =SUM(BI62:CD62) -> 4 | CF62: =CE62/CE$9*100 -> 44.444444 | CG62: 1 | CH62: 1 | CI62: 1 | CJ62: 1 | CZ62: =SUM(CG62:CQ62) -> 4 | DA62: =CZ62/CZ$9*100 -> 80 | DP62: =SUM(DB62:DO62) -> 0 | DQ62: =DP62/DP$9*100 -> #DIV/0!
A63: 54 | B63: 0827CI241136 | C63: UMA CHOUREY | D63: =SUM(M63+AJ63+BG63+CE63+CZ63) -> 11 | E63: =(D63)/D$9*100 -> 30.555556 | F63: =IF(E63<50,E63, " ") -> 30.555556 | G63: =IF(E63<30,E63, " ") | M63: =SUM(H63:L63) -> 0 | N63: =M63/M$9*100 -> #DIV/0! | AD63: 1 | AI63: 1 | AJ63: =SUM(O63:AI63) -> 2 | AK63: =AJ63/AJ$9*100 -> 20 | AP63: 1 | AS63: 1 | AU63: 1 | AY63: 1 | AZ63: 1 | BD63: 1 | BE63: 1 | BG63: =SUM(AL63:BF63) -> 7 | BH63: =BG63/BG$9*100 -> 58.333333 | BJ63: 1 | CE63: =SUM(BI63:CD63) -> 1 | CF63: =CE63/CE$9*100 -> 11.111111 | CJ63: 1 | CZ63: =SUM(CG63:CQ63) -> 1 | DA63: =CZ63/CZ$9*100 -> 20 | DP63: =SUM(DB63:DO63) -> 0 | DQ63: =DP63/DP$9*100 -> #DIV/0!
A64: 55 | B64: 0827CI241137 | C64: URVASHI MANKAR | D64: =SUM(M64+AJ64+BG64+CE64+CZ64) -> 12 | E64: =(D64)/D$9*100 -> 33.333333 | F64: =IF(E64<50,E64, " ") -> 33.333333 | G64: =IF(E64<30,E64, " ") | M64: =SUM(H64:L64) -> 0 | N64: =M64/M$9*100 -> #DIV/0! | W64: 1 | X64: 1 | AB64: 1 | AC64: 1 | AD64: 1 | AF64: 1 | AJ64: =SUM(O64:AI64) -> 6 | AK64: =AJ64/AJ$9*100 -> 60 | AR64: 1 | AY64: 1 | AZ64: 1 | BG64: =SUM(AL64:BF64) -> 3 | BH64: =BG64/BG$9*100 -> 25 | BO64: 1 | BT64: 1 | CD64: 1 | CE64: =SUM(BI64:CD64) -> 3 | CF64: =CE64/CE$9*100 -> 33.333333 | CZ64: =SUM(CG64:CQ64) -> 0 | DA64: =CZ64/CZ$9*100 -> 0 | DP64: =SUM(DB64:DO64) -> 0 | DQ64: =DP64/DP$9*100 -> #DIV/0!
A65: 56 | B65: 0827CI241138 | C65: UZMA SHAIKH | D65: =SUM(M65+AJ65+BG65+CE65+CZ65) -> 16 | E65: =(D65)/D$9*100 -> 44.444444 | F65: =IF(E65<50,E65, " ") -> 44.444444 | G65: =IF(E65<30,E65, " ") | M65: =SUM(H65:L65) -> 0 | N65: =M65/M$9*100 -> #DIV/0! | X65: 1 | Y65: 1 | AB65: 1 | AC65: 1 | AD65: 1 | AF65: 1 | AI65: 1 | AJ65: =SUM(O65:AI65) -> 7 | AK65: =AJ65/AJ$9*100 -> 70 | AN65: 1 | AR65: 1 | AY65: 1 | AZ65: 1 | BD65: 1 | BG65: =SUM(AL65:BF65) -> 5 | BH65: =BG65/BG$9*100 -> 41.666667 | BJ65: 1 | BO65: 1 | BS65: 1 | CD65: 1 | CE65: =SUM(BI65:CD65) -> 4 | CF65: =CE65/CE$9*100 -> 44.444444 | CZ65: =SUM(CG65:CQ65) -> 0 | DA65: =CZ65/CZ$9*100 -> 0 | DP65: =SUM(DB65:DO65) -> 0 | DQ65: =DP65/DP$9*100 -> #DIV/0!
A66: 57 | B66: 0827CI241139 | C66: VAISHNAVI DUBEY | D66: =SUM(M66+AJ66+BG66+CE66+CZ66) -> 16 | E66: =(D66)/D$9*100 -> 44.444444 | F66: =IF(E66<50,E66, " ") -> 44.444444 | G66: =IF(E66<30,E66, " ") | M66: =SUM(H66:L66) -> 0 | N66: =M66/M$9*100 -> #DIV/0! | X66: 1 | Y66: 1 | AB66: 1 | AD66: 1 | AI66: 1 | AJ66: =SUM(O66:AI66) -> 5 | AK66: =AJ66/AJ$9*100 -> 50 | AM66: 1 | AP66: 1 | AU66: 1 | AY66: 1 | AZ66: 1 | BD66: 1 | BE66: 1 | BG66: =SUM(AL66:BF66) -> 7 | BH66: =BG66/BG$9*100 -> 58.333333 | BI66: 1 | BJ66: 1 | BO66: 1 | CD66: 1 | CE66: =SUM(BI66:CD66) -> 4 | CF66: =CE66/CE$9*100 -> 44.444444 | CZ66: =SUM(CG66:CQ66) -> 0 | DA66: =CZ66/CZ$9*100 -> 0 | DP66: =SUM(DB66:DO66) -> 0 | DQ66: =DP66/DP$9*100 -> #DIV/0!
A67: 58 | B67: 0827CI241140 | C67: VAISHNAVI RADVE | D67: =SUM(M67+AJ67+BG67+CE67+CZ67) -> 6 | E67: =(D67)/D$9*100 -> 16.666667 | F67: =IF(E67<50,E67, " ") -> 16.666667 | G67: =IF(E67<30,E67, " ") -> 16.666667 | M67: =SUM(H67:L67) -> 0 | N67: =M67/M$9*100 -> #DIV/0! | AI67: 1 | AJ67: =SUM(O67:AI67) -> 1 | AK67: =AJ67/AJ$9*100 -> 10 | AS67: 1 | AZ67: 1 | BD67: 1 | BE67: 1 | BG67: =SUM(AL67:BF67) -> 4 | BH67: =BG67/BG$9*100 -> 33.333333 | BJ67: 1 | CE67: =SUM(BI67:CD67) -> 1 | CF67: =CE67/CE$9*100 -> 11.111111 | CZ67: =SUM(CG67:CQ67) -> 0 | DA67: =CZ67/CZ$9*100 -> 0 | DP67: =SUM(DB67:DO67) -> 0 | DQ67: =DP67/DP$9*100 -> #DIV/0!
A68: 59 | B68: 0827CI241141 | C68: VANSH DIXIT | D68: =SUM(M68+AJ68+BG68+CE68+CZ68) -> 1 | E68: =(D68)/D$9*100 -> 2.7777778 | F68: =IF(E68<50,E68, " ") -> 2.7777778 | G68: =IF(E68<30,E68, " ") -> 2.7777778 | M68: =SUM(H68:L68) -> 0 | N68: =M68/M$9*100 -> #DIV/0! | AJ68: =SUM(O68:AI68) -> 0 | AK68: =AJ68/AJ$9*100 -> 0 | BG68: =SUM(AL68:BF68) -> 0 | BH68: =BG68/BG$9*100 -> 0 | CE68: =SUM(BI68:CD68) -> 0 | CF68: =CE68/CE$9*100 -> 0 | CK68: 1 | CZ68: =SUM(CG68:CQ68) -> 1 | DA68: =CZ68/CZ$9*100 -> 20 | DP68: =SUM(DB68:DO68) -> 0 | DQ68: =DP68/DP$9*100 -> #DIV/0!
A69: 60 | B69: 0827CI241142 | C69: VANSHIKA PAL | D69: =SUM(M69+AJ69+BG69+CE69+CZ69) -> 14 | E69: =(D69)/D$9*100 -> 38.888889 | F69: =IF(E69<50,E69, " ") -> 38.888889 | G69: =IF(E69<30,E69, " ") | M69: =SUM(H69:L69) -> 0 | N69: =M69/M$9*100 -> #DIV/0! | AC69: 1 | AD69: 1 | AH69: 1 | AI69: 1 | AJ69: =SUM(O69:AI69) -> 4 | AK69: =AJ69/AJ$9*100 -> 40 | AM69: 1 | AN69: 1 | AS69: 1 | AU69: 1 | AY69: 1 | AZ69: 1 | BG69: =SUM(AL69:BF69) -> 6 | BH69: =BG69/BG$9*100 -> 50 | BT69: 1 | CD69: 1 | CE69: =SUM(BI69:CD69) -> 2 | CF69: =CE69/CE$9*100 -> 22.222222 | CG69: 1 | CJ69: 1 | CZ69: =SUM(CG69:CQ69) -> 2 | DA69: =CZ69/CZ$9*100 -> 40 | DP69: =SUM(DB69:DO69) -> 0 | DQ69: =DP69/DP$9*100 -> #DIV/0!
A70: 61 | B70: 0827CI241143 | C70: VEDANT PATIDAR | D70: =SUM(M70+AJ70+BG70+CE70+CZ70) -> 16 | E70: =(D70)/D$9*100 -> 44.444444 | F70: =IF(E70<50,E70, " ") -> 44.444444 | G70: =IF(E70<30,E70, " ") | M70: =SUM(H70:L70) -> 0 | N70: =M70/M$9*100 -> #DIV/0! | X70: 1 | Y70: 1 | AB70: 1 | AC70: 1 | AD70: 1 | AF70: 1 | AG70: 1 | AH70: 1 | AJ70: =SUM(O70:AI70) -> 8 | AK70: =AJ70/AJ$9*100 -> 80 | AN70: 1 | AO70: 1 | AP70: 1 | AY70: 1 | AZ70: 1 | BG70: =SUM(AL70:BF70) -> 5 | BH70: =BG70/BG$9*100 -> 41.666667 | BO70: 1 | CD70: 1 | CE70: =SUM(BI70:CD70) -> 2 | CF70: =CE70/CE$9*100 -> 22.222222 | CG70: 1 | CZ70: =SUM(CG70:CQ70) -> 1 | DA70: =CZ70/CZ$9*100 -> 20 | DP70: =SUM(DB70:DO70) -> 0 | DQ70: =DP70/DP$9*100 -> #DIV/0!
A71: 62 | B71: 0827CI241144 | C71: VEDIKA KSHIRSAGAR | D71: =SUM(M71+AJ71+BG71+CE71+CZ71) -> 13 | E71: =(D71)/D$9*100 -> 36.111111 | F71: =IF(E71<50,E71, " ") -> 36.111111 | G71: =IF(E71<30,E71, " ") | M71: =SUM(H71:L71) -> 0 | N71: =M71/M$9*100 -> #DIV/0! | X71: 1 | AB71: 1 | AD71: 1 | AI71: 1 | AJ71: =SUM(O71:AI71) -> 4 | AK71: =AJ71/AJ$9*100 -> 40 | AN71: 1 | AP71: 1 | AS71: 1 | AZ71: 1 | BD71: 1 | BE71: 1 | BG71: =SUM(AL71:BF71) -> 6 | BH71: =BG71/BG$9*100 -> 50 | BO71: 1 | CD71: 1 | CE71: =SUM(BI71:CD71) -> 2 | CF71: =CE71/CE$9*100 -> 22.222222 | CJ71: 1 | CZ71: =SUM(CG71:CQ71) -> 1 | DA71: =CZ71/CZ$9*100 -> 20 | DP71: =SUM(DB71:DO71) -> 0 | DQ71: =DP71/DP$9*100 -> #DIV/0!
A72: 63 | B72: 0827CI241145 | C72: VIKAS JOSHI | D72: =SUM(M72+AJ72+BG72+CE72+CZ72) -> 14 | E72: =(D72)/D$9*100 -> 38.888889 | F72: =IF(E72<50,E72, " ") -> 38.888889 | G72: =IF(E72<30,E72, " ") | M72: =SUM(H72:L72) -> 0 | N72: =M72/M$9*100 -> #DIV/0! | AB72: 1 | AC72: 1 | AD72: 1 | AF72: 1 | AG72: 1 | AH72: 1 | AI72: 1 | AJ72: =SUM(O72:AI72) -> 7 | AK72: =AJ72/AJ$9*100 -> 70 | AN72: 1 | AR72: 1 | AS72: 1 | AU72: 1 | BG72: =SUM(AL72:BF72) -> 4 | BH72: =BG72/BG$9*100 -> 33.333333 | BI72: 1 | BJ72: 1 | BL72: 1 | CE72: =SUM(BI72:CD72) -> 3 | CF72: =CE72/CE$9*100 -> 33.333333 | CZ72: =SUM(CG72:CQ72) -> 0 | DA72: =CZ72/CZ$9*100 -> 0 | DP72: =SUM(DB72:DO72) -> 0 | DQ72: =DP72/DP$9*100 -> #DIV/0!
A73: 64 | B73: 0827CI241146 | C73: VINAY PATEL | D73: =SUM(M73+AJ73+BG73+CE73+CZ73) -> 19 | E73: =(D73)/D$9*100 -> 52.777778 | F73: =IF(E73<50,E73, " ") | G73: =IF(E73<30,E73, " ") | M73: =SUM(H73:L73) -> 0 | N73: =M73/M$9*100 -> #DIV/0! | X73: 1 | Y73: 1 | AG73: 1 | AI73: 1 | AJ73: =SUM(O73:AI73) -> 4 | AK73: =AJ73/AJ$9*100 -> 40 | AM73: 1 | AN73: 1 | AO73: 1 | AS73: 1 | AY73: 1 | AZ73: 1 | BB73: 1 | BG73: =SUM(AL73:BF73) -> 7 | BH73: =BG73/BG$9*100 -> 58.333333 | BL73: 1 | BS73: 1 | BT73: 1 | CC73: 1 | CE73: =SUM(BI73:CD73) -> 4 | CF73: =CE73/CE$9*100 -> 44.444444 | CG73: 1 | CH73: 1 | CI73: 1 | CJ73: 1 | CZ73: =SUM(CG73:CQ73) -> 4 | DA73: =CZ73/CZ$9*100 -> 80 | DP73: =SUM(DB73:DO73) -> 0 | DQ73: =DP73/DP$9*100 -> #DIV/0!
A74: 65 | B74: 0827CI241147 | C74: VIPIN | D74: =SUM(M74+AJ74+BG74+CE74+CZ74) -> 18 | E74: =(D74)/D$9*100 -> 50 | F74: =IF(E74<50,E74, " ") | G74: =IF(E74<30,E74, " ") | M74: =SUM(H74:L74) -> 0 | N74: =M74/M$9*100 -> #DIV/0! | X74: 1 | Y74: 1 | AC74: 1 | AD74: 1 | AF74: 1 | AH74: 1 | AI74: 1 | AJ74: =SUM(O74:AI74) -> 7 | AK74: =AJ74/AJ$9*100 -> 70 | AO74: 1 | AP74: 1 | AU74: 1 | AY74: 1 | AZ74: 1 | BD74: 1 | BG74: =SUM(AL74:BF74) -> 6 | BH74: =BG74/BG$9*100 -> 50 | BI74: 1 | BL74: 1 | BT74: 1 | CD74: 1 | CE74: =SUM(BI74:CD74) -> 4 | CF74: =CE74/CE$9*100 -> 44.444444 | CG74: 1 | CZ74: =SUM(CG74:CQ74) -> 1 | DA74: =CZ74/CZ$9*100 -> 20 | DP74: =SUM(DB74:DO74) -> 0 | DQ74: =DP74/DP$9*100 -> #DIV/0!
A75: 66 | B75: 0827CI241148 | C75: VISHAL CHOUDHARY | D75: =SUM(M75+AJ75+BG75+CE75+CZ75) -> 19 | E75: =(D75)/D$9*100 -> 52.777778 | F75: =IF(E75<50,E75, " ") | G75: =IF(E75<30,E75, " ") | M75: =SUM(H75:L75) -> 0 | N75: =M75/M$9*100 -> #DIV/0! | W75: 1 | X75: 1 | Y75: 1 | AC75: 1 | AD75: 1 | AF75: 1 | AG75: 1 | AJ75: =SUM(O75:AI75) -> 7 | AK75: =AJ75/AJ$9*100 -> 70 | AS75: 1 | AU75: 1 | AY75: 1 | AZ75: 1 | BB75: 1 | BE75: 1 | BG75: =SUM(AL75:BF75) -> 6 | BH75: =BG75/BG$9*100 -> 50 | BI75: 1 | BJ75: 1 | BO75: 1 | BT75: 1 | CD75: 1 | CE75: =SUM(BI75:CD75) -> 5 | CF75: =CE75/CE$9*100 -> 55.555556 | CG75: 1 | CZ75: =SUM(CG75:CQ75) -> 1 | DA75: =CZ75/CZ$9*100 -> 20 | DP75: =SUM(DB75:DO75) -> 0 | DQ75: =DP75/DP$9*100 -> #DIV/0!
A76: 67 | B76: 0827CI241149 | C76: VISHAL SINGH BHADORIYA | D76: =SUM(M76+AJ76+BG76+CE76+CZ76) -> 15 | E76: =(D76)/D$9*100 -> 41.666667 | F76: =IF(E76<50,E76, " ") -> 41.666667 | G76: =IF(E76<30,E76, " ") | M76: =SUM(H76:L76) -> 0 | N76: =M76/M$9*100 -> #DIV/0! | X76: 1 | Y76: 1 | AB76: 1 | AC76: 1 | AD76: 1 | AJ76: =SUM(O76:AI76) -> 5 | AK76: =AJ76/AJ$9*100 -> 50 | AR76: 1 | AS76: 1 | AY76: 1 | AZ76: 1 | BD76: 1 | BG76: =SUM(AL76:BF76) -> 5 | BH76: =BG76/BG$9*100 -> 41.666667 | BI76: 1 | BL76: 1 | BT76: 1 | CD76: 1 | CE76: =SUM(BI76:CD76) -> 4 | CF76: =CE76/CE$9*100 -> 44.444444 | CG76: 1 | CZ76: =SUM(CG76:CQ76) -> 1 | DA76: =CZ76/CZ$9*100 -> 20 | DP76: =SUM(DB76:DO76) -> 0 | DQ76: =DP76/DP$9*100 -> #DIV/0!
A77: 68 | B77: 0827CI241150 | C77: YASH PATEL | D77: =SUM(M77+AJ77+BG77+CE77+CZ77) -> 15 | E77: =(D77)/D$9*100 -> 41.666667 | F77: =IF(E77<50,E77, " ") -> 41.666667 | G77: =IF(E77<30,E77, " ") | M77: =SUM(H77:L77) -> 0 | N77: =M77/M$9*100 -> #DIV/0! | X77: 1 | AB77: 1 | AD77: 1 | AF77: 1 | AG77: 1 | AH77: 1 | AI77: 1 | AJ77: =SUM(O77:AI77) -> 7 | AK77: =AJ77/AJ$9*100 -> 70 | AN77: 1 | AO77: 1 | AS77: 1 | AY77: 1 | AZ77: 1 | BG77: =SUM(AL77:BF77) -> 5 | BH77: =BG77/BG$9*100 -> 41.666667 | BT77: 1 | CD77: 1 | CE77: =SUM(BI77:CD77) -> 2 | CF77: =CE77/CE$9*100 -> 22.222222 | CG77: 1 | CZ77: =SUM(CG77:CQ77) -> 1 | DA77: =CZ77/CZ$9*100 -> 20 | DP77: =SUM(DB77:DO77) -> 0 | DQ77: =DP77/DP$9*100 -> #DIV/0!
A78: 69 | B78: 0827CI241151 | C78: YASH RAJ PANDIT | D78: =SUM(M78+AJ78+BG78+CE78+CZ78) -> 11 | E78: =(D78)/D$9*100 -> 30.555556 | F78: =IF(E78<50,E78, " ") -> 30.555556 | G78: =IF(E78<30,E78, " ") | M78: =SUM(H78:L78) -> 0 | N78: =M78/M$9*100 -> #DIV/0! | AD78: 1 | AH78: 1 | AJ78: =SUM(O78:AI78) -> 2 | AK78: =AJ78/AJ$9*100 -> 20 | AM78: 1 | AU78: 1 | BG78: =SUM(AL78:BF78) -> 2 | BH78: =BG78/BG$9*100 -> 16.666667 | BI78: 1 | BL78: 1 | CC78: 1 | CD78: 1 | CE78: =SUM(BI78:CD78) -> 4 | CF78: =CE78/CE$9*100 -> 44.444444 | CG78: 1 | CJ78: 1 | CK78: 1 | CZ78: =SUM(CG78:CQ78) -> 3 | DA78: =CZ78/CZ$9*100 -> 60 | DP78: =SUM(DB78:DO78) -> 0 | DQ78: =DP78/DP$9*100 -> #DIV/0!
A79: 70 | B79: 0827CI241152 | C79: YASH RAJ SAYAL | D79: =SUM(M79+AJ79+BG79+CE79+CZ79) -> 2 | E79: =(D79)/D$9*100 -> 5.5555556 | F79: =IF(E79<50,E79, " ") -> 5.5555556 | G79: =IF(E79<30,E79, " ") -> 5.5555556 | M79: =SUM(H79:L79) -> 0 | N79: =M79/M$9*100 -> #DIV/0! | AI79: 1 | AJ79: =SUM(O79:AI79) -> 1 | AK79: =AJ79/AJ$9*100 -> 10 | AS79: 1 | BG79: =SUM(AL79:BF79) -> 1 | BH79: =BG79/BG$9*100 -> 8.3333333 | CE79: =SUM(BI79:CD79) -> 0 | CF79: =CE79/CE$9*100 -> 0 | CZ79: =SUM(CG79:CQ79) -> 0 | DA79: =CZ79/CZ$9*100 -> 0 | DP79: =SUM(DB79:DO79) -> 0 | DQ79: =DP79/DP$9*100 -> #DIV/0!
A80: 71 | B80: 0827CI241153 | C80: YASH RAJPUT | D80: =SUM(M80+AJ80+BG80+CE80+CZ80) -> 18 | E80: =(D80)/D$9*100 -> 50 | F80: =IF(E80<50,E80, " ") | G80: =IF(E80<30,E80, " ") | M80: =SUM(H80:L80) -> 0 | N80: =M80/M$9*100 -> #DIV/0! | Y80: 1 | AG80: 1 | AH80: 1 | AI80: 1 | AJ80: =SUM(O80:AI80) -> 4 | AK80: =AJ80/AJ$9*100 -> 40 | AN80: 1 | AO80: 1 | AS80: 1 | AY80: 1 | AZ80: 1 | BB80: 1 | BG80: =SUM(AL80:BF80) -> 6 | BH80: =BG80/BG$9*100 -> 50 | BI80: 1 | BJ80: 1 | BL80: 1 | BO80: 1 | BS80: 1 | BT80: 1 | CD80: 1 | CE80: =SUM(BI80:CD80) -> 7 | CF80: =CE80/CE$9*100 -> 77.777778 | CJ80: 1 | CZ80: =SUM(CG80:CQ80) -> 1 | DA80: =CZ80/CZ$9*100 -> 20 | DP80: =SUM(DB80:DO80) -> 0 | DQ80: =DP80/DP$9*100 -> #DIV/0!
A81: 72 | B81: 0827CI241154 | C81: YASHASVI ARYA | D81: =SUM(M81+AJ81+BG81+CE81+CZ81) -> 21 | E81: =(D81)/D$9*100 -> 58.333333 | F81: =IF(E81<50,E81, " ") | G81: =IF(E81<30,E81, " ") | M81: =SUM(H81:L81) -> 0 | N81: =M81/M$9*100 -> #DIV/0! | Y81: 1 | AB81: 1 | AC81: 1 | AD81: 1 | AG81: 1 | AJ81: =SUM(O81:AI81) -> 5 | AK81: =AJ81/AJ$9*100 -> 50 | AN81: 1 | AS81: 1 | AU81: 1 | AY81: 1 | AZ81: 1 | BD81: 1 | BG81: =SUM(AL81:BF81) -> 6 | BH81: =BG81/BG$9*100 -> 50 | BJ81: 1 | BL81: 1 | BS81: 1 | BT81: 1 | BX81: 1 | CC81: 1 | CD81: 1 | CE81: =SUM(BI81:CD81) -> 7 | CF81: =CE81/CE$9*100 -> 77.777778 | CG81: 1 | CJ81: 1 | CK81: 1 | CZ81: =SUM(CG81:CQ81) -> 3 | DA81: =CZ81/CZ$9*100 -> 60 | DP81: =SUM(DB81:DO81) -> 0 | DQ81: =DP81/DP$9*100 -> #DIV/0!
A82: 73 | B82: 0827CI241155 | C82: YASHIKA KHANDELWAL | D82: =SUM(M82+AJ82+BG82+CE82+CZ82) -> 12 | E82: =(D82)/D$9*100 -> 33.333333 | F82: =IF(E82<50,E82, " ") -> 33.333333 | G82: =IF(E82<30,E82, " ") | M82: =SUM(H82:L82) -> 0 | N82: =M82/M$9*100 -> #DIV/0! | W82: 1 | X82: 1 | AC82: 1 | AD82: 1 | AF82: 1 | AJ82: =SUM(O82:AI82) -> 5 | AK82: =AJ82/AJ$9*100 -> 50 | AN82: 1 | AR82: 1 | AY82: 1 | AZ82: 1 | BG82: =SUM(AL82:BF82) -> 4 | BH82: =BG82/BG$9*100 -> 33.333333 | BO82: 1 | BT82: 1 | CD82: 1 | CE82: =SUM(BI82:CD82) -> 3 | CF82: =CE82/CE$9*100 -> 33.333333 | CZ82: =SUM(CG82:CQ82) -> 0 | DA82: =CZ82/CZ$9*100 -> 0 | DP82: =SUM(DB82:DO82) -> 0 | DQ82: =DP82/DP$9*100 -> #DIV/0!
A83: 74 | B83: 0827CI241156 | C83: YOGITA KAYAT | D83: =SUM(M83+AJ83+BG83+CE83+CZ83) -> 13 | E83: =(D83)/D$9*100 -> 36.111111 | F83: =IF(E83<50,E83, " ") -> 36.111111 | G83: =IF(E83<30,E83, " ") | M83: =SUM(H83:L83) -> 0 | N83: =M83/M$9*100 -> #DIV/0! | AJ83: =SUM(O83:AI83) -> 0 | AK83: =AJ83/AJ$9*100 -> 0 | AO83: 1 | AP83: 1 | AR83: 1 | AS83: 1 | AU83: 1 | AY83: 1 | AZ83: 1 | BE83: 1 | BG83: =SUM(AL83:BF83) -> 8 | BH83: =BG83/BG$9*100 -> 66.666667 | BJ83: 1 | BO83: 1 | CE83: =SUM(BI83:CD83) -> 2 | CF83: =CE83/CE$9*100 -> 22.222222 | CG83: 1 | CI83: 1 | CK83: 1 | CZ83: =SUM(CG83:CQ83) -> 3 | DA83: =CZ83/CZ$9*100 -> 60 | DP83: =SUM(DB83:DO83) -> 0 | DQ83: =DP83/DP$9*100 -> #DIV/0!
A84: 75 | B84: 0827CI253D01 | C84: ADARSH TRIPATHI | D84: =SUM(M84+AJ84+BG84+CE84+CZ84) -> 11 | E84: =(D84)/D$9*100 -> 30.555556 | F84: =IF(E84<50,E84, " ") -> 30.555556 | G84: =IF(E84<30,E84, " ") | M84: =SUM(H84:L84) -> 0 | N84: =M84/M$9*100 -> #DIV/0! | AJ84: =SUM(O84:AI84) -> 0 | AK84: =AJ84/AJ$9*100 -> 0 | AN84: 1 | AO84: 1 | AP84: 1 | AS84: 1 | AU84: 1 | AY84: 1 | AZ84: 1 | BE84: 1 | BG84: =SUM(AL84:BF84) -> 8 | BH84: =BG84/BG$9*100 -> 66.666667 | BS84: 1 | BT84: 1 | CE84: =SUM(BI84:CD84) -> 2 | CF84: =CE84/CE$9*100 -> 22.222222 | CG84: 1 | CZ84: =SUM(CG84:CQ84) -> 1 | DA84: =CZ84/CZ$9*100 -> 20 | DP84: =SUM(DB84:DO84) -> 0 | DQ84: =DP84/DP$9*100 -> #DIV/0!
A85: 76 | B85: 0827CI253D02 | C85: HARSH SINGLE | D85: =SUM(M85+AJ85+BG85+CE85+CZ85) -> 12 | E85: =(D85)/D$9*100 -> 33.333333 | F85: =IF(E85<50,E85, " ") -> 33.333333 | G85: =IF(E85<30,E85, " ") | M85: =SUM(H85:L85) -> 0 | N85: =M85/M$9*100 -> #DIV/0! | AJ85: =SUM(O85:AI85) -> 0 | AK85: =AJ85/AJ$9*100 -> 0 | AN85: 1 | AP85: 1 | AS85: 1 | AY85: 1 | AZ85: 1 | BE85: 1 | BG85: =SUM(AL85:BF85) -> 6 | BH85: =BG85/BG$9*100 -> 50 | BJ85: 1 | BO85: 1 | BS85: 1 | BT85: 1 | CE85: =SUM(BI85:CD85) -> 4 | CF85: =CE85/CE$9*100 -> 44.444444 | CG85: 1 | CK85: 1 | CZ85: =SUM(CG85:CQ85) -> 2 | DA85: =CZ85/CZ$9*100 -> 40 | DP85: =SUM(DB85:DO85) -> 0 | DQ85: =DP85/DP$9*100 -> #DIV/0!
A86: 77 | B86: 0827CI253D04 | C86: MANSI VASWANI | D86: =SUM(M86+AJ86+BG86+CE86+CZ86) -> 21 | E86: =(D86)/D$9*100 -> 58.333333 | F86: =IF(E86<50,E86, " ") | G86: =IF(E86<30,E86, " ") | M86: =SUM(H86:L86) -> 0 | N86: =M86/M$9*100 -> #DIV/0! | AB86: 1 | AC86: 1 | AD86: 1 | AF86: 1 | AG86: 1 | AI86: 1 | AJ86: =SUM(O86:AI86) -> 6 | AK86: =AJ86/AJ$9*100 -> 60 | AM86: 1 | AN86: 1 | AU86: 1 | AY86: 1 | AZ86: 1 | BB86: 1 | BE86: 1 | BG86: =SUM(AL86:BF86) -> 7 | BH86: =BG86/BG$9*100 -> 58.333333 | BI86: 1 | BJ86: 1 | BO86: 1 | BS86: 1 | BT86: 1 | BX86: 1 | CC86: 1 | CD86: 1 | CE86: =SUM(BI86:CD86) -> 8 | CF86: =CE86/CE$9*100 -> 88.888889 | CZ86: =SUM(CG86:CQ86) -> 0 | DA86: =CZ86/CZ$9*100 -> 0 | DP86: =SUM(DB86:DO86) -> 0 | DQ86: =DP86/DP$9*100 -> #DIV/0!
A87: 78 | B87: 0827CI253D05 | C87: MANTHAN SHARMA | D87: =SUM(M87+AJ87+BG87+CE87+CZ87) -> 14 | E87: =(D87)/D$9*100 -> 38.888889 | F87: =IF(E87<50,E87, " ") -> 38.888889 | G87: =IF(E87<30,E87, " ") | M87: =SUM(H87:L87) -> 0 | N87: =M87/M$9*100 -> #DIV/0! | AJ87: =SUM(O87:AI87) -> 0 | AK87: =AJ87/AJ$9*100 -> 0 | AN87: 1 | AO87: 1 | AP87: 1 | AS87: 1 | AU87: 1 | AY87: 1 | AZ87: 1 | BE87: 1 | BG87: =SUM(AL87:BF87) -> 8 | BH87: =BG87/BG$9*100 -> 66.666667 | BJ87: 1 | BO87: 1 | BS87: 1 | BT87: 1 | CE87: =SUM(BI87:CD87) -> 4 | CF87: =CE87/CE$9*100 -> 44.444444 | CG87: 1 | CK87: 1 | CZ87: =SUM(CG87:CQ87) -> 2 | DA87: =CZ87/CZ$9*100 -> 40 | DP87: =SUM(DB87:DO87) -> 0 | DQ87: =DP87/DP$9*100 -> #DIV/0!
A88: 79 | B88: 0827CI253D06 | C88: MOHD AMAAN MIRZA | D88: =SUM(M88+AJ88+BG88+CE88+CZ88) -> 13 | E88: =(D88)/D$9*100 -> 36.111111 | F88: =IF(E88<50,E88, " ") -> 36.111111 | G88: =IF(E88<30,E88, " ") | M88: =SUM(H88:L88) -> 0 | N88: =M88/M$9*100 -> #DIV/0! | Y88: 1 | AI88: 1 | AJ88: =SUM(O88:AI88) -> 2 | AK88: =AJ88/AJ$9*100 -> 20 | AO88: 1 | AR88: 1 | AS88: 1 | AU88: 1 | AY88: 1 | BG88: =SUM(AL88:BF88) -> 5 | BH88: =BG88/BG$9*100 -> 41.666667 | BJ88: 1 | BT88: 1 | CE88: =SUM(BI88:CD88) -> 2 | CF88: =CE88/CE$9*100 -> 22.222222 | CG88: 1 | CH88: 1 | CI88: 1 | CJ88: 1 | CZ88: =SUM(CG88:CQ88) -> 4 | DA88: =CZ88/CZ$9*100 -> 80 | DP88: =SUM(DB88:DO88) -> 0 | DQ88: =DP88/DP$9*100 -> #DIV/0!
A89: 80 | B89: 0827CI253D09 | C89: PURAB SAXENA | D89: =SUM(M89+AJ89+BG89+CE89+CZ89) -> 17 | E89: =(D89)/D$9*100 -> 47.222222 | F89: =IF(E89<50,E89, " ") -> 47.222222 | G89: =IF(E89<30,E89, " ") | M89: =SUM(H89:L89) -> 0 | N89: =M89/M$9*100 -> #DIV/0! | Y89: 1 | AI89: 1 | AJ89: =SUM(O89:AI89) -> 2 | AK89: =AJ89/AJ$9*100 -> 20 | AN89: 1 | AO89: 1 | AP89: 1 | AS89: 1 | AU89: 1 | AY89: 1 | BE89: 1 | BG89: =SUM(AL89:BF89) -> 7 | BH89: =BG89/BG$9*100 -> 58.333333 | BJ89: 1 | BO89: 1 | BS89: 1 | BT89: 1 | CE89: =SUM(BI89:CD89) -> 4 | CF89: =CE89/CE$9*100 -> 44.444444 | CG89: 1 | CH89: 1 | CI89: 1 | CK89: 1 | CZ89: =SUM(CG89:CQ89) -> 4 | DA89: =CZ89/CZ$9*100 -> 80 | DP89: =SUM(DB89:DO89) -> 0 | DQ89: =DP89/DP$9*100 -> #DIV/0!
A90: 81 | B90: 0827CI231080 | C90: Mayank Mishra | D90: =SUM(M90+AJ90+BG90+CE90+CZ90) -> 0 | E90: =(D90)/D$9*100 -> 0 | F90: =IF(E90<50,E90, " ") -> 0 | G90: =IF(E90<30,E90, " ") -> 0 | M90: =SUM(H90:L90) -> 0 | N90: =M90/M$9*100 -> #DIV/0! | AJ90: =SUM(O90:AI90) -> 0 | AK90: =AJ90/AJ$9*100 -> 0 | BG90: =SUM(AL90:BF90) -> 0 | BH90: =BG90/BG$9*100 -> 0 | CE90: =SUM(BI90:CD90) -> 0 | CF90: =CE90/CE$9*100 -> 0 | CZ90: =SUM(CG90:CQ90) -> 0 | DA90: =CZ90/CZ$9*100 -> 0 | DP90: =SUM(DB90:DO90) -> 0 | DQ90: =DP90/DP$9*100 -> #DIV/0!
A91: 82 | D91: =SUM(M91+AJ91+BG91+CE91+CZ91) -> 0 | E91: =(D91)/D$9*100 -> 0 | F91: =IF(E91<50,E91, " ") -> 0 | G91: =IF(E91<30,E91, " ") -> 0 | M91: =SUM(H91:L91) -> 0 | N91: =M91/M$9*100 -> #DIV/0! | AJ91: =SUM(O91:AI91) -> 0 | AK91: =AJ91/AJ$9*100 -> 0 | BG91: =SUM(AL91:BF91) -> 0 | BH91: =BG91/BG$9*100 -> 0 | CE91: =SUM(BI91:CD91) -> 0 | CF91: =CE91/CE$9*100 -> 0 | CZ91: =SUM(CG91:CQ91) -> 0 | DA91: =CZ91/CZ$9*100 -> 0 | DP91: =SUM(DB91:DO91) -> 0 | DQ91: =DP91/DP$9*100 -> #DIV/0!
A92: 83 | D92: =SUM(M92+AJ92+BG92+CE92+CZ92) -> 0 | E92: =(D92)/D$9*100 -> 0 | F92: =IF(E92<50,E92, " ") -> 0 | G92: =IF(E92<30,E92, " ") -> 0 | M92: =SUM(H92:L92) -> 0 | N92: =M92/M$9*100 -> #DIV/0! | AJ92: =SUM(O92:AI92) -> 0 | AK92: =AJ92/AJ$9*100 -> 0 | BG92: =SUM(AL92:BF92) -> 0 | BH92: =BG92/BG$9*100 -> 0 | CE92: =SUM(BI92:CD92) -> 0 | CF92: =CE92/CE$9*100 -> 0 | CZ92: =SUM(CG92:CQ92) -> 0 | DA92: =CZ92/CZ$9*100 -> 0 | DP92: =SUM(DB92:DO92) -> 0 | DQ92: =DP92/DP$9*100 -> #DIV/0!
A93: 84 | D93: =SUM(M93+AJ93+BG93+CE93+CZ93) -> 0 | E93: =(D93)/D$9*100 -> 0 | F93: =IF(E93<50,E93, " ") -> 0 | G93: =IF(E93<30,E93, " ") -> 0 | M93: =SUM(H93:L93) -> 0 | N93: =M93/M$9*100 -> #DIV/0! | AJ93: =SUM(O93:AI93) -> 0 | AK93: =AJ93/AJ$9*100 -> 0 | BG93: =SUM(AL93:BF93) -> 0 | BH93: =BG93/BG$9*100 -> 0 | CE93: =SUM(BI93:CD93) -> 0 | CF93: =CE93/CE$9*100 -> 0 | CZ93: =SUM(CG93:CQ93) -> 0 | DA93: =CZ93/CZ$9*100 -> 0 | DP93: =SUM(DB93:DO93) -> 0 | DQ93: =DP93/DP$9*100 -> #DIV/0!
A94: 85 | D94: =SUM(M94+AJ94+BG94+CE94+CZ94) -> 0 | E94: =(D94)/D$9*100 -> 0 | F94: =IF(E94<50,E94, " ") -> 0 | G94: =IF(E94<30,E94, " ") -> 0 | M94: =SUM(H94:L94) -> 0 | N94: =M94/M$9*100 -> #DIV/0! | AJ94: =SUM(O94:AI94) -> 0 | AK94: =AJ94/AJ$9*100 -> 0 | BG94: =SUM(AL94:BF94) -> 0 | BH94: =BG94/BG$9*100 -> 0 | CE94: =SUM(BI94:CD94) -> 0 | CF94: =CE94/CE$9*100 -> 0 | CZ94: =SUM(CG94:CQ94) -> 0 | DA94: =CZ94/CZ$9*100 -> 0 | DP94: =SUM(DB94:DO94) -> 0 | DQ94: =DP94/DP$9*100 -> #DIV/0!

Sheet 401
A1: BT-401
A2: Faculty Name: | C2: Prof. Neetu Verma
A3: Subject Name : | C3: M-III
A4: Subject Code : | C4: BT401
A5: Start Date | C5: 46104
A6: End Date
H7: 1 | I7: 2 | J7: 3 | K7: 4 | L7: 5 | O7: 1 | P7: 2 | Q7: 3 | R7: 4 | S7: 5 | T7: 6 | U7: 7 | V7: 8 | W7: 9 | X7: 10 | Y7: 11 | Z7: 12 | AA7: 13 | AB7: 14 | AC7: 15 | AD7: 16 | AE7: 17 | AF7: 18 | AG7: 19 | AH7: 20 | AI7: 21 | AL7: 1 | AM7: 2 | AN7: 3 | AO7: 4 | AP7: 5 | AQ7: 6 | AR7: 7 | AS7: 8 | AT7: 9 | AU7: 10 | AV7: 11 | AW7: 12 | AX7: 13 | AY7: 14 | AZ7: 15 | BA7: 16 | BB7: 17 | BC7: 18 | BD7: 19 | BE7: 20 | BF7: 21 | BI7: 1 | BJ7: 2 | BK7: 3 | BL7: 4 | BM7: 5 | BN7: 6 | BO7: 7 | BP7: 8 | BQ7: 9 | BR7: 10 | BS7: 11 | BT7: 12 | BU7: 13 | BV7: 14 | BW7: 15 | BX7: 16 | BY7: 17 | BZ7: 18 | CA7: 19 | CB7: 20 | CC7: 21 | CD7: 22 | CG7: 1 | CH7: 2 | CI7: 3 | CJ7: 4 | CK7: 5 | CL7: 6 | CM7: 7 | CN7: 8 | CO7: 9 | CP7: 10 | CQ7: 11 | CR7: 12 | CS7: 13 | CT7: 14 | CU7: 15 | CV7: 16 | CW7: 17 | CX7: 18 | CY7: 19
D8: Total Class | E8: OverAll Att. % | F8: 1 | G8: Att. 30% | H8: 46104 | I8: 46105 | J8: 46106 | K8: 46107 | L8: 46111 | M8: MARCH CLASS | N8: MARCH% | O8: 46113 | P8: 46114 | Q8: 46115 | R8: 46118 | S8: 46119 | T8: 46120 | U8: 46121 | V8: 46122 | W8: 46125 | X8: 46127 | Y8: 46128 | Z8: 46129 | AA8: 46132 | AB8: 46133 | AC8: 46134 | AD8: 46135 | AE8: 46136 | AF8: 46139 | AG8: 46140 | AH8: 46141 | AI8: 46142 | AJ8: APRIL CLASS | AK8: APRIL% | AL8: 46143 | AM8: 46146 | AN8: 46147 | AO8: 46148 | AP8: 46149 | AQ8: 46150 | AR8: 46153 | AS8: 46154 | AT8: 46155 | AU8: 46156 | AV8: 46157 | AW8: 46160 | AX8: 46161 | AY8: 46162 | AZ8: 46163 | BA8: 46164 | BB8: 46167 | BC8: 46168 | BD8: 46169 | BE8: 46170 | BF8: 46171 | BG8: MAY CLASS | BH8: MAY % | BI8: 46174 | BJ8: 46175 | BK8: 46176 | BL8: 46177 | BM8: 46178 | BN8: 46181 | BO8: 46182 | BP8: 46183 | BQ8: 46184 | BR8: 46185 | BS8: 46188 | BT8: 46189 | BU8: 46190 | BV8: 46191 | BW8: 46192 | BX8: 46195 | BY8: 46196 | BZ8: 46197 | CA8: 46198 | CB8: 46199 | CC8: 46202 | CD8: 46203 | CE8: JUNE CLASS | CF8: JUNE% | CG8: 46205 | CH8: 46209 | CI8: 46210 | CZ8: JULY CLASS | DA8: JULY% | DP8: JAN CLASS | DQ8: JAN %
A9: s.no. | B9: Enrollment NO. | C9: Student Name | D9: =SUM(M9+AJ9+BG9+CE9+CZ9) -> 39 | H9: =SUM(H10:H94) -> 0 | I9: =SUM(I10:I94) -> 0 | J9: =SUM(J10:J94) -> 0 | K9: =SUM(K10:K94) -> 0 | L9: =SUM(L10:L94) -> 0 | M9: =COUNTIF(H9:L9,">0") -> 0 | N9: =COUNTIF(H9:L9,">0") -> 0 | O9: =SUM(O10:O94) -> 0 | P9: =SUM(P10:P94) -> 0 | Q9: =SUM(Q10:Q94) -> 0 | R9: =SUM(R10:R94) -> 0 | S9: =SUM(S10:S94) -> 0 | T9: =SUM(T10:T94) -> 0 | U9: =SUM(U10:U94) -> 0 | V9: =SUM(V10:V94) -> 0 | ... AI9: =SUM(AI10:AI94) -> 0 | AJ9: =COUNTIF(O9:AI9,">0") -> 9 | AK9: =SUM(M9+AJ9) -> 9 | AL9: =SUM(AL10:AL94) -> 22 | AM9: =SUM(AM10:AM94) -> 0 | AN9: =SUM(AN10:AN94) -> 32 | AO9: =SUM(AO10:AO94) -> 33 | AP9: =SUM(AP10:AP94) -> 21 | AQ9: =SUM(AQ10:AQ94) -> 34 | AR9: =SUM(AR10:AR94) -> 0 | AS9: =SUM(AS10:AS94) -> 34 | ... BF9: =SUM(BF10:BF94) -> 30 | BG9: =COUNTIF(AL9:BF9,">0") -> 16 | BH9: =SUM(AK9+BG9) -> 25 | BI9: =SUM(BI10:BI94) -> 0 | BJ9: =SUM(BJ10:BJ94) -> 32 | BK9: =SUM(BK10:BK94) -> 0 | BL9: =SUM(BL10:BL94) -> 17 | BM9: =SUM(BM10:BM94) -> 0 | BN9: =SUM(BN10:BN94) -> 0 | BO9: =SUM(BO10:BO94) -> 42 | BP9: =SUM(BP10:BP94) -> 41 | ... CD9: =SUM(CD10:CD94) -> 31 | CE9: =COUNTIF(BI9:CD9,">0") -> 11 | CF9: =SUM(BH9+CE9) -> 36 | CG9: =SUM(CG10:CG94) -> 102 | CH9: =SUM(CH10:CH94) -> 14 | CI9: =SUM(CI10:CI94) -> 62 | CJ9: =SUM(CJ10:CJ94) -> 0 | CK9: =SUM(CK10:CK94) -> 0 | CL9: =SUM(CL10:CL94) -> 0 | CM9: =SUM(CM10:CM94) -> 0 | CN9: =SUM(CN10:CN94) -> 0 | ... CY9: =SUM(CY10:CY94) -> 0 | CZ9: =COUNTIF(CG9:CQ9,">0") -> 3 | DA9: =SUM(CF9+CZ9) -> 39 | DB9: =SUM(DB10:DB94) -> 0 | DC9: =SUM(DC10:DC94) -> 0 | DD9: =SUM(DD10:DD94) -> 0 | DE9: =SUM(DE10:DE94) -> 0 | DF9: =SUM(DF10:DF94) -> 0 | DG9: =SUM(DG10:DG94) -> 0 | DH9: =SUM(DH10:DH94) -> 0 | DI9: =SUM(DI10:DI94) -> 0 | ... DO9: =SUM(DO10:DO94) -> 0 | DP9: =COUNTIF(DB9:DO9,">0") -> 0 | DQ9: =SUM(CV9+DP9) -> 0
A10: 1 | B10: 0827CI241083 | C10: PARMEET KEVAT | D10: =SUM(M10+AJ10+BG10+CE10+CZ10) -> 23 | E10: =(D10)/D$9*100 -> 58.974359 | F10: =IF(E10<50,E10, " ") | G10: =IF(E10<30,E10, " ") | M10: =SUM(H10:L10) -> 0 | N10: =M10/M$9*100 -> #DIV/0! | X10: 1 | Y10: 1 | Z10: 1 | AB10: 1 | AC10: 1 | AD10: 1 | AG10: 1 | AH10: 1 | AJ10: =SUM(O10:AI10) -> 8 | AK10: =AJ10/AJ$9*100 -> 88.888889 | AN10: 1 | AO10: 1 | AP10: 1 | AQ10: 1 | AT10: 1 | AX10: 1 | AY10: 1 | AZ10: 1 | BD10: 1 | BF10: 1 | BG10: =SUM(AL10:BF10) -> 10 | BH10: =BG10/BG$9*100 -> 62.5 | BO10: 1 | BR10: 1 | BZ10: 1 | CB10: 2 | CE10: =SUM(BI10:CD10) -> 5 | CF10: =CE10/CE$9*100 -> 45.454545 | CZ10: =SUM(CG10:CQ10) -> 0 | DA10: =CZ10/CZ$9*100 -> 0 | DP10: =SUM(DB10:DO10) -> 0 | DQ10: =DP10/DP$9*100 -> #DIV/0!
A11: 2 | B11: 0827CI241084 | C11: PARTH SHARMA | D11: =SUM(M11+AJ11+BG11+CE11+CZ11) -> 28 | E11: =(D11)/D$9*100 -> 71.794872 | F11: =IF(E11<50,E11, " ") | G11: =IF(E11<30,E11, " ") | M11: =SUM(H11:L11) -> 0 | N11: =M11/M$9*100 -> #DIV/0! | X11: 1 | Y11: 1 | Z11: 1 | AB11: 1 | AC11: 1 | AD11: 1 | AE11: 2 | AG11: 1 | AH11: 1 | AJ11: =SUM(O11:AI11) -> 10 | AK11: =AJ11/AJ$9*100 -> 111.11111 | AN11: 1 | AO11: 1 | AP11: 1 | AQ11: 1 | AS11: 1 | AT11: 1 | AX11: 1 | AY11: 1 | AZ11: 1 | BD11: 1 | BG11: =SUM(AL11:BF11) -> 10 | BH11: =BG11/BG$9*100 -> 62.5 | BO11: 1 | BP11: 1 | BT11: 1 | BZ11: 1 | CB11: 2 | CE11: =SUM(BI11:CD11) -> 6 | CF11: =CE11/CE$9*100 -> 54.545455 | CG11: 2 | CZ11: =SUM(CG11:CQ11) -> 2 | DA11: =CZ11/CZ$9*100 -> 66.666667 | DP11: =SUM(DB11:DO11) -> 0 | DQ11: =DP11/DP$9*100 -> #DIV/0!
A12: 3 | B12: 0827CI241085 | C12: PARTH SHARMA | D12: =SUM(M12+AJ12+BG12+CE12+CZ12) -> 2 | E12: =(D12)/D$9*100 -> 5.1282051 | F12: =IF(E12<50,E12, " ") -> 5.1282051 | G12: =IF(E12<30,E12, " ") -> 5.1282051 | M12: =SUM(H12:L12) -> 0 | N12: =M12/M$9*100 -> #DIV/0! | AJ12: =SUM(O12:AI12) -> 0 | AK12: =AJ12/AJ$9*100 -> 0 | BG12: =SUM(AL12:BF12) -> 0 | BH12: =BG12/BG$9*100 -> 0 | CE12: =SUM(BI12:CD12) -> 0 | CF12: =CE12/CE$9*100 -> 0 | CI12: 2 | CZ12: =SUM(CG12:CQ12) -> 2 | DA12: =CZ12/CZ$9*100 -> 66.666667 | DP12: =SUM(DB12:DO12) -> 0 | DQ12: =DP12/DP$9*100 -> #DIV/0!
A13: 4 | B13: 0827CI241086 | C13: PARUL DEVKAR | D13: =SUM(M13+AJ13+BG13+CE13+CZ13) -> 0 | E13: =(D13)/D$9*100 -> 0 | F13: =IF(E13<50,E13, " ") -> 0 | G13: =IF(E13<30,E13, " ") -> 0 | M13: =SUM(H13:L13) -> 0 | N13: =M13/M$9*100 -> #DIV/0! | AJ13: =SUM(O13:AI13) -> 0 | AK13: =AJ13/AJ$9*100 -> 0 | BG13: =SUM(AL13:BF13) -> 0 | BH13: =BG13/BG$9*100 -> 0 | CE13: =SUM(BI13:CD13) -> 0 | CF13: =CE13/CE$9*100 -> 0 | CZ13: =SUM(CG13:CQ13) -> 0 | DA13: =CZ13/CZ$9*100 -> 0 | DP13: =SUM(DB13:DO13) -> 0 | DQ13: =DP13/DP$9*100 -> #DIV/0!
A14: 5 | B14: 0827CI241087 | C14: PAVNI SONER | D14: =SUM(M14+AJ14+BG14+CE14+CZ14) -> 21 | E14: =(D14)/D$9*100 -> 53.846154 | F14: =IF(E14<50,E14, " ") | G14: =IF(E14<30,E14, " ") | M14: =SUM(H14:L14) -> 0 | N14: =M14/M$9*100 -> #DIV/0! | X14: 1 | Y14: 1 | Z14: 1 | AB14: 1 | AG14: 1 | AH14: 1 | AJ14: =SUM(O14:AI14) -> 6 | AK14: =AJ14/AJ$9*100 -> 66.666667 | AN14: 1 | AO14: 1 | AQ14: 1 | AX14: 1 | AY14: 1 | AZ14: 1 | BC14: 1 | BF14: 1 | BG14: =SUM(AL14:BF14) -> 8 | BH14: =BG14/BG$9*100 -> 50 | BZ14: 1 | CB14: 2 | CD14: 1 | CE14: =SUM(BI14:CD14) -> 4 | CF14: =CE14/CE$9*100 -> 36.363636 | CG14: 2 | CH14: 1 | CZ14: =SUM(CG14:CQ14) -> 3 | DA14: =CZ14/CZ$9*100 -> 100 | DP14: =SUM(DB14:DO14) -> 0 | DQ14: =DP14/DP$9*100 -> #DIV/0!
A15: 6 | B15: 0827CI241088 | C15: PIYUSH MANDLOI | D15: =SUM(M15+AJ15+BG15+CE15+CZ15) -> 22 | E15: =(D15)/D$9*100 -> 56.410256 | F15: =IF(E15<50,E15, " ") | G15: =IF(E15<30,E15, " ") | M15: =SUM(H15:L15) -> 0 | N15: =M15/M$9*100 -> #DIV/0! | Z15: 1 | AE15: 2 | AG15: 1 | AH15: 1 | AJ15: =SUM(O15:AI15) -> 5 | AK15: =AJ15/AJ$9*100 -> 55.555556 | AL15: 1 | AN15: 1 | AQ15: 1 | AY15: 1 | AZ15: 1 | BC15: 1 | BG15: =SUM(AL15:BF15) -> 6 | BH15: =BG15/BG$9*100 -> 37.5 | BP15: 1 | BR15: 1 | BT15: 1 | CB15: 2 | CD15: 1 | CE15: =SUM(BI15:CD15) -> 6 | CF15: =CE15/CE$9*100 -> 54.545455 | CG15: 2 | CH15: 1 | CI15: 2 | CZ15: =SUM(CG15:CQ15) -> 5 | DA15: =CZ15/CZ$9*100 -> 166.66667 | DP15: =SUM(DB15:DO15) -> 0 | DQ15: =DP15/DP$9*100 -> #DIV/0!
A16: 7 | B16: 0827CI241089 | C16: PRAGATI VERMA | D16: =SUM(M16+AJ16+BG16+CE16+CZ16) -> 13 | E16: =(D16)/D$9*100 -> 33.333333 | F16: =IF(E16<50,E16, " ") -> 33.333333 | G16: =IF(E16<30,E16, " ") | M16: =SUM(H16:L16) -> 0 | N16: =M16/M$9*100 -> #DIV/0! | AB16: 1 | AC16: 1 | AD16: 1 | AH16: 1 | AJ16: =SUM(O16:AI16) -> 4 | AK16: =AJ16/AJ$9*100 -> 44.444444 | AL16: 1 | AT16: 1 | AV16: 1 | BG16: =SUM(AL16:BF16) -> 3 | BH16: =BG16/BG$9*100 -> 18.75 | BJ16: 1 | BO16: 1 | BP16: 1 | BZ16: 1 | CE16: =SUM(BI16:CD16) -> 4 | CF16: =CE16/CE$9*100 -> 36.363636 | CI16: 2 | CZ16: =SUM(CG16:CQ16) -> 2 | DA16: =CZ16/CZ$9*100 -> 66.666667 | DP16: =SUM(DB16:DO16) -> 0 | DQ16: =DP16/DP$9*100 -> #DIV/0!
A17: 8 | B17: 0827CI241090 | C17: PRANAL PATEL | D17: =SUM(M17+AJ17+BG17+CE17+CZ17) -> 7 | E17: =(D17)/D$9*100 -> 17.948718 | F17: =IF(E17<50,E17, " ") -> 17.948718 | G17: =IF(E17<30,E17, " ") -> 17.948718 | M17: =SUM(H17:L17) -> 0 | N17: =M17/M$9*100 -> #DIV/0! | X17: 1 | Y17: 1 | AB17: 1 | AJ17: =SUM(O17:AI17) -> 3 | AK17: =AJ17/AJ$9*100 -> 33.333333 | AY17: 1 | BG17: =SUM(AL17:BF17) -> 1 | BH17: =BG17/BG$9*100 -> 6.25 | BL17: 1 | CE17: =SUM(BI17:CD17) -> 1 | CF17: =CE17/CE$9*100 -> 9.0909091 | CG17: 2 | CZ17: =SUM(CG17:CQ17) -> 2 | DA17: =CZ17/CZ$9*100 -> 66.666667 | DP17: =SUM(DB17:DO17) -> 0 | DQ17: =DP17/DP$9*100 -> #DIV/0!
A18: 9 | B18: 0827CI241091 | C18: PRANIT GURVE | D18: =SUM(M18+AJ18+BG18+CE18+CZ18) -> 17 | E18: =(D18)/D$9*100 -> 43.589744 | F18: =IF(E18<50,E18, " ") -> 43.589744 | G18: =IF(E18<30,E18, " ") | M18: =SUM(H18:L18) -> 0 | N18: =M18/M$9*100 -> #DIV/0! | AE18: 2 | AJ18: =SUM(O18:AI18) -> 2 | AK18: =AJ18/AJ$9*100 -> 22.222222 | AN18: 1 | AO18: 1 | AP18: 1 | AZ18: 1 | BC18: 1 | BD18: 1 | BG18: =SUM(AL18:BF18) -> 6 | BH18: =BG18/BG$9*100 -> 37.5 | BJ18: 1 | BP18: 1 | BR18: 1 | BT18: 1 | BY18: 1 | BZ18: 1 | CD18: 1 | CE18: =SUM(BI18:CD18) -> 7 | CF18: =CE18/CE$9*100 -> 63.636364 | CI18: 2 | CZ18: =SUM(CG18:CQ18) -> 2 | DA18: =CZ18/CZ$9*100 -> 66.666667 | DP18: =SUM(DB18:DO18) -> 0 | DQ18: =DP18/DP$9*100 -> #DIV/0!
A19: 10 | B19: 0827CI241092 | C19: PRANSHU KUMAWAT | D19: =SUM(M19+AJ19+BG19+CE19+CZ19) -> 6 | E19: =(D19)/D$9*100 -> 15.384615 | F19: =IF(E19<50,E19, " ") -> 15.384615 | G19: =IF(E19<30,E19, " ") -> 15.384615 | M19: =SUM(H19:L19) -> 0 | N19: =M19/M$9*100 -> #DIV/0! | AG19: 1 | AJ19: =SUM(O19:AI19) -> 1 | AK19: =AJ19/AJ$9*100 -> 11.111111 | AL19: 1 | AS19: 1 | AT19: 1 | BG19: =SUM(AL19:BF19) -> 3 | BH19: =BG19/BG$9*100 -> 18.75 | CE19: =SUM(BI19:CD19) -> 0 | CF19: =CE19/CE$9*100 -> 0 | CG19: 2 | CZ19: =SUM(CG19:CQ19) -> 2 | DA19: =CZ19/CZ$9*100 -> 66.666667 | DP19: =SUM(DB19:DO19) -> 0 | DQ19: =DP19/DP$9*100 -> #DIV/0!
A20: 11 | B20: 0827CI241093 | C20: PRASHAM JAIN | D20: =SUM(M20+AJ20+BG20+CE20+CZ20) -> 26 | E20: =(D20)/D$9*100 -> 66.666667 | F20: =IF(E20<50,E20, " ") | G20: =IF(E20<30,E20, " ") | M20: =SUM(H20:L20) -> 0 | N20: =M20/M$9*100 -> #DIV/0! | X20: 1 | Y20: 1 | Z20: 1 | AB20: 1 | AC20: 1 | AD20: 1 | AG20: 1 | AJ20: =SUM(O20:AI20) -> 7 | AK20: =AJ20/AJ$9*100 -> 77.777778 | AN20: 1 | AO20: 1 | AP20: 1 | AQ20: 1 | AS20: 1 | AX20: 1 | AZ20: 1 | BD20: 1 | BF20: 1 | BG20: =SUM(AL20:BF20) -> 9 | BH20: =BG20/BG$9*100 -> 56.25 | BJ20: 1 | BO20: 1 | BP20: 1 | BT20: 1 | CB20: 2 | CE20: =SUM(BI20:CD20) -> 6 | CF20: =CE20/CE$9*100 -> 54.545455 | CG20: 2 | CI20: 2 | CZ20: =SUM(CG20:CQ20) -> 4 | DA20: =CZ20/CZ$9*100 -> 133.33333 | DP20: =SUM(DB20:DO20) -> 0 | DQ20: =DP20/DP$9*100 -> #DIV/0!
A21: 12 | B21: 0827CI241094 | C21: PRATHAM BHAWSAR | D21: =SUM(M21+AJ21+BG21+CE21+CZ21) -> 32 | E21: =(D21)/D$9*100 -> 82.051282 | F21: =IF(E21<50,E21, " ") | G21: =IF(E21<30,E21, " ") | M21: =SUM(H21:L21) -> 0 | N21: =M21/M$9*100 -> #DIV/0! | X21: 1 | Y21: 1 | Z21: 1 | AB21: 1 | AC21: 1 | AD21: 1 | AE21: 2 | AG21: 1 | AH21: 1 | AJ21: =SUM(O21:AI21) -> 10 | AK21: =AJ21/AJ$9*100 -> 111.11111 | AL21: 1 | AN21: 1 | AO21: 1 | AQ21: 1 | AS21: 1 | AX21: 1 | AY21: 1 | AZ21: 1 | BC21: 1 | BD21: 1 | BF21: 1 | BG21: =SUM(AL21:BF21) -> 11 | BH21: =BG21/BG$9*100 -> 68.75 | BL21: 1 | BO21: 1 | BP21: 1 | BT21: 1 | BY21: 1 | CA21: 2 | CB21: 2 | CE21: =SUM(BI21:CD21) -> 9 | CF21: =CE21/CE$9*100 -> 81.818182 | CI21: 2 | CZ21: =SUM(CG21:CQ21) -> 2 | DA21: =CZ21/CZ$9*100 -> 66.666667 | DP21: =SUM(DB21:DO21) -> 0 | DQ21: =DP21/DP$9*100 -> #DIV/0!
A22: 13 | B22: 0827CI241095 | C22: PRATHAM BORDE | D22: =SUM(M22+AJ22+BG22+CE22+CZ22) -> 25 | E22: =(D22)/D$9*100 -> 64.102564 | F22: =IF(E22<50,E22, " ") | G22: =IF(E22<30,E22, " ") | M22: =SUM(H22:L22) -> 0 | N22: =M22/M$9*100 -> #DIV/0! | X22: 1 | Y22: 1 | Z22: 1 | AB22: 1 | AE22: 2 | AH22: 1 | AJ22: =SUM(O22:AI22) -> 7 | AK22: =AJ22/AJ$9*100 -> 77.777778 | AS22: 1 | AT22: 1 | AU22: 1 | AV22: 1 | AX22: 1 | AY22: 1 | BC22: 1 | BE22: 1 | BF22: 1 | BG22: =SUM(AL22:BF22) -> 9 | BH22: =BG22/BG$9*100 -> 56.25 | BL22: 1 | BO22: 1 | BT22: 1 | BY22: 1 | BZ22: 1 | CE22: =SUM(BI22:CD22) -> 5 | CF22: =CE22/CE$9*100 -> 45.454545 | CG22: 2 | CI22: 2 | CZ22: =SUM(CG22:CQ22) -> 4 | DA22: =CZ22/CZ$9*100 -> 133.33333 | DP22: =SUM(DB22:DO22) -> 0 | DQ22: =DP22/DP$9*100 -> #DIV/0!
A23: 14 | B23: 0827CI241096 | C23: PRATHAM KARANKAR | D23: =SUM(M23+AJ23+BG23+CE23+CZ23) -> 21 | E23: =(D23)/D$9*100 -> 53.846154 | F23: =IF(E23<50,E23, " ") | G23: =IF(E23<30,E23, " ") | M23: =SUM(H23:L23) -> 0 | N23: =M23/M$9*100 -> #DIV/0! | AB23: 1 | AC23: 1 | AE23: 2 | AG23: 1 | AH23: 1 | AJ23: =SUM(O23:AI23) -> 6 | AK23: =AJ23/AJ$9*100 -> 66.666667 | AN23: 1 | AO23: 1 | AP23: 1 | AT23: 1 | AX23: 1 | AY23: 1 | AZ23: 1 | BG23: =SUM(AL23:BF23) -> 7 | BH23: =BG23/BG$9*100 -> 43.75 | BO23: 1 | BR23: 1 | BZ23: 1 | CB23: 2 | CE23: =SUM(BI23:CD23) -> 5 | CF23: =CE23/CE$9*100 -> 45.454545 | CG23: 2 | CH23: 1 | CZ23: =SUM(CG23:CQ23) -> 3 | DA23: =CZ23/CZ$9*100 -> 100 | DP23: =SUM(DB23:DO23) -> 0 | DQ23: =DP23/DP$9*100 -> #DIV/0!
A24: 15 | B24: 0827CI241097 | C24: PRATHMESH MANDLOI | D24: =SUM(M24+AJ24+BG24+CE24+CZ24) -> 15 | E24: =(D24)/D$9*100 -> 38.461538 | F24: =IF(E24<50,E24, " ") -> 38.461538 | G24: =IF(E24<30,E24, " ") | M24: =SUM(H24:L24) -> 0 | N24: =M24/M$9*100 -> #DIV/0! | X24: 1 | Y24: 1 | Z24: 1 | AB24: 1 | AC24: 1 | AG24: 1 | AH24: 1 | AJ24: =SUM(O24:AI24) -> 7 | AK24: =AJ24/AJ$9*100 -> 77.777778 | AO24: 1 | AX24: 1 | AY24: 1 | BG24: =SUM(AL24:BF24) -> 3 | BH24: =BG24/BG$9*100 -> 18.75 | BO24: 1 | BT24: 1 | BY24: 1 | CE24: =SUM(BI24:CD24) -> 3 | CF24: =CE24/CE$9*100 -> 27.272727 | CG24: 2 | CZ24: =SUM(CG24:CQ24) -> 2 | DA24: =CZ24/CZ$9*100 -> 66.666667 | DP24: =SUM(DB24:DO24) -> 0 | DQ24: =DP24/DP$9*100 -> #DIV/0!
A25: 16 | B25: 0827CI241098 | C25: PRATIKSHA KUMAWAT | D25: =SUM(M25+AJ25+BG25+CE25+CZ25) -> 19 | E25: =(D25)/D$9*100 -> 48.717949 | F25: =IF(E25<50,E25, " ") -> 48.717949 | G25: =IF(E25<30,E25, " ") | M25: =SUM(H25:L25) -> 0 | N25: =M25/M$9*100 -> #DIV/0! | Z25: 1 | AB25: 1 | AH25: 1 | AJ25: =SUM(O25:AI25) -> 3 | AK25: =AJ25/AJ$9*100 -> 33.333333 | AL25: 1 | AN25: 1 | AQ25: 1 | AX25: 1 | AY25: 1 | AZ25: 1 | BC25: 1 | BF25: 1 | BG25: =SUM(AL25:BF25) -> 8 | BH25: =BG25/BG$9*100 -> 50 | BO25: 1 | BZ25: 1 | CB25: 2 | CD25: 1 | CE25: =SUM(BI25:CD25) -> 5 | CF25: =CE25/CE$9*100 -> 45.454545 | CG25: 2 | CH25: 1 | CZ25: =SUM(CG25:CQ25) -> 3 | DA25: =CZ25/CZ$9*100 -> 100 | DP25: =SUM(DB25:DO25) -> 0 | DQ25: =DP25/DP$9*100 -> #DIV/0!
A26: 17 | B26: 0827CI241099 | C26: PRAYATI BABULGAONKAR | D26: =SUM(M26+AJ26+BG26+CE26+CZ26) -> 19 | E26: =(D26)/D$9*100 -> 48.717949 | F26: =IF(E26<50,E26, " ") -> 48.717949 | G26: =IF(E26<30,E26, " ") | M26: =SUM(H26:L26) -> 0 | N26: =M26/M$9*100 -> #DIV/0! | X26: 1 | Y26: 1 | AC26: 1 | AG26: 1 | AJ26: =SUM(O26:AI26) -> 4 | AK26: =AJ26/AJ$9*100 -> 44.444444 | AN26: 1 | AO26: 1 | AQ26: 1 | AX26: 1 | AZ26: 1 | BF26: 1 | BG26: =SUM(AL26:BF26) -> 6 | BH26: =BG26/BG$9*100 -> 37.5 | BO26: 1 | BP26: 1 | BT26: 1 | CB26: 2 | CE26: =SUM(BI26:CD26) -> 5 | CF26: =CE26/CE$9*100 -> 45.454545 | CG26: 2 | CI26: 2 | CZ26: =SUM(CG26:CQ26) -> 4 | DA26: =CZ26/CZ$9*100 -> 133.33333 | DP26: =SUM(DB26:DO26) -> 0 | DQ26: =DP26/DP$9*100 -> #DIV/0!
A27: 18 | B27: 0827CI241100 | C27: PRIYANKA SAWARKAR | D27: =SUM(M27+AJ27+BG27+CE27+CZ27) -> 16 | E27: =(D27)/D$9*100 -> 41.025641 | F27: =IF(E27<50,E27, " ") -> 41.025641 | G27: =IF(E27<30,E27, " ") | M27: =SUM(H27:L27) -> 0 | N27: =M27/M$9*100 -> #DIV/0! | X27: 1 | Y27: 1 | AC27: 1 | AG27: 1 | AJ27: =SUM(O27:AI27) -> 4 | AK27: =AJ27/AJ$9*100 -> 44.444444 | AP27: 1 | AX27: 1 | BC27: 1 | BF27: 1 | BG27: =SUM(AL27:BF27) -> 4 | BH27: =BG27/BG$9*100 -> 25 | BT27: 1 | BZ27: 1 | CB27: 2 | CE27: =SUM(BI27:CD27) -> 4 | CF27: =CE27/CE$9*100 -> 36.363636 | CG27: 2 | CI27: 2 | CZ27: =SUM(CG27:CQ27) -> 4 | DA27: =CZ27/CZ$9*100 -> 133.33333 | DP27: =SUM(DB27:DO27) -> 0 | DQ27: =DP27/DP$9*100 -> #DIV/0!
A28: 19 | B28: 0827CI241101 | C28: RACHCHU JAISWAL | D28: =SUM(M28+AJ28+BG28+CE28+CZ28) -> 11 | E28: =(D28)/D$9*100 -> 28.205128 | F28: =IF(E28<50,E28, " ") -> 28.205128 | G28: =IF(E28<30,E28, " ") -> 28.205128 | M28: =SUM(H28:L28) -> 0 | N28: =M28/M$9*100 -> #DIV/0! | AB28: 1 | AG28: 1 | AJ28: =SUM(O28:AI28) -> 2 | AK28: =AJ28/AJ$9*100 -> 22.222222 | AL28: 1 | AN28: 1 | AQ28: 1 | BG28: =SUM(AL28:BF28) -> 3 | BH28: =BG28/BG$9*100 -> 18.75 | BO28: 1 | BP28: 1 | BR28: 1 | BT28: 1 | BY28: 1 | CD28: 1 | CE28: =SUM(BI28:CD28) -> 6 | CF28: =CE28/CE$9*100 -> 54.545455 | CZ28: =SUM(CG28:CQ28) -> 0 | DA28: =CZ28/CZ$9*100 -> 0 | DP28: =SUM(DB28:DO28) -> 0 | DQ28: =DP28/DP$9*100 -> #DIV/0!
A29: 20 | B29: 0827CI241102 | C29: RAJ KUSHWAH | D29: =SUM(M29+AJ29+BG29+CE29+CZ29) -> 6 | E29: =(D29)/D$9*100 -> 15.384615 | F29: =IF(E29<50,E29, " ") -> 15.384615 | G29: =IF(E29<30,E29, " ") -> 15.384615 | M29: =SUM(H29:L29) -> 0 | N29: =M29/M$9*100 -> #DIV/0! | X29: 1 | AJ29: =SUM(O29:AI29) -> 1 | AK29: =AJ29/AJ$9*100 -> 11.111111 | AP29: 1 | AS29: 1 | AY29: 1 | AZ29: 1 | BG29: =SUM(AL29:BF29) -> 4 | BH29: =BG29/BG$9*100 -> 25 | BL29: 1 | CE29: =SUM(BI29:CD29) -> 1 | CF29: =CE29/CE$9*100 -> 9.0909091 | CZ29: =SUM(CG29:CQ29) -> 0 | DA29: =CZ29/CZ$9*100 -> 0 | DP29: =SUM(DB29:DO29) -> 0 | DQ29: =DP29/DP$9*100 -> #DIV/0!
A30: 21 | B30: 0827CI241103 | C30: RAJVEER MISTRI | D30: =SUM(M30+AJ30+BG30+CE30+CZ30) -> 21 | E30: =(D30)/D$9*100 -> 53.846154 | F30: =IF(E30<50,E30, " ") | G30: =IF(E30<30,E30, " ") | M30: =SUM(H30:L30) -> 0 | N30: =M30/M$9*100 -> #DIV/0! | AB30: 1 | AC30: 1 | AD30: 1 | AH30: 1 | AJ30: =SUM(O30:AI30) -> 4 | AK30: =AJ30/AJ$9*100 -> 44.444444 | AN30: 1 | AO30: 1 | AQ30: 1 | AX30: 1 | AY30: 1 | AZ30: 1 | BG30: =SUM(AL30:BF30) -> 6 | BH30: =BG30/BG$9*100 -> 37.5 | BL30: 1 | BO30: 1 | BP30: 1 | BR30: 1 | BT30: 1 | BY30: 1 | BZ30: 1 | CB30: 2 | CE30: =SUM(BI30:CD30) -> 9 | CF30: =CE30/CE$9*100 -> 81.818182 | CG30: 2 | CZ30: =SUM(CG30:CQ30) -> 2 | DA30: =CZ30/CZ$9*100 -> 66.666667 | DP30: =SUM(DB30:DO30) -> 0 | DQ30: =DP30/DP$9*100 -> #DIV/0!
A31: 22 | B31: 0827CI241104 | C31: REHAN SHAIKH | D31: =SUM(M31+AJ31+BG31+CE31+CZ31) -> 5 | E31: =(D31)/D$9*100 -> 12.820513 | F31: =IF(E31<50,E31, " ") -> 12.820513 | G31: =IF(E31<30,E31, " ") -> 12.820513 | M31: =SUM(H31:L31) -> 0 | N31: =M31/M$9*100 -> #DIV/0! | AJ31: =SUM(O31:AI31) -> 0 | AK31: =AJ31/AJ$9*100 -> 0 | AS31: 1 | AT31: 1 | BG31: =SUM(AL31:BF31) -> 2 | BH31: =BG31/BG$9*100 -> 12.5 | BY31: 1 | CE31: =SUM(BI31:CD31) -> 1 | CF31: =CE31/CE$9*100 -> 9.0909091 | CI31: 2 | CZ31: =SUM(CG31:CQ31) -> 2 | DA31: =CZ31/CZ$9*100 -> 66.666667 | DP31: =SUM(DB31:DO31) -> 0 | DQ31: =DP31/DP$9*100 -> #DIV/0!
A32: 23 | B32: 0827CI241105 | C32: RHYTHM MAHAJAN | D32: =SUM(M32+AJ32+BG32+CE32+CZ32) -> 25 | E32: =(D32)/D$9*100 -> 64.102564 | F32: =IF(E32<50,E32, " ") | G32: =IF(E32<30,E32, " ") | M32: =SUM(H32:L32) -> 0 | N32: =M32/M$9*100 -> #DIV/0! | X32: 1 | Y32: 1 | Z32: 1 | AB32: 1 | AC32: 1 | AG32: 1 | AH32: 1 | AJ32: =SUM(O32:AI32) -> 7 | AK32: =AJ32/AJ$9*100 -> 77.777778 | AN32: 1 | AO32: 1 | AX32: 1 | AZ32: 1 | BC32: 1 | BF32: 1 | BG32: =SUM(AL32:BF32) -> 6 | BH32: =BG32/BG$9*100 -> 37.5 | BO32: 1 | BP32: 1 | BR32: 1 | BT32: 1 | BY32: 1 | BZ32: 1 | CB32: 2 | CE32: =SUM(BI32:CD32) -> 8 | CF32: =CE32/CE$9*100 -> 72.727273 | CG32: 2 | CI32: 2 | CZ32: =SUM(CG32:CQ32) -> 4 | DA32: =CZ32/CZ$9*100 -> 133.33333 | DP32: =SUM(DB32:DO32) -> 0 | DQ32: =DP32/DP$9*100 -> #DIV/0!
A33: 24 | B33: 0827CI241106 | C33: RIMJHIM RAWAL | D33: =SUM(M33+AJ33+BG33+CE33+CZ33) -> 22 | E33: =(D33)/D$9*100 -> 56.410256 | F33: =IF(E33<50,E33, " ") | G33: =IF(E33<30,E33, " ") | M33: =SUM(H33:L33) -> 0 | N33: =M33/M$9*100 -> #DIV/0! | X33: 1 | Y33: 1 | AC33: 1 | AG33: 1 | AH33: 1 | AJ33: =SUM(O33:AI33) -> 5 | AK33: =AJ33/AJ$9*100 -> 55.555556 | AN33: 1 | AO33: 1 | AS33: 1 | AX33: 1 | AZ33: 1 | BC33: 1 | BF33: 1 | BG33: =SUM(AL33:BF33) -> 7 | BH33: =BG33/BG$9*100 -> 43.75 | BP33: 1 | BR33: 1 | BT33: 1 | BZ33: 1 | CB33: 2 | CE33: =SUM(BI33:CD33) -> 6 | CF33: =CE33/CE$9*100 -> 54.545455 | CG33: 2 | CI33: 2 | CZ33: =SUM(CG33:CQ33) -> 4 | DA33: =CZ33/CZ$9*100 -> 133.33333 | DP33: =SUM(DB33:DO33) -> 0 | DQ33: =DP33/DP$9*100 -> #DIV/0!
A34: 25 | B34: 0827CI241107 | C34: RISHABH PACHLASIYA | D34: =SUM(M34+AJ34+BG34+CE34+CZ34) -> 3 | E34: =(D34)/D$9*100 -> 7.6923077 | F34: =IF(E34<50,E34, " ") -> 7.6923077 | G34: =IF(E34<30,E34, " ") -> 7.6923077 | M34: =SUM(H34:L34) -> 0 | N34: =M34/M$9*100 -> #DIV/0! | Z34: 1 | AJ34: =SUM(O34:AI34) -> 1 | AK34: =AJ34/AJ$9*100 -> 11.111111 | AS34: 1 | BG34: =SUM(AL34:BF34) -> 1 | BH34: =BG34/BG$9*100 -> 6.25 | BY34: 1 | CE34: =SUM(BI34:CD34) -> 1 | CF34: =CE34/CE$9*100 -> 9.0909091 | CZ34: =SUM(CG34:CQ34) -> 0 | DA34: =CZ34/CZ$9*100 -> 0 | DP34: =SUM(DB34:DO34) -> 0 | DQ34: =DP34/DP$9*100 -> #DIV/0!
A35: 26 | B35: 0827CI241108 | C35: RISHIKA CHOUHAN | D35: =SUM(M35+AJ35+BG35+CE35+CZ35) -> 12 | E35: =(D35)/D$9*100 -> 30.769231 | F35: =IF(E35<50,E35, " ") -> 30.769231 | G35: =IF(E35<30,E35, " ") | M35: =SUM(H35:L35) -> 0 | N35: =M35/M$9*100 -> #DIV/0! | Y35: 1 | AJ35: =SUM(O35:AI35) -> 1 | AK35: =AJ35/AJ$9*100 -> 11.111111 | AQ35: 1 | AZ35: 1 | BC35: 1 | BD35: 1 | BF35: 1 | BG35: =SUM(AL35:BF35) -> 5 | BH35: =BG35/BG$9*100 -> 31.25 | BO35: 1 | BP35: 1 | BR35: 1 | BT35: 1 | CE35: =SUM(BI35:CD35) -> 4 | CF35: =CE35/CE$9*100 -> 36.363636 | CG35: 2 | CZ35: =SUM(CG35:CQ35) -> 2 | DA35: =CZ35/CZ$9*100 -> 66.666667 | DP35: =SUM(DB35:DO35) -> 0 | DQ35: =DP35/DP$9*100 -> #DIV/0!
A36: 27 | B36: 0827CI241109 | C36: RISHIRAJ JHAWAR | D36: =SUM(M36+AJ36+BG36+CE36+CZ36) -> 20 | E36: =(D36)/D$9*100 -> 51.282051 | F36: =IF(E36<50,E36, " ") | G36: =IF(E36<30,E36, " ") | M36: =SUM(H36:L36) -> 0 | N36: =M36/M$9*100 -> #DIV/0! | X36: 1 | Y36: 1 | AB36: 1 | AJ36: =SUM(O36:AI36) -> 3 | AK36: =AJ36/AJ$9*100 -> 33.333333 | AO36: 1 | AS36: 1 | AT36: 1 | AU36: 1 | AZ36: 1 | BC36: 1 | BD36: 1 | BG36: =SUM(AL36:BF36) -> 7 | BH36: =BG36/BG$9*100 -> 43.75 | BJ36: 1 | BO36: 1 | BP36: 1 | BT36: 1 | BZ36: 1 | CB36: 2 | CD36: 1 | CE36: =SUM(BI36:CD36) -> 8 | CF36: =CE36/CE$9*100 -> 72.727273 | CI36: 2 | CZ36: =SUM(CG36:CQ36) -> 2 | DA36: =CZ36/CZ$9*100 -> 66.666667 | DP36: =SUM(DB36:DO36) -> 0 | DQ36: =DP36/DP$9*100 -> #DIV/0!
A37: 28 | B37: 0827CI241110 | C37: ROHIT PARIHAR | D37: =SUM(M37+AJ37+BG37+CE37+CZ37) -> 25 | E37: =(D37)/D$9*100 -> 64.102564 | F37: =IF(E37<50,E37, " ") | G37: =IF(E37<30,E37, " ") | M37: =SUM(H37:L37) -> 0 | N37: =M37/M$9*100 -> #DIV/0! | X37: 1 | Y37: 1 | Z37: 1 | AB37: 1 | AC37: 1 | AD37: 1 | AE37: 2 | AJ37: =SUM(O37:AI37) -> 8 | AK37: =AJ37/AJ$9*100 -> 88.888889 | AL37: 1 | AN37: ` | AP37: 1 | AQ37: 1 | AX37: 1 | AY37: 1 | AZ37: 1 | BC37: 1 | BD37: 1 | BE37: 1 | BG37: =SUM(AL37:BF37) -> 9 | BH37: =BG37/BG$9*100 -> 56.25 | BJ37: 1 | BL37: 1 | BR37: 1 | BT37: 1 | CB37: 2 | CE37: =SUM(BI37:CD37) -> 6 | CF37: =CE37/CE$9*100 -> 54.545455 | CG37: 2 | CZ37: =SUM(CG37:CQ37) -> 2 | DA37: =CZ37/CZ$9*100 -> 66.666667 | DP37: =SUM(DB37:DO37) -> 0 | DQ37: =DP37/DP$9*100 -> #DIV/0!
A38: 29 | B38: 0827CI241111 | C38: SAHIL PAHUJA | D38: =SUM(M38+AJ38+BG38+CE38+CZ38) -> 24 | E38: =(D38)/D$9*100 -> 61.538462 | F38: =IF(E38<50,E38, " ") | G38: =IF(E38<30,E38, " ") | M38: =SUM(H38:L38) -> 0 | N38: =M38/M$9*100 -> #DIV/0! | X38: 1 | Y38: 1 | Z38: 1 | AD38: 1 | AE38: 2 | AG38: 1 | AH38: 1 | AJ38: =SUM(O38:AI38) -> 8 | AK38: =AJ38/AJ$9*100 -> 88.888889 | AN38: ` | AO38: 1 | AP38: 1 | AS38: 1 | AT38: 1 | AU38: 1 | AY38: 1 | AZ38: 1 | BD38: 1 | BE38: 1 | BG38: =SUM(AL38:BF38) -> 9 | BH38: =BG38/BG$9*100 -> 56.25 | BJ38: 1 | BO38: 1 | BP38: 1 | CB38: 2 | CE38: =SUM(BI38:CD38) -> 5 | CF38: =CE38/CE$9*100 -> 45.454545 | CG38: 2 | CZ38: =SUM(CG38:CQ38) -> 2 | DA38: =CZ38/CZ$9*100 -> 66.666667 | DP38: =SUM(DB38:DO38) -> 0 | DQ38: =DP38/DP$9*100 -> #DIV/0!
A39: 30 | B39: 0827CI241112 | C39: SAMARTH MAHESHWARI | D39: =SUM(M39+AJ39+BG39+CE39+CZ39) -> 28 | E39: =(D39)/D$9*100 -> 71.794872 | F39: =IF(E39<50,E39, " ") | G39: =IF(E39<30,E39, " ") | M39: =SUM(H39:L39) -> 0 | N39: =M39/M$9*100 -> #DIV/0! | X39: 1 | Z39: 1 | AB39: 1 | AC39: 1 | AD39: 1 | AE39: 2 | AH39: 1 | AJ39: =SUM(O39:AI39) -> 8 | AK39: =AJ39/AJ$9*100 -> 88.888889 | AO39: 1 | AP39: 1 | AS39: 1 | AT39: 1 | AV39: 1 | AX39: 1 | AY39: 1 | AZ39: 1 | BD39: 1 | BG39: =SUM(AL39:BF39) -> 9 | BH39: =BG39/BG$9*100 -> 56.25 | BJ39: 1 | BO39: 1 | BP39: 1 | BR39: 1 | BT39: 1 | BZ39: 1 | CB39: 2 | CE39: =SUM(BI39:CD39) -> 8 | CF39: =CE39/CE$9*100 -> 72.727273 | CG39: 2 | CH39: 1 | CZ39: =SUM(CG39:CQ39) -> 3 | DA39: =CZ39/CZ$9*100 -> 100 | DP39: =SUM(DB39:DO39) -> 0 | DQ39: =DP39/DP$9*100 -> #DIV/0!
A40: 31 | B40: 0827CI241113 | C40: SAMRUDDHI SONGIRKAR | D40: =SUM(M40+AJ40+BG40+CE40+CZ40) -> 10 | E40: =(D40)/D$9*100 -> 25.641026 | F40: =IF(E40<50,E40, " ") -> 25.641026 | G40: =IF(E40<30,E40, " ") -> 25.641026 | M40: =SUM(H40:L40) -> 0 | N40: =M40/M$9*100 -> #DIV/0! | X40: 1 | AB40: 1 | AD40: 1 | AJ40: =SUM(O40:AI40) -> 3 | AK40: =AJ40/AJ$9*100 -> 33.333333 | AO40: 1 | AQ40: 1 | AS40: 1 | BD40: 1 | BG40: =SUM(AL40:BF40) -> 4 | BH40: =BG40/BG$9*100 -> 25 | CE40: =SUM(BI40:CD40) -> 0 | CF40: =CE40/CE$9*100 -> 0 | CG40: 2 | CH40: 1 | CZ40: =SUM(CG40:CQ40) -> 3 | DA40: =CZ40/CZ$9*100 -> 100 | DP40: =SUM(DB40:DO40) -> 0 | DQ40: =DP40/DP$9*100 -> #DIV/0!
A41: 32 | B41: 0827CI241114 | C41: SANDEEP DANGI | D41: =SUM(M41+AJ41+BG41+CE41+CZ41) -> 6 | E41: =(D41)/D$9*100 -> 15.384615 | F41: =IF(E41<50,E41, " ") -> 15.384615 | G41: =IF(E41<30,E41, " ") -> 15.384615 | M41: =SUM(H41:L41) -> 0 | N41: =M41/M$9*100 -> #DIV/0! | X41: 1 | AJ41: =SUM(O41:AI41) -> 1 | AK41: =AJ41/AJ$9*100 -> 11.111111 | AY41: 1 | AZ41: 1 | BC41: 1 | BG41: =SUM(AL41:BF41) -> 3 | BH41: =BG41/BG$9*100 -> 18.75 | BL41: 1 | BO41: 1 | CE41: =SUM(BI41:CD41) -> 2 | CF41: =CE41/CE$9*100 -> 18.181818 | CZ41: =SUM(CG41:CQ41) -> 0 | DA41: =CZ41/CZ$9*100 -> 0 | DP41: =SUM(DB41:DO41) -> 0 | DQ41: =DP41/DP$9*100 -> #DIV/0!
A42: 33 | B42: 0827CI241115 | C42: SANDEEP PATEL | D42: =SUM(M42+AJ42+BG42+CE42+CZ42) -> 2 | E42: =(D42)/D$9*100 -> 5.1282051 | F42: =IF(E42<50,E42, " ") -> 5.1282051 | G42: =IF(E42<30,E42, " ") -> 5.1282051 | M42: =SUM(H42:L42) -> 0 | N42: =M42/M$9*100 -> #DIV/0! | AJ42: =SUM(O42:AI42) -> 0 | AK42: =AJ42/AJ$9*100 -> 0 | AY42: 1 | AZ42: 1 | BG42: =SUM(AL42:BF42) -> 2 | BH42: =BG42/BG$9*100 -> 12.5 | CE42: =SUM(BI42:CD42) -> 0 | CF42: =CE42/CE$9*100 -> 0 | CZ42: =SUM(CG42:CQ42) -> 0 | DA42: =CZ42/CZ$9*100 -> 0 | DP42: =SUM(DB42:DO42) -> 0 | DQ42: =DP42/DP$9*100 -> #DIV/0!
A43: 34 | B43: 0827CI241116 | C43: SANGOLE PRANJALI RAJESH | D43: =SUM(M43+AJ43+BG43+CE43+CZ43) -> 3 | E43: =(D43)/D$9*100 -> 7.6923077 | F43: =IF(E43<50,E43, " ") -> 7.6923077 | G43: =IF(E43<30,E43, " ") -> 7.6923077 | M43: =SUM(H43:L43) -> 0 | N43: =M43/M$9*100 -> #DIV/0! | AB43: 1 | AC43: 1 | AJ43: =SUM(O43:AI43) -> 2 | AK43: =AJ43/AJ$9*100 -> 22.222222 | BD43: 1 | BG43: =SUM(AL43:BF43) -> 1 | BH43: =BG43/BG$9*100 -> 6.25 | CE43: =SUM(BI43:CD43) -> 0 | CF43: =CE43/CE$9*100 -> 0 | CZ43: =SUM(CG43:CQ43) -> 0 | DA43: =CZ43/CZ$9*100 -> 0 | DP43: =SUM(DB43:DO43) -> 0 | DQ43: =DP43/DP$9*100 -> #DIV/0!
A44: 35 | B44: 0827CI241117 | C44: SHAILY GOUTAM | D44: =SUM(M44+AJ44+BG44+CE44+CZ44) -> 25 | E44: =(D44)/D$9*100 -> 64.102564 | F44: =IF(E44<50,E44, " ") | G44: =IF(E44<30,E44, " ") | M44: =SUM(H44:L44) -> 0 | N44: =M44/M$9*100 -> #DIV/0! | X44: 1 | Y44: 1 | Z44: 1 | AC44: 1 | AG44: 1 | AH44: 1 | AJ44: =SUM(O44:AI44) -> 6 | AK44: =AJ44/AJ$9*100 -> 66.666667 | AO44: 1 | AP44: 1 | AQ44: 1 | AZ44: 1 | BC44: 1 | BD44: 1 | BF44: 1 | BG44: =SUM(AL44:BF44) -> 7 | BH44: =BG44/BG$9*100 -> 43.75 | BJ44: 1 | BP44: 1 | BR44: 1 | BT44: 1 | BZ44: 1 | CB44: 2 | CE44: =SUM(BI44:CD44) -> 7 | CF44: =CE44/CE$9*100 -> 63.636364 | CG44: 2 | CH44: 1 | CI44: 2 | CZ44: =SUM(CG44:CQ44) -> 5 | DA44: =CZ44/CZ$9*100 -> 166.66667 | DP44: =SUM(DB44:DO44) -> 0 | DQ44: =DP44/DP$9*100 -> #DIV/0!
A45: 36 | B45: 0827CI241118 | C45: SHRISTIKA SOLANKI | D45: =SUM(M45+AJ45+BG45+CE45+CZ45) -> 23 | E45: =(D45)/D$9*100 -> 58.974359 | F45: =IF(E45<50,E45, " ") | G45: =IF(E45<30,E45, " ") | M45: =SUM(H45:L45) -> 0 | N45: =M45/M$9*100 -> #DIV/0! | X45: 1 | Y45: 1 | AB45: 1 | AC45: 1 | AG45: 1 | AJ45: =SUM(O45:AI45) -> 5 | AK45: =AJ45/AJ$9*100 -> 55.555556 | AO45: 1 | AQ45: 1 | AT45: 1 | AV45: 1 | AX45: 1 | AY45: 1 | AZ45: 1 | BC45: 1 | BF45: 1 | BG45: =SUM(AL45:BF45) -> 9 | BH45: =BG45/BG$9*100 -> 56.25 | BO45: 1 | BZ45: 1 | CB45: 2 | CD45: 1 | CE45: =SUM(BI45:CD45) -> 5 | CF45: =CE45/CE$9*100 -> 45.454545 | CG45: 2 | CI45: 2 | CZ45: =SUM(CG45:CQ45) -> 4 | DA45: =CZ45/CZ$9*100 -> 133.33333 | DP45: =SUM(DB45:DO45) -> 0 | DQ45: =DP45/DP$9*100 -> #DIV/0!
A46: 37 | B46: 0827CI241119 | C46: SHRUTI RATHORE | D46: =SUM(M46+AJ46+BG46+CE46+CZ46) -> 2 | E46: =(D46)/D$9*100 -> 5.1282051 | F46: =IF(E46<50,E46, " ") -> 5.1282051 | G46: =IF(E46<30,E46, " ") -> 5.1282051 | M46: =SUM(H46:L46) -> 0 | N46: =M46/M$9*100 -> #DIV/0! | Y46: 1 | Z46: 1 | AJ46: =SUM(O46:AI46) -> 2 | AK46: =AJ46/AJ$9*100 -> 22.222222 | BG46: =SUM(AL46:BF46) -> 0 | BH46: =BG46/BG$9*100 -> 0 | CE46: =SUM(BI46:CD46) -> 0 | CF46: =CE46/CE$9*100 -> 0 | CZ46: =SUM(CG46:CQ46) -> 0 | DA46: =CZ46/CZ$9*100 -> 0 | DP46: =SUM(DB46:DO46) -> 0 | DQ46: =DP46/DP$9*100 -> #DIV/0!
A47: 38 | B47: 0827CI241120 | C47: SHRUTI SHRIMALI | D47: =SUM(M47+AJ47+BG47+CE47+CZ47) -> 21 | E47: =(D47)/D$9*100 -> 53.846154 | F47: =IF(E47<50,E47, " ") | G47: =IF(E47<30,E47, " ") | M47: =SUM(H47:L47) -> 0 | N47: =M47/M$9*100 -> #DIV/0! | X47: 1 | Y47: 1 | Z47: 1 | AG47: 1 | AH47: 1 | AJ47: =SUM(O47:AI47) -> 5 | AK47: =AJ47/AJ$9*100 -> 55.555556 | AO47: 1 | AP47: 1 | AY47: 1 | AZ47: 1 | BC47: 1 | BD47: 1 | BF47: 1 | BG47: =SUM(AL47:BF47) -> 7 | BH47: =BG47/BG$9*100 -> 43.75 | BJ47: 1 | BR47: 1 | BT47: 1 | BZ47: 1 | CB47: 2 | CE47: =SUM(BI47:CD47) -> 6 | CF47: =CE47/CE$9*100 -> 54.545455 | CH47: 1 | CI47: 2 | CZ47: =SUM(CG47:CQ47) -> 3 | DA47: =CZ47/CZ$9*100 -> 100 | DP47: =SUM(DB47:DO47) -> 0 | DQ47: =DP47/DP$9*100 -> #DIV/0!
A48: 39 | B48: 0827CI241121 | C48: SHUBH CHOUDHARY | D48: =SUM(M48+AJ48+BG48+CE48+CZ48) -> 17 | E48: =(D48)/D$9*100 -> 43.589744 | F48: =IF(E48<50,E48, " ") -> 43.589744 | G48: =IF(E48<30,E48, " ") | M48: =SUM(H48:L48) -> 0 | N48: =M48/M$9*100 -> #DIV/0! | X48: 1 | Z48: 1 | AB48: 1 | AC48: 1 | AH48: 1 | AJ48: =SUM(O48:AI48) -> 5 | AK48: =AJ48/AJ$9*100 -> 55.555556 | AO48: 1 | AT48: 1 | AV48: 1 | AX48: 1 | AY48: 1 | AZ48: 1 | BG48: =SUM(AL48:BF48) -> 6 | BH48: =BG48/BG$9*100 -> 37.5 | BL48: 1 | BO48: 1 | BT48: 1 | BY48: 1 | CE48: =SUM(BI48:CD48) -> 4 | CF48: =CE48/CE$9*100 -> 36.363636 | CG48: 2 | CZ48: =SUM(CG48:CQ48) -> 2 | DA48: =CZ48/CZ$9*100 -> 66.666667 | DP48: =SUM(DB48:DO48) -> 0 | DQ48: =DP48/DP$9*100 -> #DIV/0!
A49: 40 | B49: 0827CI241122 | C49: SHUBHAM PANCHAL | D49: =SUM(M49+AJ49+BG49+CE49+CZ49) -> 26 | E49: =(D49)/D$9*100 -> 66.666667 | F49: =IF(E49<50,E49, " ") | G49: =IF(E49<30,E49, " ") | M49: =SUM(H49:L49) -> 0 | N49: =M49/M$9*100 -> #DIV/0! | X49: 1 | Y49: 1 | AB49: 1 | AC49: 1 | AD49: 1 | AE49: 2 | AH49: 1 | AJ49: =SUM(O49:AI49) -> 8 | AK49: =AJ49/AJ$9*100 -> 88.888889 | AL49: 1 | AN49: 1 | AO49: 1 | AQ49: 1 | AT49: 1 | AX49: 1 | AY49: 1 | AZ49: 1 | BC49: 1 | BD49: 1 | BG49: =SUM(AL49:BF49) -> 10 | BH49: =BG49/BG$9*100 -> 62.5 | BJ49: 1 | BO49: 1 | BP49: 1 | BT49: 1 | CB49: 2 | CE49: =SUM(BI49:CD49) -> 6 | CF49: =CE49/CE$9*100 -> 54.545455 | CG49: 2 | CZ49: =SUM(CG49:CQ49) -> 2 | DA49: =CZ49/CZ$9*100 -> 66.666667 | DP49: =SUM(DB49:DO49) -> 0 | DQ49: =DP49/DP$9*100 -> #DIV/0!
A50: 41 | B50: 0827CI241123 | C50: SHUBHANSHU PATEL | D50: =SUM(M50+AJ50+BG50+CE50+CZ50) -> 27 | E50: =(D50)/D$9*100 -> 69.230769 | F50: =IF(E50<50,E50, " ") | G50: =IF(E50<30,E50, " ") | M50: =SUM(H50:L50) -> 0 | N50: =M50/M$9*100 -> #DIV/0! | Y50: 1 | Z50: 1 | AB50: 1 | AD50: 1 | AE50: 2 | AH50: 1 | AJ50: =SUM(O50:AI50) -> 7 | AK50: =AJ50/AJ$9*100 -> 77.777778 | AN50: 1 | AO50: 1 | AP50: 1 | AQ50: 1 | AS50: 1 | AT50: 1 | AV50: 1 | AZ50: 1 | BD50: 1 | BG50: =SUM(AL50:BF50) -> 9 | BH50: =BG50/BG$9*100 -> 56.25 | BO50: 1 | BR50: 1 | BT50: 1 | BY50: 1 | BZ50: 1 | CB50: 2 | CE50: =SUM(BI50:CD50) -> 7 | CF50: =CE50/CE$9*100 -> 63.636364 | CG50: 2 | CI50: 2 | CZ50: =SUM(CG50:CQ50) -> 4 | DA50: =CZ50/CZ$9*100 -> 133.33333 | DP50: =SUM(DB50:DO50) -> 0 | DQ50: =DP50/DP$9*100 -> #DIV/0!
A51: 42 | B51: 0827CI241124 | C51: SIDDHI SONI | D51: =SUM(M51+AJ51+BG51+CE51+CZ51) -> 22 | E51: =(D51)/D$9*100 -> 56.410256 | F51: =IF(E51<50,E51, " ") | G51: =IF(E51<30,E51, " ") | M51: =SUM(H51:L51) -> 0 | N51: =M51/M$9*100 -> #DIV/0! | Y51: 1 | Z51: 1 | AB51: 1 | AC51: 1 | AD51: 1 | AE51: 2 | AJ51: =SUM(O51:AI51) -> 7 | AK51: =AJ51/AJ$9*100 -> 77.777778 | AL51: 1 | AN51: 1 | AP51: 1 | AQ51: 1 | AS51: 1 | AT51: 1 | AX51: 1 | AZ51: 1 | BD51: 1 | BG51: =SUM(AL51:BF51) -> 9 | BH51: =BG51/BG$9*100 -> 56.25 | BO51: 1 | BP51: 1 | BR51: 1 | BT51: 1 | BY51: 1 | CD51: 1 | CE51: =SUM(BI51:CD51) -> 6 | CF51: =CE51/CE$9*100 -> 54.545455 | CZ51: =SUM(CG51:CQ51) -> 0 | DA51: =CZ51/CZ$9*100 -> 0 | DP51: =SUM(DB51:DO51) -> 0 | DQ51: =DP51/DP$9*100 -> #DIV/0!
A52: 43 | B52: 0827CI241125 | C52: SIDDHIKA PHOOLMALI | D52: =SUM(M52+AJ52+BG52+CE52+CZ52) -> 21 | E52: =(D52)/D$9*100 -> 53.846154 | F52: =IF(E52<50,E52, " ") | G52: =IF(E52<30,E52, " ") | M52: =SUM(H52:L52) -> 0 | N52: =M52/M$9*100 -> #DIV/0! | X52: 1 | Y52: 1 | Z52: 1 | AB52: 1 | AC52: 1 | AJ52: =SUM(O52:AI52) -> 5 | AK52: =AJ52/AJ$9*100 -> 55.555556 | AN52: 1 | AO52: 1 | AS52: 1 | AT52: 1 | AU52: 1 | AX52: 1 | AY52: 1 | AZ52: 1 | BE52: 1 | BG52: =SUM(AL52:BF52) -> 9 | BH52: =BG52/BG$9*100 -> 56.25 | BJ52: 1 | BL52: 1 | BO52: 1 | BT52: 1 | BY52: 1 | CE52: =SUM(BI52:CD52) -> 5 | CF52: =CE52/CE$9*100 -> 45.454545 | CG52: 2 | CZ52: =SUM(CG52:CQ52) -> 2 | DA52: =CZ52/CZ$9*100 -> 66.666667 | DP52: =SUM(DB52:DO52) -> 0 | DQ52: =DP52/DP$9*100 -> #DIV/0!
A53: 44 | B53: 0827CI241126 | C53: SOMIL VIJAWAT | D53: =SUM(M53+AJ53+BG53+CE53+CZ53) -> 21 | E53: =(D53)/D$9*100 -> 53.846154 | F53: =IF(E53<50,E53, " ") | G53: =IF(E53<30,E53, " ") | M53: =SUM(H53:L53) -> 0 | N53: =M53/M$9*100 -> #DIV/0! | X53: 1 | AB53: 1 | AC53: 1 | AD53: 1 | AE53: 2 | AH53: 1 | AJ53: =SUM(O53:AI53) -> 7 | AK53: =AJ53/AJ$9*100 -> 77.777778 | AO53: 1 | AS53: 1 | AT53: 1 | AX53: 1 | AY53: 1 | BC53: 1 | BE53: 1 | BF53: 1 | BG53: =SUM(AL53:BF53) -> 8 | BH53: =BG53/BG$9*100 -> 50 | BL53: 1 | BO53: 1 | BT53: 1 | BZ53: 1 | CE53: =SUM(BI53:CD53) -> 4 | CF53: =CE53/CE$9*100 -> 36.363636 | CG53: 2 | CZ53: =SUM(CG53:CQ53) -> 2 | DA53: =CZ53/CZ$9*100 -> 66.666667 | DP53: =SUM(DB53:DO53) -> 0 | DQ53: =DP53/DP$9*100 -> #DIV/0!
A54: 45 | B54: 0827CI241127 | C54: SUMIT PATEL | D54: =SUM(M54+AJ54+BG54+CE54+CZ54) -> 20 | E54: =(D54)/D$9*100 -> 51.282051 | F54: =IF(E54<50,E54, " ") | G54: =IF(E54<30,E54, " ") | M54: =SUM(H54:L54) -> 0 | N54: =M54/M$9*100 -> #DIV/0! | X54: 1 | Y54: 1 | Z54: 1 | AG54: 1 | AH54: 1 | AJ54: =SUM(O54:AI54) -> 5 | AK54: =AJ54/AJ$9*100 -> 55.555556 | AL54: 1 | AQ54: 1 | AT54: 1 | AY54: 1 | AZ54: 1 | BG54: =SUM(AL54:BF54) -> 5 | BH54: =BG54/BG$9*100 -> 31.25 | BP54: 1 | BR54: 1 | BT54: 1 | BY54: 1 | CD54: 1 | CE54: =SUM(BI54:CD54) -> 5 | CF54: =CE54/CE$9*100 -> 45.454545 | CG54: 2 | CH54: 1 | CI54: 2 | CZ54: =SUM(CG54:CQ54) -> 5 | DA54: =CZ54/CZ$9*100 -> 166.66667 | DP54: =SUM(DB54:DO54) -> 0 | DQ54: =DP54/DP$9*100 -> #DIV/0!
A55: 46 | B55: 0827CI241128 | C55: TANISH GARG | D55: =SUM(M55+AJ55+BG55+CE55+CZ55) -> 24 | E55: =(D55)/D$9*100 -> 61.538462 | F55: =IF(E55<50,E55, " ") | G55: =IF(E55<30,E55, " ") | M55: =SUM(H55:L55) -> 0 | N55: =M55/M$9*100 -> #DIV/0! | X55: 1 | Y55: 1 | AB55: 1 | AC55: 1 | AD55: 1 | AE55: 2 | AJ55: =SUM(O55:AI55) -> 7 | AK55: =AJ55/AJ$9*100 -> 77.777778 | AN55: 1 | AP55: 1 | AT55: 1 | AV55: 1 | AZ55: 1 | BD55: 1 | BF55: 1 | BG55: =SUM(AL55:BF55) -> 7 | BH55: =BG55/BG$9*100 -> 43.75 | BJ55: 1 | BO55: 1 | BP55: 1 | BR55: 1 | BT55: 1 | CD55: 1 | CE55: =SUM(BI55:CD55) -> 6 | CF55: =CE55/CE$9*100 -> 54.545455 | CG55: 2 | CI55: 2 | CZ55: =SUM(CG55:CQ55) -> 4 | DA55: =CZ55/CZ$9*100 -> 133.33333 | DP55: =SUM(DB55:DO55) -> 0 | DQ55: =DP55/DP$9*100 -> #DIV/0!
A56: 47 | B56: 0827CI241129 | C56: TANISHKA RATHORE | D56: =SUM(M56+AJ56+BG56+CE56+CZ56) -> 21 | E56: =(D56)/D$9*100 -> 53.846154 | F56: =IF(E56<50,E56, " ") | G56: =IF(E56<30,E56, " ") | M56: =SUM(H56:L56) -> 0 | N56: =M56/M$9*100 -> #DIV/0! | X56: 1 | Y56: 1 | AB56: 1 | AC56: 1 | AJ56: =SUM(O56:AI56) -> 4 | AK56: =AJ56/AJ$9*100 -> 44.444444 | AN56: 1 | AO56: 1 | AP56: 1 | AT56: 1 | AU56: 1 | AX56: 1 | AZ56: 1 | BC56: 1 | BF56: 1 | BG56: =SUM(AL56:BF56) -> 9 | BH56: =BG56/BG$9*100 -> 56.25 | BP56: 1 | BR56: 1 | BZ56: 1 | CB56: 2 | CD56: 1 | CE56: =SUM(BI56:CD56) -> 6 | CF56: =CE56/CE$9*100 -> 54.545455 | CG56: 2 | CZ56: =SUM(CG56:CQ56) -> 2 | DA56: =CZ56/CZ$9*100 -> 66.666667 | DP56: =SUM(DB56:DO56) -> 0 | DQ56: =DP56/DP$9*100 -> #DIV/0!
A57: 48 | B57: 0827CI241130 | C57: TANISHQ GARG | D57: =SUM(M57+AJ57+BG57+CE57+CZ57) -> 12 | E57: =(D57)/D$9*100 -> 30.769231 | F57: =IF(E57<50,E57, " ") -> 30.769231 | G57: =IF(E57<30,E57, " ") | M57: =SUM(H57:L57) -> 0 | N57: =M57/M$9*100 -> #DIV/0! | AC57: 1 | AJ57: =SUM(O57:AI57) -> 1 | AK57: =AJ57/AJ$9*100 -> 11.111111 | AS57: 1 | AX57: 1 | AZ57: 1 | BC57: 1 | BD57: 1 | BG57: =SUM(AL57:BF57) -> 5 | BH57: =BG57/BG$9*100 -> 31.25 | BO57: 1 | BP57: 1 | BR57: 1 | CD57: 1 | CE57: =SUM(BI57:CD57) -> 4 | CF57: =CE57/CE$9*100 -> 36.363636 | CG57: 2 | CZ57: =SUM(CG57:CQ57) -> 2 | DA57: =CZ57/CZ$9*100 -> 66.666667 | DP57: =SUM(DB57:DO57) -> 0 | DQ57: =DP57/DP$9*100 -> #DIV/0!
A58: 49 | B58: 0827CI241131 | C58: TANISHQ MANGAL | D58: =SUM(M58+AJ58+BG58+CE58+CZ58) -> 27 | E58: =(D58)/D$9*100 -> 69.230769 | F58: =IF(E58<50,E58, " ") | G58: =IF(E58<30,E58, " ") | M58: =SUM(H58:L58) -> 0 | N58: =M58/M$9*100 -> #DIV/0! | X58: 1 | Y58: 1 | Z58: 1 | AC58: 1 | AD58: 1 | AE58: 2 | AG58: 1 | AH58: 1 | AJ58: =SUM(O58:AI58) -> 9 | AK58: =AJ58/AJ$9*100 -> 100 | AL58: 1 | AQ58: 1 | AS58: 1 | AT58: 1 | AX58: 1 | AY58: 1 | AZ58: 1 | BD58: 1 | BE58: 1 | BG58: =SUM(AL58:BF58) -> 9 | BH58: =BG58/BG$9*100 -> 56.25 | BJ58: 1 | BO58: 1 | BP58: 1 | BR58: 1 | BT58: 1 | CB58: 2 | CE58: =SUM(BI58:CD58) -> 7 | CF58: =CE58/CE$9*100 -> 63.636364 | CG58: 2 | CZ58: =SUM(CG58:CQ58) -> 2 | DA58: =CZ58/CZ$9*100 -> 66.666667 | DP58: =SUM(DB58:DO58) -> 0 | DQ58: =DP58/DP$9*100 -> #DIV/0!
A59: 50 | B59: 0827CI241132 | C59: TANISHQ RIMJHA | D59: =SUM(M59+AJ59+BG59+CE59+CZ59) -> 25 | E59: =(D59)/D$9*100 -> 64.102564 | F59: =IF(E59<50,E59, " ") | G59: =IF(E59<30,E59, " ") | M59: =SUM(H59:L59) -> 0 | N59: =M59/M$9*100 -> #DIV/0! | X59: 1 | Y59: 1 | Z59: 1 | AC59: 1 | AD59: 1 | AE59: 2 | AG59: 1 | AH59: 1 | AJ59: =SUM(O59:AI59) -> 9 | AK59: =AJ59/AJ$9*100 -> 100 | AN59: 1 | AO59: 1 | AP59: 1 | AS59: 1 | AT59: 1 | AV59: 1 | AX59: 1 | AZ59: 1 | BD59: 1 | BG59: =SUM(AL59:BF59) -> 9 | BH59: =BG59/BG$9*100 -> 56.25 | BO59: 1 | BP59: 1 | BR59: 1 | BZ59: 1 | CD59: 1 | CE59: =SUM(BI59:CD59) -> 5 | CF59: =CE59/CE$9*100 -> 45.454545 | CG59: 2 | CZ59: =SUM(CG59:CQ59) -> 2 | DA59: =CZ59/CZ$9*100 -> 66.666667 | DP59: =SUM(DB59:DO59) -> 0 | DQ59: =DP59/DP$9*100 -> #DIV/0!
A60: 51 | B60: 0827CI241133 | C60: TRISHA GHAYTADAK | D60: =SUM(M60+AJ60+BG60+CE60+CZ60) -> 9 | E60: =(D60)/D$9*100 -> 23.076923 | F60: =IF(E60<50,E60, " ") -> 23.076923 | G60: =IF(E60<30,E60, " ") -> 23.076923 | M60: =SUM(H60:L60) -> 0 | N60: =M60/M$9*100 -> #DIV/0! | AB60: 1 | AC60: 1 | AJ60: =SUM(O60:AI60) -> 2 | AK60: =AJ60/AJ$9*100 -> 22.222222 | BG60: =SUM(AL60:BF60) -> 0 | BH60: =BG60/BG$9*100 -> 0 | BJ60: 1 | BR60: 1 | CA60: 2 | CD60: 1 | CE60: =SUM(BI60:CD60) -> 5 | CF60: =CE60/CE$9*100 -> 45.454545 | CI60: 2 | CZ60: =SUM(CG60:CQ60) -> 2 | DA60: =CZ60/CZ$9*100 -> 66.666667 | DP60: =SUM(DB60:DO60) -> 0 | DQ60: =DP60/DP$9*100 -> #DIV/0!
A61: 52 | B61: 0827CI241134 | C61: TUSHAR KADAM | D61: =SUM(M61+AJ61+BG61+CE61+CZ61) -> 18 | E61: =(D61)/D$9*100 -> 46.153846 | F61: =IF(E61<50,E61, " ") -> 46.153846 | G61: =IF(E61<30,E61, " ") | M61: =SUM(H61:L61) -> 0 | N61: =M61/M$9*100 -> #DIV/0! | AH61: 1 | AJ61: =SUM(O61:AI61) -> 1 | AK61: =AJ61/AJ$9*100 -> 11.111111 | AL61: 1 | AO61: 1 | AY61: 1 | AZ61: 1 | BC61: 1 | BD61: 1 | BF61: 1 | BG61: =SUM(AL61:BF61) -> 7 | BH61: =BG61/BG$9*100 -> 43.75 | BJ61: 1 | BL61: 1 | BP61: 1 | BR61: 1 | CD61: 1 | CE61: =SUM(BI61:CD61) -> 5 | CF61: =CE61/CE$9*100 -> 45.454545 | CG61: 2 | CH61: 1 | CI61: 2 | CZ61: =SUM(CG61:CQ61) -> 5 | DA61: =CZ61/CZ$9*100 -> 166.66667 | DP61: =SUM(DB61:DO61) -> 0 | DQ61: =DP61/DP$9*100 -> #DIV/0!
A62: 53 | B62: 0827CI241135 | C62: UJJAWAL PATEL | D62: =SUM(M62+AJ62+BG62+CE62+CZ62) -> 26 | E62: =(D62)/D$9*100 -> 66.666667 | F62: =IF(E62<50,E62, " ") | G62: =IF(E62<30,E62, " ") | M62: =SUM(H62:L62) -> 0 | N62: =M62/M$9*100 -> #DIV/0! | X62: 1 | Y62: 1 | Z62: 1 | AE62: 2 | AH62: 1 | AJ62: =SUM(O62:AI62) -> 6 | AK62: =AJ62/AJ$9*100 -> 66.666667 | AL62: 1 | AQ62: 1 | AS62: 1 | AT62: 1 | AU62: 1 | AV62: 1 | AX62: 1 | AY62: 1 | AZ62: 1 | BC62: 1 | BG62: =SUM(AL62:BF62) -> 10 | BH62: =BG62/BG$9*100 -> 62.5 | BP62: 1 | BR62: 1 | BT62: 1 | BY62: 1 | CD62: 1 | CE62: =SUM(BI62:CD62) -> 5 | CF62: =CE62/CE$9*100 -> 45.454545 | CG62: 2 | CH62: 1 | CI62: 2 | CZ62: =SUM(CG62:CQ62) -> 5 | DA62: =CZ62/CZ$9*100 -> 166.66667 | DP62: =SUM(DB62:DO62) -> 0 | DQ62: =DP62/DP$9*100 -> #DIV/0!
A63: 54 | B63: 0827CI241136 | C63: UMA CHOUREY | D63: =SUM(M63+AJ63+BG63+CE63+CZ63) -> 18 | E63: =(D63)/D$9*100 -> 46.153846 | F63: =IF(E63<50,E63, " ") -> 46.153846 | G63: =IF(E63<30,E63, " ") | M63: =SUM(H63:L63) -> 0 | N63: =M63/M$9*100 -> #DIV/0! | Z63: 1 | AD63: 1 | AE63: 2 | AJ63: =SUM(O63:AI63) -> 4 | AK63: =AJ63/AJ$9*100 -> 44.444444 | AL63: 1 | AP63: 1 | AQ63: 1 | AT63: 1 | AV63: 1 | AY63: 1 | BD63: 1 | BE63: 1 | BF63: 1 | BG63: =SUM(AL63:BF63) -> 9 | BH63: =BG63/BG$9*100 -> 56.25 | BJ63: 1 | BP63: 1 | BR63: 1 | CE63: =SUM(BI63:CD63) -> 3 | CF63: =CE63/CE$9*100 -> 27.272727 | CI63: 2 | CZ63: =SUM(CG63:CQ63) -> 2 | DA63: =CZ63/CZ$9*100 -> 66.666667 | DP63: =SUM(DB63:DO63) -> 0 | DQ63: =DP63/DP$9*100 -> #DIV/0!
A64: 55 | B64: 0827CI241137 | C64: URVASHI MANKAR | D64: =SUM(M64+AJ64+BG64+CE64+CZ64) -> 21 | E64: =(D64)/D$9*100 -> 53.846154 | F64: =IF(E64<50,E64, " ") | G64: =IF(E64<30,E64, " ") | M64: =SUM(H64:L64) -> 0 | N64: =M64/M$9*100 -> #DIV/0! | X64: 1 | Y64: 1 | Z64: 1 | AB64: 1 | AC64: 1 | AD64: 1 | AJ64: =SUM(O64:AI64) -> 6 | AK64: =AJ64/AJ$9*100 -> 66.666667 | AQ64: 1 | AS64: 1 | AU64: 1 | AX64: 1 | AY64: 1 | AZ64: 1 | BC64: 1 | BG64: =SUM(AL64:BF64) -> 7 | BH64: =BG64/BG$9*100 -> 43.75 | BJ64: 1 | BO64: 1 | BP64: 1 | BR64: 1 | BT64: 1 | CA64: 2 | CD64: 1 | CE64: =SUM(BI64:CD64) -> 8 | CF64: =CE64/CE$9*100 -> 72.727273 | CZ64: =SUM(CG64:CQ64) -> 0 | DA64: =CZ64/CZ$9*100 -> 0 | DP64: =SUM(DB64:DO64) -> 0 | DQ64: =DP64/DP$9*100 -> #DIV/0!
A65: 56 | B65: 0827CI241138 | C65: UZMA SHAIKH | D65: =SUM(M65+AJ65+BG65+CE65+CZ65) -> 20 | E65: =(D65)/D$9*100 -> 51.282051 | F65: =IF(E65<50,E65, " ") | G65: =IF(E65<30,E65, " ") | M65: =SUM(H65:L65) -> 0 | N65: =M65/M$9*100 -> #DIV/0! | X65: 1 | Y65: 1 | AB65: 1 | AC65: 1 | AD65: 1 | AJ65: =SUM(O65:AI65) -> 5 | AK65: =AJ65/AJ$9*100 -> 55.555556 | AL65: 1 | AN65: 1 | AQ65: 1 | AV65: 1 | AX65: 1 | AY65: 1 | AZ65: 1 | BC65: 1 | BD65: 1 | BG65: =SUM(AL65:BF65) -> 9 | BH65: =BG65/BG$9*100 -> 56.25 | BJ65: 1 | BO65: 1 | BP65: 1 | CA65: 2 | CD65: 1 | CE65: =SUM(BI65:CD65) -> 6 | CF65: =CE65/CE$9*100 -> 54.545455 | CZ65: =SUM(CG65:CQ65) -> 0 | DA65: =CZ65/CZ$9*100 -> 0 | DP65: =SUM(DB65:DO65) -> 0 | DQ65: =DP65/DP$9*100 -> #DIV/0!
A66: 57 | B66: 0827CI241139 | C66: VAISHNAVI DUBEY | D66: =SUM(M66+AJ66+BG66+CE66+CZ66) -> 19 | E66: =(D66)/D$9*100 -> 48.717949 | F66: =IF(E66<50,E66, " ") -> 48.717949 | G66: =IF(E66<30,E66, " ") | M66: =SUM(H66:L66) -> 0 | N66: =M66/M$9*100 -> #DIV/0! | X66: 1 | Y66: 1 | Z66: 1 | AD66: 1 | AJ66: =SUM(O66:AI66) -> 4 | AK66: =AJ66/AJ$9*100 -> 44.444444 | AL66: 1 | AP66: 1 | AQ66: 1 | AV66: 1 | AX66: 1 | AZ66: 1 | BC66: 1 | BD66: 1 | BE66: 1 | BG66: =SUM(AL66:BF66) -> 9 | BH66: =BG66/BG$9*100 -> 56.25 | BJ66: 1 | BO66: 1 | BR66: 1 | CB66: 2 | CD66: 1 | CE66: =SUM(BI66:CD66) -> 6 | CF66: =CE66/CE$9*100 -> 54.545455 | CZ66: =SUM(CG66:CQ66) -> 0 | DA66: =CZ66/CZ$9*100 -> 0 | DP66: =SUM(DB66:DO66) -> 0 | DQ66: =DP66/DP$9*100 -> #DIV/0!
A67: 58 | B67: 0827CI241140 | C67: VAISHNAVI RADVE | D67: =SUM(M67+AJ67+BG67+CE67+CZ67) -> 9 | E67: =(D67)/D$9*100 -> 23.076923 | F67: =IF(E67<50,E67, " ") -> 23.076923 | G67: =IF(E67<30,E67, " ") -> 23.076923 | M67: =SUM(H67:L67) -> 0 | N67: =M67/M$9*100 -> #DIV/0! | AJ67: =SUM(O67:AI67) -> 0 | AK67: =AJ67/AJ$9*100 -> 0 | AT67: 1 | AU67: 1 | AX67: 1 | AZ67: 1 | BC67: 1 | BD67: 1 | BE67: 1 | BF67: 1 | BG67: =SUM(AL67:BF67) -> 8 | BH67: =BG67/BG$9*100 -> 50 | BJ67: 1 | CE67: =SUM(BI67:CD67) -> 1 | CF67: =CE67/CE$9*100 -> 9.0909091 | CZ67: =SUM(CG67:CQ67) -> 0 | DA67: =CZ67/CZ$9*100 -> 0 | DP67: =SUM(DB67:DO67) -> 0 | DQ67: =DP67/DP$9*100 -> #DIV/0!
A68: 59 | B68: 0827CI241141 | C68: VANSH DIXIT | D68: =SUM(M68+AJ68+BG68+CE68+CZ68) -> 2 | E68: =(D68)/D$9*100 -> 5.1282051 | F68: =IF(E68<50,E68, " ") -> 5.1282051 | G68: =IF(E68<30,E68, " ") -> 5.1282051 | M68: =SUM(H68:L68) -> 0 | N68: =M68/M$9*100 -> #DIV/0! | AJ68: =SUM(O68:AI68) -> 0 | AK68: =AJ68/AJ$9*100 -> 0 | AS68: 1 | AX68: 1 | BG68: =SUM(AL68:BF68) -> 2 | BH68: =BG68/BG$9*100 -> 12.5 | CE68: =SUM(BI68:CD68) -> 0 | CF68: =CE68/CE$9*100 -> 0 | CZ68: =SUM(CG68:CQ68) -> 0 | DA68: =CZ68/CZ$9*100 -> 0 | DP68: =SUM(DB68:DO68) -> 0 | DQ68: =DP68/DP$9*100 -> #DIV/0!
A69: 60 | B69: 0827CI241142 | C69: VANSHIKA PAL | D69: =SUM(M69+AJ69+BG69+CE69+CZ69) -> 19 | E69: =(D69)/D$9*100 -> 48.717949 | F69: =IF(E69<50,E69, " ") -> 48.717949 | G69: =IF(E69<30,E69, " ") | M69: =SUM(H69:L69) -> 0 | N69: =M69/M$9*100 -> #DIV/0! | AC69: 1 | AD69: 1 | AE69: 2 | AG69: 1 | AH69: 1 | AJ69: =SUM(O69:AI69) -> 6 | AK69: =AJ69/AJ$9*100 -> 66.666667 | AL69: 1 | AN69: 1 | AQ69: 1 | AY69: 1 | AZ69: 1 | BG69: =SUM(AL69:BF69) -> 5 | BH69: =BG69/BG$9*100 -> 31.25 | BP69: 1 | BR69: 1 | BT69: 1 | CD69: 1 | CE69: =SUM(BI69:CD69) -> 4 | CF69: =CE69/CE$9*100 -> 36.363636 | CG69: 2 | CI69: 2 | CZ69: =SUM(CG69:CQ69) -> 4 | DA69: =CZ69/CZ$9*100 -> 133.33333 | DP69: =SUM(DB69:DO69) -> 0 | DQ69: =DP69/DP$9*100 -> #DIV/0!
A70: 61 | B70: 0827CI241143 | C70: VEDANT PATIDAR | D70: =SUM(M70+AJ70+BG70+CE70+CZ70) -> 25 | E70: =(D70)/D$9*100 -> 64.102564 | F70: =IF(E70<50,E70, " ") | G70: =IF(E70<30,E70, " ") | M70: =SUM(H70:L70) -> 0 | N70: =M70/M$9*100 -> #DIV/0! | X70: 1 | Y70: 1 | AB70: 1 | AC70: 1 | AD70: 1 | AG70: 1 | AH70: 1 | AJ70: =SUM(O70:AI70) -> 7 | AK70: =AJ70/AJ$9*100 -> 77.777778 | AO70: 1 | AQ70: 1 | AS70: 1 | AT70: 1 | AU70: 1 | AX70: 1 | AZ70: 1 | BC70: 1 | BG70: =SUM(AL70:BF70) -> 8 | BH70: =BG70/BG$9*100 -> 50 | BO70: 1 | BP70: 1 | BY70: 1 | CA70: 2 | CB70: 2 | CD70: 1 | CE70: =SUM(BI70:CD70) -> 8 | CF70: =CE70/CE$9*100 -> 72.727273 | CG70: 2 | CZ70: =SUM(CG70:CQ70) -> 2 | DA70: =CZ70/CZ$9*100 -> 66.666667 | DP70: =SUM(DB70:DO70) -> 0 | DQ70: =DP70/DP$9*100 -> #DIV/0!
A71: 62 | B71: 0827CI241144 | C71: VEDIKA KSHIRSAGAR | D71: =SUM(M71+AJ71+BG71+CE71+CZ71) -> 23 | E71: =(D71)/D$9*100 -> 58.974359 | F71: =IF(E71<50,E71, " ") | G71: =IF(E71<30,E71, " ") | M71: =SUM(H71:L71) -> 0 | N71: =M71/M$9*100 -> #DIV/0! | X71: 1 | Y71: 1 | Z71: 1 | AD71: 1 | AE71: 2 | AJ71: =SUM(O71:AI71) -> 6 | AK71: =AJ71/AJ$9*100 -> 66.666667 | AL71: 1 | AP71: 1 | AQ71: 1 | AT71: 1 | AV71: 1 | AZ71: 1 | BD71: 1 | BE71: 1 | BF71: 1 | BG71: =SUM(AL71:BF71) -> 9 | BH71: =BG71/BG$9*100 -> 56.25 | BO71: 1 | BP71: 1 | BR71: 1 | CB71: 2 | CD71: 1 | CE71: =SUM(BI71:CD71) -> 6 | CF71: =CE71/CE$9*100 -> 54.545455 | CI71: 2 | CZ71: =SUM(CG71:CQ71) -> 2 | DA71: =CZ71/CZ$9*100 -> 66.666667 | DP71: =SUM(DB71:DO71) -> 0 | DQ71: =DP71/DP$9*100 -> #DIV/0!
A72: 63 | B72: 0827CI241145 | C72: VIKAS JOSHI | D72: =SUM(M72+AJ72+BG72+CE72+CZ72) -> 13 | E72: =(D72)/D$9*100 -> 33.333333 | F72: =IF(E72<50,E72, " ") -> 33.333333 | G72: =IF(E72<30,E72, " ") | M72: =SUM(H72:L72) -> 0 | N72: =M72/M$9*100 -> #DIV/0! | AB72: 1 | AC72: 1 | AD72: 1 | AG72: 1 | AH72: 1 | AJ72: =SUM(O72:AI72) -> 5 | AK72: =AJ72/AJ$9*100 -> 55.555556 | AQ72: 1 | AS72: 1 | AT72: 1 | AX72: 1 | BG72: =SUM(AL72:BF72) -> 4 | BH72: =BG72/BG$9*100 -> 25 | BJ72: 1 | BL72: 1 | BP72: 1 | CE72: =SUM(BI72:CD72) -> 3 | CF72: =CE72/CE$9*100 -> 27.272727 | CH72: 1 | CZ72: =SUM(CG72:CQ72) -> 1 | DA72: =CZ72/CZ$9*100 -> 33.333333 | DP72: =SUM(DB72:DO72) -> 0 | DQ72: =DP72/DP$9*100 -> #DIV/0!
A73: 64 | B73: 0827CI241146 | C73: VINAY PATEL | D73: =SUM(M73+AJ73+BG73+CE73+CZ73) -> 23 | E73: =(D73)/D$9*100 -> 58.974359 | F73: =IF(E73<50,E73, " ") | G73: =IF(E73<30,E73, " ") | M73: =SUM(H73:L73) -> 0 | N73: =M73/M$9*100 -> #DIV/0! | X73: 1 | Y73: 1 | Z73: 1 | AE73: 2 | AG73: 1 | AH73: 1 | AJ73: =SUM(O73:AI73) -> 7 | AK73: =AJ73/AJ$9*100 -> 77.777778 | AN73: 1 | AQ73: 1 | AS73: 1 | AU73: 1 | AV73: 1 | AY73: 1 | AZ73: 1 | BC73: 1 | BG73: =SUM(AL73:BF73) -> 8 | BH73: =BG73/BG$9*100 -> 50 | BP73: 1 | BR73: 1 | BT73: 1 | BY73: 1 | CD73: 1 | CE73: =SUM(BI73:CD73) -> 5 | CF73: =CE73/CE$9*100 -> 45.454545 | CG73: 2 | CH73: 1 | CZ73: =SUM(CG73:CQ73) -> 3 | DA73: =CZ73/CZ$9*100 -> 100 | DP73: =SUM(DB73:DO73) -> 0 | DQ73: =DP73/DP$9*100 -> #DIV/0!
A74: 65 | B74: 0827CI241147 | C74: VIPIN | D74: =SUM(M74+AJ74+BG74+CE74+CZ74) -> 26 | E74: =(D74)/D$9*100 -> 66.666667 | F74: =IF(E74<50,E74, " ") | G74: =IF(E74<30,E74, " ") | M74: =SUM(H74:L74) -> 0 | N74: =M74/M$9*100 -> #DIV/0! | X74: 1 | Y74: 1 | Z74: 1 | AC74: 1 | AD74: 1 | AE74: 2 | AH74: 1 | AJ74: =SUM(O74:AI74) -> 8 | AK74: =AJ74/AJ$9*100 -> 88.888889 | AO74: 1 | AQ74: 1 | AT74: 1 | AV74: 1 | AZ74: 1 | BD74: 1 | BF74: 1 | BG74: =SUM(AL74:BF74) -> 7 | BH74: =BG74/BG$9*100 -> 43.75 | BL74: 1 | BP74: 1 | BR74: 1 | BY74: 1 | CB74: 2 | CD74: 1 | CE74: =SUM(BI74:CD74) -> 7 | CF74: =CE74/CE$9*100 -> 63.636364 | CG74: 2 | CI74: 2 | CZ74: =SUM(CG74:CQ74) -> 4 | DA74: =CZ74/CZ$9*100 -> 133.33333 | DP74: =SUM(DB74:DO74) -> 0 | DQ74: =DP74/DP$9*100 -> #DIV/0!
A75: 66 | B75: 0827CI241148 | C75: VISHAL CHOUDHARY | D75: =SUM(M75+AJ75+BG75+CE75+CZ75) -> 19 | E75: =(D75)/D$9*100 -> 48.717949 | F75: =IF(E75<50,E75, " ") -> 48.717949 | G75: =IF(E75<30,E75, " ") | M75: =SUM(H75:L75) -> 0 | N75: =M75/M$9*100 -> #DIV/0! | X75: 1 | Y75: 1 | Z75: 1 | AC75: 1 | AD75: 1 | AG75: 1 | AJ75: =SUM(O75:AI75) -> 6 | AK75: =AJ75/AJ$9*100 -> 66.666667 | AY75: 1 | AZ75: 1 | BC75: 1 | BE75: 1 | BF75: 1 | BG75: =SUM(AL75:BF75) -> 5 | BH75: =BG75/BG$9*100 -> 31.25 | BJ75: 1 | BP75: 1 | BT75: 1 | BY75: 1 | BZ75: 1 | CD75: 1 | CE75: =SUM(BI75:CD75) -> 6 | CF75: =CE75/CE$9*100 -> 54.545455 | CG75: 2 | CZ75: =SUM(CG75:CQ75) -> 2 | DA75: =CZ75/CZ$9*100 -> 66.666667 | DP75: =SUM(DB75:DO75) -> 0 | DQ75: =DP75/DP$9*100 -> #DIV/0!
A76: 67 | B76: 0827CI241149 | C76: VISHAL SINGH BHADORIYA | D76: =SUM(M76+AJ76+BG76+CE76+CZ76) -> 29 | E76: =(D76)/D$9*100 -> 74.358974 | F76: =IF(E76<50,E76, " ") | G76: =IF(E76<30,E76, " ") | M76: =SUM(H76:L76) -> 0 | N76: =M76/M$9*100 -> #DIV/0! | X76: 1 | Y76: 1 | Z76: 1 | AB76: 1 | AC76: 1 | AD76: 1 | AE76: 2 | AJ76: =SUM(O76:AI76) -> 8 | AK76: =AJ76/AJ$9*100 -> 88.888889 | AS76: 1 | AT76: 1 | AU76: 1 | AV76: 1 | AX76: 1 | AY76: 1 | AZ76: 1 | BC76: 1 | BD76: 1 | BG76: =SUM(AL76:BF76) -> 9 | BH76: =BG76/BG$9*100 -> 56.25 | BJ76: 1 | BL76: 1 | BO76: 1 | BP76: 1 | BR76: 1 | BY76: 1 | BZ76: 1 | CA76: 2 | CD76: 1 | CE76: =SUM(BI76:CD76) -> 10 | CF76: =CE76/CE$9*100 -> 90.909091 | CG76: 2 | CZ76: =SUM(CG76:CQ76) -> 2 | DA76: =CZ76/CZ$9*100 -> 66.666667 | DP76: =SUM(DB76:DO76) -> 0 | DQ76: =DP76/DP$9*100 -> #DIV/0!
A77: 68 | B77: 0827CI241150 | C77: YASH PATEL | D77: =SUM(M77+AJ77+BG77+CE77+CZ77) -> 26 | E77: =(D77)/D$9*100 -> 66.666667 | F77: =IF(E77<50,E77, " ") | G77: =IF(E77<30,E77, " ") | M77: =SUM(H77:L77) -> 0 | N77: =M77/M$9*100 -> #DIV/0! | Y77: 1 | Z77: 1 | AB77: 1 | AD77: 1 | AH77: 1 | AJ77: =SUM(O77:AI77) -> 5 | AK77: =AJ77/AJ$9*100 -> 55.555556 | AN77: 1 | AO77: 1 | AQ77: 1 | AS77: 1 | AT77: 1 | AV77: 1 | AX77: 1 | AY77: 1 | AZ77: 1 | BG77: =SUM(AL77:BF77) -> 9 | BH77: =BG77/BG$9*100 -> 56.25 | BP77: 1 | BR77: 1 | BY77: 1 | CA77: 2 | CB77: 2 | CD77: 1 | CE77: =SUM(BI77:CD77) -> 8 | CF77: =CE77/CE$9*100 -> 72.727273 | CG77: 2 | CI77: 2 | CZ77: =SUM(CG77:CQ77) -> 4 | DA77: =CZ77/CZ$9*100 -> 133.33333 | DP77: =SUM(DB77:DO77) -> 0 | DQ77: =DP77/DP$9*100 -> #DIV/0!
A78: 69 | B78: 0827CI241151 | C78: YASH RAJ PANDIT | D78: =SUM(M78+AJ78+BG78+CE78+CZ78) -> 11 | E78: =(D78)/D$9*100 -> 28.205128 | F78: =IF(E78<50,E78, " ") -> 28.205128 | G78: =IF(E78<30,E78, " ") -> 28.205128 | M78: =SUM(H78:L78) -> 0 | N78: =M78/M$9*100 -> #DIV/0! | Y78: 1 | Z78: 1 | AD78: 1 | AH78: 1 | AJ78: =SUM(O78:AI78) -> 4 | AK78: =AJ78/AJ$9*100 -> 44.444444 | AS78: 1 | AT78: 1 | AX78: 1 | BG78: =SUM(AL78:BF78) -> 3 | BH78: =BG78/BG$9*100 -> 18.75 | BL78: 1 | CD78: 1 | CE78: =SUM(BI78:CD78) -> 2 | CF78: =CE78/CE$9*100 -> 18.181818 | CG78: 2 | CZ78: =SUM(CG78:CQ78) -> 2 | DA78: =CZ78/CZ$9*100 -> 66.666667 | DP78: =SUM(DB78:DO78) -> 0 | DQ78: =DP78/DP$9*100 -> #DIV/0!
A79: 70 | B79: 0827CI241152 | C79: YASH RAJ SAYAL | D79: =SUM(M79+AJ79+BG79+CE79+CZ79) -> 5 | E79: =(D79)/D$9*100 -> 12.820513 | F79: =IF(E79<50,E79, " ") -> 12.820513 | G79: =IF(E79<30,E79, " ") -> 12.820513 | M79: =SUM(H79:L79) -> 0 | N79: =M79/M$9*100 -> #DIV/0! | AJ79: =SUM(O79:AI79) -> 0 | AK79: =AJ79/AJ$9*100 -> 0 | AL79: 1 | AN79: 1 | AU79: 1 | AV79: 1 | BG79: =SUM(AL79:BF79) -> 4 | BH79: =BG79/BG$9*100 -> 25 | BJ79: 1 | CE79: =SUM(BI79:CD79) -> 1 | CF79: =CE79/CE$9*100 -> 9.0909091 | CZ79: =SUM(CG79:CQ79) -> 0 | DA79: =CZ79/CZ$9*100 -> 0 | DP79: =SUM(DB79:DO79) -> 0 | DQ79: =DP79/DP$9*100 -> #DIV/0!
A80: 71 | B80: 0827CI241153 | C80: YASH RAJPUT | D80: =SUM(M80+AJ80+BG80+CE80+CZ80) -> 23 | E80: =(D80)/D$9*100 -> 58.974359 | F80: =IF(E80<50,E80, " ") | G80: =IF(E80<30,E80, " ") | M80: =SUM(H80:L80) -> 0 | N80: =M80/M$9*100 -> #DIV/0! | Z80: 1 | AH80: 1 | AJ80: =SUM(O80:AI80) -> 2 | AK80: =AJ80/AJ$9*100 -> 22.222222 | AN80: 1 | AO80: 1 | AP80: 1 | AQ80: 1 | AS80: 1 | AT80: 1 | AX80: 1 | AY80: 1 | AZ80: 1 | BF80: 1 | BG80: =SUM(AL80:BF80) -> 10 | BH80: =BG80/BG$9*100 -> 62.5 | BL80: 1 | BO80: 1 | BP80: 1 | BR80: 1 | CA80: 2 | CD80: 1 | CE80: =SUM(BI80:CD80) -> 7 | CF80: =CE80/CE$9*100 -> 63.636364 | CG80: 2 | CI80: 2 | CZ80: =SUM(CG80:CQ80) -> 4 | DA80: =CZ80/CZ$9*100 -> 133.33333 | DP80: =SUM(DB80:DO80) -> 0 | DQ80: =DP80/DP$9*100 -> #DIV/0!
A81: 72 | B81: 0827CI241154 | C81: YASHASVI ARYA | D81: =SUM(M81+AJ81+BG81+CE81+CZ81) -> 17 | E81: =(D81)/D$9*100 -> 43.589744 | F81: =IF(E81<50,E81, " ") -> 43.589744 | G81: =IF(E81<30,E81, " ") | M81: =SUM(H81:L81) -> 0 | N81: =M81/M$9*100 -> #DIV/0! | AB81: 1 | AC81: 1 | AJ81: =SUM(O81:AI81) -> 2 | AK81: =AJ81/AJ$9*100 -> 22.222222 | AS81: 1 | AT81: 1 | AV81: 1 | AX81: 1 | AZ81: 1 | BC81: 1 | BG81: =SUM(AL81:BF81) -> 6 | BH81: =BG81/BG$9*100 -> 37.5 | BJ81: 1 | BL81: 1 | BR81: 1 | BZ81: 1 | CD81: 1 | CE81: =SUM(BI81:CD81) -> 5 | CF81: =CE81/CE$9*100 -> 45.454545 | CG81: 2 | CI81: 2 | CZ81: =SUM(CG81:CQ81) -> 4 | DA81: =CZ81/CZ$9*100 -> 133.33333 | DP81: =SUM(DB81:DO81) -> 0 | DQ81: =DP81/DP$9*100 -> #DIV/0!
A82: 73 | B82: 0827CI241155 | C82: YASHIKA KHANDELWAL | D82: =SUM(M82+AJ82+BG82+CE82+CZ82) -> 21 | E82: =(D82)/D$9*100 -> 53.846154 | F82: =IF(E82<50,E82, " ") | G82: =IF(E82<30,E82, " ") | M82: =SUM(H82:L82) -> 0 | N82: =M82/M$9*100 -> #DIV/0! | X82: 1 | Y82: 1 | Z82: 1 | AC82: 1 | AD82: 1 | AJ82: =SUM(O82:AI82) -> 5 | AK82: =AJ82/AJ$9*100 -> 55.555556 | AL82: 1 | AN82: 1 | AQ82: 1 | AS82: 1 | AY82: 1 | AZ82: 1 | BC82: 1 | BD82: 1 | BG82: =SUM(AL82:BF82) -> 8 | BH82: =BG82/BG$9*100 -> 50 | BJ82: 1 | BO82: 1 | BP82: 1 | BR82: 1 | BT82: 1 | CA82: 2 | CD82: 1 | CE82: =SUM(BI82:CD82) -> 8 | CF82: =CE82/CE$9*100 -> 72.727273 | CZ82: =SUM(CG82:CQ82) -> 0 | DA82: =CZ82/CZ$9*100 -> 0 | DP82: =SUM(DB82:DO82) -> 0 | DQ82: =DP82/DP$9*100 -> #DIV/0!
A83: 74 | B83: 0827CI241156 | C83: YOGITA KAYAT | D83: =SUM(M83+AJ83+BG83+CE83+CZ83) -> 14 | E83: =(D83)/D$9*100 -> 35.897436 | F83: =IF(E83<50,E83, " ") -> 35.897436 | G83: =IF(E83<30,E83, " ") | M83: =SUM(H83:L83) -> 0 | N83: =M83/M$9*100 -> #DIV/0! | AJ83: =SUM(O83:AI83) -> 0 | AK83: =AJ83/AJ$9*100 -> 0 | AO83: 1 | AX83: 1 | AZ83: 1 | BC83: 1 | BE83: 1 | BF83: 1 | BG83: =SUM(AL83:BF83) -> 6 | BH83: =BG83/BG$9*100 -> 37.5 | BJ83: 1 | BO83: 1 | BZ83: 1 | CE83: =SUM(BI83:CD83) -> 3 | CF83: =CE83/CE$9*100 -> 27.272727 | CG83: 2 | CH83: 1 | CI83: 2 | CZ83: =SUM(CG83:CQ83) -> 5 | DA83: =CZ83/CZ$9*100 -> 166.66667 | DP83: =SUM(DB83:DO83) -> 0 | DQ83: =DP83/DP$9*100 -> #DIV/0!
A84: 75 | B84: 0827CI253D01 | C84: ADARSH TRIPATHI | D84: =SUM(M84+AJ84+BG84+CE84+CZ84) -> 11 | E84: =(D84)/D$9*100 -> 28.205128 | F84: =IF(E84<50,E84, " ") -> 28.205128 | G84: =IF(E84<30,E84, " ") -> 28.205128 | M84: =SUM(H84:L84) -> 0 | N84: =M84/M$9*100 -> #DIV/0! | AJ84: =SUM(O84:AI84) -> 0 | AK84: =AJ84/AJ$9*100 -> 0 | AO84: 1 | AS84: 1 | AT84: 1 | AX84: 1 | AZ84: 1 | BC84: 1 | BE84: 1 | BF84: 1 | BG84: =SUM(AL84:BF84) -> 8 | BH84: =BG84/BG$9*100 -> 50 | BZ84: 1 | CE84: =SUM(BI84:CD84) -> 1 | CF84: =CE84/CE$9*100 -> 9.0909091 | CG84: 2 | CZ84: =SUM(CG84:CQ84) -> 2 | DA84: =CZ84/CZ$9*100 -> 66.666667 | DP84: =SUM(DB84:DO84) -> 0 | DQ84: =DP84/DP$9*100 -> #DIV/0!
A85: 76 | B85: 0827CI253D02 | C85: HARSH SINGLE | D85: =SUM(M85+AJ85+BG85+CE85+CZ85) -> 10 | E85: =(D85)/D$9*100 -> 25.641026 | F85: =IF(E85<50,E85, " ") -> 25.641026 | G85: =IF(E85<30,E85, " ") -> 25.641026 | M85: =SUM(H85:L85) -> 0 | N85: =M85/M$9*100 -> #DIV/0! | AJ85: =SUM(O85:AI85) -> 0 | AK85: =AJ85/AJ$9*100 -> 0 | AT85: 1 | AZ85: 1 | BC85: 1 | BE85: 1 | BF85: 1 | BG85: =SUM(AL85:BF85) -> 5 | BH85: =BG85/BG$9*100 -> 31.25 | BJ85: 1 | BO85: 1 | BZ85: 1 | CE85: =SUM(BI85:CD85) -> 3 | CF85: =CE85/CE$9*100 -> 27.272727 | CG85: 2 | CZ85: =SUM(CG85:CQ85) -> 2 | DA85: =CZ85/CZ$9*100 -> 66.666667 | DP85: =SUM(DB85:DO85) -> 0 | DQ85: =DP85/DP$9*100 -> #DIV/0!
A86: 77 | B86: 0827CI253D04 | C86: MANSI VASWANI | D86: =SUM(M86+AJ86+BG86+CE86+CZ86) -> 20 | E86: =(D86)/D$9*100 -> 51.282051 | F86: =IF(E86<50,E86, " ") | G86: =IF(E86<30,E86, " ") | M86: =SUM(H86:L86) -> 0 | N86: =M86/M$9*100 -> #DIV/0! | AD86: 2 | AE86: 1 | AJ86: =SUM(O86:AI86) -> 3 | AK86: =AJ86/AJ$9*100 -> 33.333333 | AL86: 1 | AN86: 1 | AV86: 1 | AX86: 1 | AZ86: 1 | BC86: 1 | BE86: 1 | BF86: 1 | BG86: =SUM(AL86:BF86) -> 8 | BH86: =BG86/BG$9*100 -> 50 | BJ86: 1 | BO86: 1 | BP86: 1 | BR86: 1 | BT86: 1 | BY86: 1 | BZ86: 1 | CB86: 2 | CE86: =SUM(BI86:CD86) -> 9 | CF86: =CE86/CE$9*100 -> 81.818182 | CZ86: =SUM(CG86:CQ86) -> 0 | DA86: =CZ86/CZ$9*100 -> 0 | DP86: =SUM(DB86:DO86) -> 0 | DQ86: =DP86/DP$9*100 -> #DIV/0!
A87: 78 | B87: 0827CI253D05 | C87: MANTHAN SHARMA | D87: =SUM(M87+AJ87+BG87+CE87+CZ87) -> 11 | E87: =(D87)/D$9*100 -> 28.205128 | F87: =IF(E87<50,E87, " ") -> 28.205128 | G87: =IF(E87<30,E87, " ") -> 28.205128 | M87: =SUM(H87:L87) -> 0 | N87: =M87/M$9*100 -> #DIV/0! | AJ87: =SUM(O87:AI87) -> 0 | AK87: =AJ87/AJ$9*100 -> 0 | AN87: 1 | AT87: 1 | AZ87: 1 | BC87: 1 | BE87: 1 | BF87: 1 | BG87: =SUM(AL87:BF87) -> 6 | BH87: =BG87/BG$9*100 -> 37.5 | BJ87: 1 | BO87: 1 | BZ87: 1 | CE87: =SUM(BI87:CD87) -> 3 | CF87: =CE87/CE$9*100 -> 27.272727 | CG87: 2 | CZ87: =SUM(CG87:CQ87) -> 2 | DA87: =CZ87/CZ$9*100 -> 66.666667 | DP87: =SUM(DB87:DO87) -> 0 | DQ87: =DP87/DP$9*100 -> #DIV/0!
A88: 79 | B88: 0827CI253D06 | C88: MOHD AMAAN MIRZA | D88: =SUM(M88+AJ88+BG88+CE88+CZ88) -> 12 | E88: =(D88)/D$9*100 -> 30.769231 | F88: =IF(E88<50,E88, " ") -> 30.769231 | G88: =IF(E88<30,E88, " ") | M88: =SUM(H88:L88) -> 0 | N88: =M88/M$9*100 -> #DIV/0! | AJ88: =SUM(O88:AI88) -> 0 | AK88: =AJ88/AJ$9*100 -> 0 | AN88: 1 | AT88: 1 | AX88: 1 | AZ88: 1 | BC88: 1 | BG88: =SUM(AL88:BF88) -> 5 | BH88: =BG88/BG$9*100 -> 31.25 | BJ88: 1 | BT88: 1 | BZ88: 1 | CE88: =SUM(BI88:CD88) -> 3 | CF88: =CE88/CE$9*100 -> 27.272727 | CG88: 2 | CI88: 2 | CZ88: =SUM(CG88:CQ88) -> 4 | DA88: =CZ88/CZ$9*100 -> 133.33333 | DP88: =SUM(DB88:DO88) -> 0 | DQ88: =DP88/DP$9*100 -> #DIV/0!
A89: 80 | B89: 0827CI253D09 | C89: PURAB SAXENA | D89: =SUM(M89+AJ89+BG89+CE89+CZ89) -> 15 | E89: =(D89)/D$9*100 -> 38.461538 | F89: =IF(E89<50,E89, " ") -> 38.461538 | G89: =IF(E89<30,E89, " ") | M89: =SUM(H89:L89) -> 0 | N89: =M89/M$9*100 -> #DIV/0! | AJ89: =SUM(O89:AI89) -> 0 | AK89: =AJ89/AJ$9*100 -> 0 | AL89: 1 | AN89: 1 | AS89: 1 | AT89: 1 | AX89: 1 | AZ89: 1 | BC89: 1 | BE89: 1 | BF89: 1 | BG89: =SUM(AL89:BF89) -> 9 | BH89: =BG89/BG$9*100 -> 56.25 | BJ89: 1 | BO89: 1 | BT89: 1 | BZ89: 1 | CE89: =SUM(BI89:CD89) -> 4 | CF89: =CE89/CE$9*100 -> 36.363636 | CG89: 2 | CZ89: =SUM(CG89:CQ89) -> 2 | DA89: =CZ89/CZ$9*100 -> 66.666667 | DP89: =SUM(DB89:DO89) -> 0 | DQ89: =DP89/DP$9*100 -> #DIV/0!
A90: 81 | B90: 0827CI231080 | C90: Mayank Mishra | D90: =SUM(M90+AJ90+BG90+CE90+CZ90) -> 0 | E90: =(D90)/D$9*100 -> 0 | F90: =IF(E90<50,E90, " ") -> 0 | G90: =IF(E90<30,E90, " ") -> 0 | M90: =SUM(H90:L90) -> 0 | N90: =M90/M$9*100 -> #DIV/0! | AJ90: =SUM(O90:AI90) -> 0 | AK90: =AJ90/AJ$9*100 -> 0 | BG90: =SUM(AL90:BF90) -> 0 | BH90: =BG90/BG$9*100 -> 0 | CE90: =SUM(BI90:CD90) -> 0 | CF90: =CE90/CE$9*100 -> 0 | CZ90: =SUM(CG90:CQ90) -> 0 | DA90: =CZ90/CZ$9*100 -> 0 | DP90: =SUM(DB90:DO90) -> 0 | DQ90: =DP90/DP$9*100 -> #DIV/0!
A91: 82 | D91: =SUM(M91+AJ91+BG91+CE91+CZ91) -> 0 | E91: =(D91)/D$9*100 -> 0 | F91: =IF(E91<50,E91, " ") -> 0 | G91: =IF(E91<30,E91, " ") -> 0 | M91: =SUM(H91:L91) -> 0 | N91: =M91/M$9*100 -> #DIV/0! | AJ91: =SUM(O91:AI91) -> 0 | AK91: =AJ91/AJ$9*100 -> 0 | BG91: =SUM(AL91:BF91) -> 0 | BH91: =BG91/BG$9*100 -> 0 | CE91: =SUM(BI91:CD91) -> 0 | CF91: =CE91/CE$9*100 -> 0 | CZ91: =SUM(CG91:CQ91) -> 0 | DA91: =CZ91/CZ$9*100 -> 0 | DP91: =SUM(DB91:DO91) -> 0 | DQ91: =DP91/DP$9*100 -> #DIV/0!
A92: 83 | D92: =SUM(M92+AJ92+BG92+CE92+CZ92) -> 0 | E92: =(D92)/D$9*100 -> 0 | F92: =IF(E92<50,E92, " ") -> 0 | G92: =IF(E92<30,E92, " ") -> 0 | M92: =SUM(H92:L92) -> 0 | N92: =M92/M$9*100 -> #DIV/0! | AJ92: =SUM(O92:AI92) -> 0 | AK92: =AJ92/AJ$9*100 -> 0 | BG92: =SUM(AL92:BF92) -> 0 | BH92: =BG92/BG$9*100 -> 0 | CE92: =SUM(BI92:CD92) -> 0 | CF92: =CE92/CE$9*100 -> 0 | CZ92: =SUM(CG92:CQ92) -> 0 | DA92: =CZ92/CZ$9*100 -> 0 | DP92: =SUM(DB92:DO92) -> 0 | DQ92: =DP92/DP$9*100 -> #DIV/0!
A93: 84 | D93: =SUM(M93+AJ93+BG93+CE93+CZ93) -> 0 | E93: =(D93)/D$9*100 -> 0 | F93: =IF(E93<50,E93, " ") -> 0 | G93: =IF(E93<30,E93, " ") -> 0 | M93: =SUM(H93:L93) -> 0 | N93: =M93/M$9*100 -> #DIV/0! | AJ93: =SUM(O93:AI93) -> 0 | AK93: =AJ93/AJ$9*100 -> 0 | BG93: =SUM(AL93:BF93) -> 0 | BH93: =BG93/BG$9*100 -> 0 | CE93: =SUM(BI93:CD93) -> 0 | CF93: =CE93/CE$9*100 -> 0 | CZ93: =SUM(CG93:CQ93) -> 0 | DA93: =CZ93/CZ$9*100 -> 0 | DP93: =SUM(DB93:DO93) -> 0 | DQ93: =DP93/DP$9*100 -> #DIV/0!
A94: 85 | D94: =SUM(M94+AJ94+BG94+CE94+CZ94) -> 0 | E94: =(D94)/D$9*100 -> 0 | F94: =IF(E94<50,E94, " ") -> 0 | G94: =IF(E94<30,E94, " ") -> 0 | M94: =SUM(H94:L94) -> 0 | N94: =M94/M$9*100 -> #DIV/0! | AJ94: =SUM(O94:AI94) -> 0 | AK94: =AJ94/AJ$9*100 -> 0 | BG94: =SUM(AL94:BF94) -> 0 | BH94: =BG94/BG$9*100 -> 0 | CE94: =SUM(BI94:CD94) -> 0 | CF94: =CE94/CE$9*100 -> 0 | CZ94: =SUM(CG94:CQ94) -> 0 | DA94: =CZ94/CZ$9*100 -> 0 | DP94: =SUM(DB94:DO94) -> 0 | DQ94: =DP94/DP$9*100 -> #DIV/0!

Sheet 402 L
A1: CSIT-402 L
A2: Faculty Name: | C2: Dr. Asmita Rajawat
A3: Subject Name : | C3: Analog and Digital Communication
A4: Subject Code : | C4: CSIT-402
A5: Start Date | C5: 46104
A6: End Date
H7: 1 | I7: 2 | J7: 3 | L7: 4 | O7: 1 | P7: 2 | Q7: 3 | R7: 4 | S7: 5 | T7: 6 | U7: 7 | V7: 8 | W7: 9 | X7: 10 | Y7: 11 | Z7: 12 | AA7: 13 | AB7: 14 | AC7: 15 | AD7: 16 | AE7: 17 | AF7: 18 | AG7: 19 | AH7: 20 | AI7: 21 | AL7: 1 | AM7: 2 | AN7: 3 | AO7: 4 | AP7: 5 | AQ7: 6 | AR7: 7 | AS7: 8 | AT7: 9 | AU7: 10 | AV7: 11 | AW7: 12 | AX7: 13 | AY7: 14 | AZ7: 15 | BA7: 16 | BB7: 17 | BE7: 18 | BH7: 1 | BI7: 2 | BJ7: 3 | BK7: 4 | BL7: 5 | BM7: 6 | BN7: 7 | BO7: 8 | BP7: 9 | BQ7: 10 | BR7: 11 | BS7: 12 | BT7: 13 | BU7: 14 | BV7: 15 | BW7: 16 | BX7: 17 | BY7: 18 | BZ7: 19 | CA7: 20 | CB7: 21 | CE7: 1 | CF7: 2 | CG7: 3 | CH7: 4 | CI7: 5 | CJ7: 6 | CK7: 7 | CL7: 8 | CM7: 9 | CN7: 10
D8: Total Class | E8: OverAll Att. % | F8: Att. 50% | G8: Att. 30% | H8: 46104 | I8: 46105 | J8: 46106 | K8: 46107 | L8: 46111 | M8: MAR CLASS | N8: MARCH % | O8: 46113 | P8: 46114 | Q8: 46115 | R8: 46118 | S8: 46119 | T8: 46120 | U8: 46121 | V8: 46122 | W8: 46125 | X8: 46127 | Y8: 46128 | Z8: 46129 | AA8: 46132 | AB8: 46133 | AC8: 46134 | AD8: 46135 | AE8: 46136 | AF8: 46139 | AG8: 46140 | AH8: 46141 | AI8: 46142 | AJ8: APRIL CLASS | AK8: APRIL % | AL8: 46143 | AM8: 46146 | AN8: 46147 | AO8: 46148 | AP8: 46149 | AQ8: 46150 | AR8: 46153 | AS8: 46154 | AT8: 46155 | AU8: 46156 | AV8: 46157 | AW8: 46160 | AX8: 46161 | AY8: 46162 | AZ8: 46163 | BA8: 46164 | BB8: 46167 | BC8: 46169 | BD8: 46171 | BF8: MAY CLASS | BG8: MAY % | BH8: 46174 | BI8: 46175 | BJ8: 46176 | BK8: 46177 | BL8: 46178 | BM8: 46181 | BN8: 46182 | BO8: 46183 | BP8: 46184 | BQ8: 46185 | BR8: 46188 | BS8: 46189 | BT8: 46190 | BU8: 46191 | BV8: 46192 | BW8: 46195 | BX8: 46196 | BY8: 46197 | BZ8: 46198 | CA8: 46199 | CC8: JUNE CLASS | CD8: JUNE % | CE8: 46204 | CF8: 46206 | CO8: DEC CLASS | CP8: DEC %
A9: S.No. | B9: Enrollment No. | C9: Student Name | D9: =SUM(M9+AJ9+BF9+CC9+CO9) -> 10 | H9: =SUM(H10:H50) -> 0 | I9: =SUM(I10:I50) -> 0 | J9: =SUM(J10:J50) -> 0 | K9: =SUM(K10:K50) -> 0 | L9: =SUM(L10:L50) -> 0 | M9: =COUNTIF(H9:L9,">0") -> 0 | N9: =COUNTIF(H9:L9,">0") -> 0 | O9: =SUM(O10:O50) -> 0 | P9: =SUM(P10:P50) -> 0 | Q9: =SUM(Q10:Q50) -> 0 | R9: =SUM(R10:R50) -> 0 | S9: =SUM(S10:S50) -> 0 | T9: =SUM(T10:T50) -> 0 | U9: =SUM(U10:U50) -> 0 | V9: =SUM(V10:V50) -> 0 | ... AI9: =SUM(AI10:AI50) -> 0 | AJ9: =COUNTIF(O9:AI9,">0") -> 2 | AK9: =SUM(M9+AJ9) -> 2 | AL9: =SUM(AL10:AL50) -> 8 | AM9: =SUM(AM10:AM50) -> 0 | AN9: =SUM(AN10:AN50) -> 0 | AO9: =SUM(AO10:AO50) -> 0 | AP9: =SUM(AP10:AP50) -> 0 | AQ9: =SUM(AQ10:AQ50) -> 17 | AR9: =SUM(AR10:AR50) -> 0 | AS9: =SUM(AS10:AS50) -> 0 | ... BB9: =SUM(BB10:BB50) -> 0 | BD9: =SUM(BD10:BD50) -> 15 | BE9: =SUM(BE10:BE50) -> 0 | BF9: =COUNTIF(AL9:BE9,">0") -> 4 | BG9: =SUM(AK9+BF9) -> 6 | BH9: =SUM(BH10:BH50) -> 0 | BI9: =SUM(BI10:BI50) -> 0 | BJ9: =SUM(BJ10:BJ50) -> 0 | BK9: =SUM(BK10:BK50) -> 0 | BL9: =SUM(BL10:BL50) -> 0 | BM9: =SUM(BM10:BM50) -> 0 | BN9: =SUM(BN10:BN50) -> 0 | BO9: =SUM(BO10:BO50) -> 0 | ... CB9: =SUM(CB10:CB50) -> 0 | CC9: =COUNTIF(BH9:CB9,">0") -> 3 | CD9: =SUM(BG9+CC9) -> 9 | CE9: =SUM(CE10:CE48) -> 0 | CF9: =SUM(CF10:CF48) -> 27 | CG9: =SUM(CG10:CG48) -> 0 | CH9: =SUM(CH10:CH48) -> 0 | CI9: =SUM(CI10:CI48) -> 0 | CJ9: =SUM(CJ10:CJ48) -> 0 | CK9: =SUM(CK10:CK48) -> 0 | CL9: =SUM(CL10:CL48) -> 0 | ... CN9: =SUM(CN10:CN48) -> 0 | CO9: =COUNTIF(CE9:CN9,">0") -> 1 | CP9: =SUM(CD9+CO9) -> 10
A10: 1 | B10: 0827CI241083 | C10: PARMEET KEVAT | D10: =SUM(M10+AJ10+BF10+CC10+CO10) -> 5 | E10: =(D10)/D$9*100 -> 50 | F10: =IF(E10<50,E10, " ") | G10: =IF(E10<30,E10, " ") | M10: =SUM(H10:L10) -> 0 | N10: =M10/M$9*100 -> #DIV/0! | Z10: 1 | AJ10: =SUM(O10:AI10) -> 1 | AK10: =AJ10/AJ$9*100 -> 50 | AQ10: 1 | BD10: 1 | BF10: =SUM(AL10:BE10) -> 2 | BG10: =BF10/BF$9*100 -> 50 | BQ10: 1 | CA10: 1 | CC10: =SUM(BH10:CB10) -> 2 | CD10: =CC10/CC$9*100 -> 66.666667 | CO10: =SUM(CE10:CN10) -> 0 | CP10: =CO10/CO$9*100 -> 0
A11: 2 | B11: 0827CI241084 | C11: PARTH SHARMA | D11: =SUM(M11+AJ11+BF11+CC11+CO11) -> 7 | E11: =(D11)/D$9*100 -> 70 | F11: =IF(E11<50,E11, " ") | G11: =IF(E11<30,E11, " ") | M11: =SUM(H11:L11) -> 0 | N11: =M11/M$9*100 -> #DIV/0! | Z11: 1 | AE11: 1 | AJ11: =SUM(O11:AI11) -> 2 | AK11: =AJ11/AJ$9*100 -> 100 | AQ11: 1 | BF11: =SUM(AL11:BE11) -> 1 | BG11: =BF11/BF$9*100 -> 25 | BQ11: 1 | BV11: 1 | CA11: 1 | CC11: =SUM(BH11:CB11) -> 3 | CD11: =CC11/CC$9*100 -> 100 | CF11: 1 | CO11: =SUM(CE11:CN11) -> 1 | CP11: =CO11/CO$9*100 -> 100
A12: 3 | B12: 0827CI241085 | C12: PARTH SHARMA | D12: =SUM(M12+AJ12+BF12+CC12+CO12) -> 1 | E12: =(D12)/D$9*100 -> 10 | F12: =IF(E12<50,E12, " ") -> 10 | G12: =IF(E12<30,E12, " ") -> 10 | M12: =SUM(H12:L12) -> 0 | N12: =M12/M$9*100 -> #DIV/0! | AJ12: =SUM(O12:AI12) -> 0 | AK12: =AJ12/AJ$9*100 -> 0 | BF12: =SUM(AL12:BE12) -> 0 | BG12: =BF12/BF$9*100 -> 0 | CC12: =SUM(BH12:CB12) -> 0 | CD12: =CC12/CC$9*100 -> 0 | CF12: 1 | CO12: =SUM(CE12:CN12) -> 1 | CP12: =CO12/CO$9*100 -> 100
A13: 4 | B13: 0827CI241086 | C13: PARUL DEVKAR | D13: =SUM(M13+AJ13+BF13+CC13+CO13) -> 1 | E13: =(D13)/D$9*100 -> 10 | F13: =IF(E13<50,E13, " ") -> 10 | G13: =IF(E13<30,E13, " ") -> 10 | M13: =SUM(H13:L13) -> 0 | N13: =M13/M$9*100 -> #DIV/0! | AJ13: =SUM(O13:AI13) -> 0 | AK13: =AJ13/AJ$9*100 -> 0 | AV13: 1 | BF13: =SUM(AL13:BE13) -> 1 | BG13: =BF13/BF$9*100 -> 25 | CC13: =SUM(BH13:CB13) -> 0 | CD13: =CC13/CC$9*100 -> 0 | CO13: =SUM(CE13:CN13) -> 0 | CP13: =CO13/CO$9*100 -> 0
A14: 5 | B14: 0827CI241087 | C14: PAVNI SONER | D14: =SUM(M14+AJ14+BF14+CC14+CO14) -> 6 | E14: =(D14)/D$9*100 -> 60 | F14: =IF(E14<50,E14, " ") | G14: =IF(E14<30,E14, " ") | M14: =SUM(H14:L14) -> 0 | N14: =M14/M$9*100 -> #DIV/0! | Z14: 1 | AJ14: =SUM(O14:AI14) -> 1 | AK14: =AJ14/AJ$9*100 -> 50 | AQ14: 1 | BD14: 1 | BF14: =SUM(AL14:BE14) -> 2 | BG14: =BF14/BF$9*100 -> 50 | BV14: 1 | CA14: 1 | CC14: =SUM(BH14:CB14) -> 2 | CD14: =CC14/CC$9*100 -> 66.666667 | CF14: 1 | CO14: =SUM(CE14:CN14) -> 1 | CP14: =CO14/CO$9*100 -> 100
A15: 6 | B15: 0827CI241088 | C15: PIYUSH MANDLOI | D15: =SUM(M15+AJ15+BF15+CC15+CO15) -> 7 | E15: =(D15)/D$9*100 -> 70 | F15: =IF(E15<50,E15, " ") | G15: =IF(E15<30,E15, " ") | M15: =SUM(H15:L15) -> 0 | N15: =M15/M$9*100 -> #DIV/0! | Z15: 1 | AE15: 1 | AJ15: =SUM(O15:AI15) -> 2 | AK15: =AJ15/AJ$9*100 -> 100 | AL15: 1 | AQ15: 1 | BF15: =SUM(AL15:BE15) -> 2 | BG15: =BF15/BF$9*100 -> 50 | BQ15: 1 | CA15: 1 | CC15: =SUM(BH15:CB15) -> 2 | CD15: =CC15/CC$9*100 -> 66.666667 | CF15: 1 | CO15: =SUM(CE15:CN15) -> 1 | CP15: =CO15/CO$9*100 -> 100
A16: 7 | B16: 0827CI241089 | C16: PRAGATI VERMA | D16: =SUM(M16+AJ16+BF16+CC16+CO16) -> 2 | E16: =(D16)/D$9*100 -> 20 | F16: =IF(E16<50,E16, " ") -> 20 | G16: =IF(E16<30,E16, " ") -> 20 | M16: =SUM(H16:L16) -> 0 | N16: =M16/M$9*100 -> #DIV/0! | AJ16: =SUM(O16:AI16) -> 0 | AK16: =AJ16/AJ$9*100 -> 0 | AL16: 1 | BF16: =SUM(AL16:BE16) -> 1 | BG16: =BF16/BF$9*100 -> 25 | CC16: =SUM(BH16:CB16) -> 0 | CD16: =CC16/CC$9*100 -> 0 | CF16: 1 | CO16: =SUM(CE16:CN16) -> 1 | CP16: =CO16/CO$9*100 -> 100
A17: 8 | B17: 0827CI241090 | C17: PRANAL PATEL | D17: =SUM(M17+AJ17+BF17+CC17+CO17) -> 0 | E17: =(D17)/D$9*100 -> 0 | F17: =IF(E17<50,E17, " ") -> 0 | G17: =IF(E17<30,E17, " ") -> 0 | M17: =SUM(H17:L17) -> 0 | N17: =M17/M$9*100 -> #DIV/0! | AJ17: =SUM(O17:AI17) -> 0 | AK17: =AJ17/AJ$9*100 -> 0 | BF17: =SUM(AL17:BE17) -> 0 | BG17: =BF17/BF$9*100 -> 0 | CC17: =SUM(BH17:CB17) -> 0 | CD17: =CC17/CC$9*100 -> 0 | CO17: =SUM(CE17:CN17) -> 0 | CP17: =CO17/CO$9*100 -> 0
A18: 9 | B18: 0827CI241091 | C18: PRANIT GURVE | D18: =SUM(M18+AJ18+BF18+CC18+CO18) -> 5 | E18: =(D18)/D$9*100 -> 50 | F18: =IF(E18<50,E18, " ") | G18: =IF(E18<30,E18, " ") | M18: =SUM(H18:L18) -> 0 | N18: =M18/M$9*100 -> #DIV/0! | AE18: 1 | AJ18: =SUM(O18:AI18) -> 1 | AK18: =AJ18/AJ$9*100 -> 50 | AL18: 1 | BF18: =SUM(AL18:BE18) -> 1 | BG18: =BF18/BF$9*100 -> 25 | BQ18: 1 | CA18: 1 | CC18: =SUM(BH18:CB18) -> 2 | CD18: =CC18/CC$9*100 -> 66.666667 | CF18: 1 | CO18: =SUM(CE18:CN18) -> 1 | CP18: =CO18/CO$9*100 -> 100
A19: 10 | B19: 0827CI241092 | C19: PRANSHU KUMAWAT | D19: =SUM(M19+AJ19+BF19+CC19+CO19) -> 1 | E19: =(D19)/D$9*100 -> 10 | F19: =IF(E19<50,E19, " ") -> 10 | G19: =IF(E19<30,E19, " ") -> 10 | M19: =SUM(H19:L19) -> 0 | N19: =M19/M$9*100 -> #DIV/0! | AJ19: =SUM(O19:AI19) -> 0 | AK19: =AJ19/AJ$9*100 -> 0 | BF19: =SUM(AL19:BE19) -> 0 | BG19: =BF19/BF$9*100 -> 0 | CC19: =SUM(BH19:CB19) -> 0 | CD19: =CC19/CC$9*100 -> 0 | CF19: 1 | CO19: =SUM(CE19:CN19) -> 1 | CP19: =CO19/CO$9*100 -> 100
A20: 11 | B20: 0827CI241093 | C20: PRASHAM JAIN | D20: =SUM(M20+AJ20+BF20+CC20+CO20) -> 6 | E20: =(D20)/D$9*100 -> 60 | F20: =IF(E20<50,E20, " ") | G20: =IF(E20<30,E20, " ") | M20: =SUM(H20:L20) -> 0 | N20: =M20/M$9*100 -> #DIV/0! | Z20: 1 | AJ20: =SUM(O20:AI20) -> 1 | AK20: =AJ20/AJ$9*100 -> 50 | AL20: 1 | AQ20: 1 | BD20: 1 | BF20: =SUM(AL20:BE20) -> 3 | BG20: =BF20/BF$9*100 -> 75 | BV20: 1 | CC20: =SUM(BH20:CB20) -> 1 | CD20: =CC20/CC$9*100 -> 33.333333 | CF20: 1 | CO20: =SUM(CE20:CN20) -> 1 | CP20: =CO20/CO$9*100 -> 100
A21: 12 | B21: 0827CI241094 | C21: PRATHAM BHAWSAR | D21: =SUM(M21+AJ21+BF21+CC21+CO21) -> 9 | E21: =(D21)/D$9*100 -> 90 | F21: =IF(E21<50,E21, " ") | G21: =IF(E21<30,E21, " ") | M21: =SUM(H21:L21) -> 0 | N21: =M21/M$9*100 -> #DIV/0! | Z21: 1 | AE21: 1 | AJ21: =SUM(O21:AI21) -> 2 | AK21: =AJ21/AJ$9*100 -> 100 | AQ21: 1 | AV21: 1 | BD21: 1 | BF21: =SUM(AL21:BE21) -> 3 | BG21: =BF21/BF$9*100 -> 75 | BQ21: 1 | BV21: 1 | CA21: 1 | CC21: =SUM(BH21:CB21) -> 3 | CD21: =CC21/CC$9*100 -> 100 | CF21: 1 | CO21: =SUM(CE21:CN21) -> 1 | CP21: =CO21/CO$9*100 -> 100
A22: 13 | B22: 0827CI241095 | C22: PRATHAM BORDE | D22: =SUM(M22+AJ22+BF22+CC22+CO22) -> 6 | E22: =(D22)/D$9*100 -> 60 | F22: =IF(E22<50,E22, " ") | G22: =IF(E22<30,E22, " ") | M22: =SUM(H22:L22) -> 0 | N22: =M22/M$9*100 -> #DIV/0! | Z22: 1 | AE22: 1 | AJ22: =SUM(O22:AI22) -> 2 | AK22: =AJ22/AJ$9*100 -> 100 | BD22: 1 | BF22: =SUM(AL22:BE22) -> 1 | BG22: =BF22/BF$9*100 -> 25 | BV22: 1 | CA22: 1 | CC22: =SUM(BH22:CB22) -> 2 | CD22: =CC22/CC$9*100 -> 66.666667 | CF22: 1 | CO22: =SUM(CE22:CN22) -> 1 | CP22: =CO22/CO$9*100 -> 100
A23: 14 | B23: 0827CI241096 | C23: PRATHAM KARANKAR | D23: =SUM(M23+AJ23+BF23+CC23+CO23) -> 5 | E23: =(D23)/D$9*100 -> 50 | F23: =IF(E23<50,E23, " ") | G23: =IF(E23<30,E23, " ") | M23: =SUM(H23:L23) -> 0 | N23: =M23/M$9*100 -> #DIV/0! | AE23: 1 | AJ23: =SUM(O23:AI23) -> 1 | AK23: =AJ23/AJ$9*100 -> 50 | BF23: =SUM(AL23:BE23) -> 0 | BG23: =BF23/BF$9*100 -> 0 | BQ23: 1 | BV23: 1 | CA23: 1 | CC23: =SUM(BH23:CB23) -> 3 | CD23: =CC23/CC$9*100 -> 100 | CF23: 1 | CO23: =SUM(CE23:CN23) -> 1 | CP23: =CO23/CO$9*100 -> 100
A24: 15 | B24: 0827CI241097 | C24: PRATHMESH MANDLOI | D24: =SUM(M24+AJ24+BF24+CC24+CO24) -> 4 | E24: =(D24)/D$9*100 -> 40 | F24: =IF(E24<50,E24, " ") -> 40 | G24: =IF(E24<30,E24, " ") | M24: =SUM(H24:L24) -> 0 | N24: =M24/M$9*100 -> #DIV/0! | Z24: 1 | AJ24: =SUM(O24:AI24) -> 1 | AK24: =AJ24/AJ$9*100 -> 50 | AL24: 1 | BF24: =SUM(AL24:BE24) -> 1 | BG24: =BF24/BF$9*100 -> 25 | CA24: 1 | CC24: =SUM(BH24:CB24) -> 1 | CD24: =CC24/CC$9*100 -> 33.333333 | CF24: 1 | CO24: =SUM(CE24:CN24) -> 1 | CP24: =CO24/CO$9*100 -> 100
A25: 16 | B25: 0827CI241098 | C25: PRATIKSHA KUMAWAT | D25: =SUM(M25+AJ25+BF25+CC25+CO25) -> 5 | E25: =(D25)/D$9*100 -> 50 | F25: =IF(E25<50,E25, " ") | G25: =IF(E25<30,E25, " ") | M25: =SUM(H25:L25) -> 0 | N25: =M25/M$9*100 -> #DIV/0! | AJ25: =SUM(O25:AI25) -> 0 | AK25: =AJ25/AJ$9*100 -> 0 | AQ25: 1 | BD25: 1 | BF25: =SUM(AL25:BE25) -> 2 | BG25: =BF25/BF$9*100 -> 50 | BV25: 1 | CA25: 1 | CC25: =SUM(BH25:CB25) -> 2 | CD25: =CC25/CC$9*100 -> 66.666667 | CF25: 1 | CO25: =SUM(CE25:CN25) -> 1 | CP25: =CO25/CO$9*100 -> 100
A26: 17 | B26: 0827CI241099 | C26: PRAYATI BABULGAONKAR | D26: =SUM(M26+AJ26+BF26+CC26+CO26) -> 4 | E26: =(D26)/D$9*100 -> 40 | F26: =IF(E26<50,E26, " ") -> 40 | G26: =IF(E26<30,E26, " ") | M26: =SUM(H26:L26) -> 0 | N26: =M26/M$9*100 -> #DIV/0! | AJ26: =SUM(O26:AI26) -> 0 | AK26: =AJ26/AJ$9*100 -> 0 | BD26: 1 | BF26: =SUM(AL26:BE26) -> 1 | BG26: =BF26/BF$9*100 -> 25 | BV26: 1 | CA26: 1 | CC26: =SUM(BH26:CB26) -> 2 | CD26: =CC26/CC$9*100 -> 66.666667 | CF26: 1 | CO26: =SUM(CE26:CN26) -> 1 | CP26: =CO26/CO$9*100 -> 100
A27: 18 | B27: 0827CI241100 | C27: PRIYANKA SAWARKAR | D27: =SUM(M27+AJ27+BF27+CC27+CO27) -> 5 | E27: =(D27)/D$9*100 -> 50 | F27: =IF(E27<50,E27, " ") | G27: =IF(E27<30,E27, " ") | M27: =SUM(H27:L27) -> 0 | N27: =M27/M$9*100 -> #DIV/0! | AJ27: =SUM(O27:AI27) -> 0 | AK27: =AJ27/AJ$9*100 -> 0 | AL27: 1 | BD27: 1 | BF27: =SUM(AL27:BE27) -> 2 | BG27: =BF27/BF$9*100 -> 50 | BV27: 1 | CA27: 1 | CC27: =SUM(BH27:CB27) -> 2 | CD27: =CC27/CC$9*100 -> 66.666667 | CF27: 1 | CO27: =SUM(CE27:CN27) -> 1 | CP27: =CO27/CO$9*100 -> 100
A28: 19 | B28: 0827CI241101 | C28: RACHCHU JAISWAL | D28: =SUM(M28+AJ28+BF28+CC28+CO28) -> 2 | E28: =(D28)/D$9*100 -> 20 | F28: =IF(E28<50,E28, " ") -> 20 | G28: =IF(E28<30,E28, " ") -> 20 | M28: =SUM(H28:L28) -> 0 | N28: =M28/M$9*100 -> #DIV/0! | AJ28: =SUM(O28:AI28) -> 0 | AK28: =AJ28/AJ$9*100 -> 0 | AQ28: 1 | BF28: =SUM(AL28:BE28) -> 1 | BG28: =BF28/BF$9*100 -> 25 | BQ28: 1 | CC28: =SUM(BH28:CB28) -> 1 | CD28: =CC28/CC$9*100 -> 33.333333 | CO28: =SUM(CE28:CN28) -> 0 | CP28: =CO28/CO$9*100 -> 0
A29: 20 | B29: 0827CI241102 | C29: RAJ KUSHWAH | D29: =SUM(M29+AJ29+BF29+CC29+CO29) -> 0 | E29: =(D29)/D$9*100 -> 0 | F29: =IF(E29<50,E29, " ") -> 0 | G29: =IF(E29<30,E29, " ") -> 0 | M29: =SUM(H29:L29) -> 0 | N29: =M29/M$9*100 -> #DIV/0! | AJ29: =SUM(O29:AI29) -> 0 | AK29: =AJ29/AJ$9*100 -> 0 | BF29: =SUM(AL29:BE29) -> 0 | BG29: =BF29/BF$9*100 -> 0 | CC29: =SUM(BH29:CB29) -> 0 | CD29: =CC29/CC$9*100 -> 0 | CO29: =SUM(CE29:CN29) -> 0 | CP29: =CO29/CO$9*100 -> 0
A30: 21 | B30: 0827CI241103 | C30: RAJVEER MISTRI | D30: =SUM(M30+AJ30+BF30+CC30+CO30) -> 6 | E30: =(D30)/D$9*100 -> 60 | F30: =IF(E30<50,E30, " ") | G30: =IF(E30<30,E30, " ") | M30: =SUM(H30:L30) -> 0 | N30: =M30/M$9*100 -> #DIV/0! | Z30: 1 | AE30: 1 | AJ30: =SUM(O30:AI30) -> 2 | AK30: =AJ30/AJ$9*100 -> 100 | AQ30: 1 | BF30: =SUM(AL30:BE30) -> 1 | BG30: =BF30/BF$9*100 -> 25 | BV30: 1 | CA30: 1 | CC30: =SUM(BH30:CB30) -> 2 | CD30: =CC30/CC$9*100 -> 66.666667 | CF30: 1 | CO30: =SUM(CE30:CN30) -> 1 | CP30: =CO30/CO$9*100 -> 100
A31: 22 | B31: 0827CI241104 | C31: REHAN SHAIKH | D31: =SUM(M31+AJ31+BF31+CC31+CO31) -> 1 | E31: =(D31)/D$9*100 -> 10 | F31: =IF(E31<50,E31, " ") -> 10 | G31: =IF(E31<30,E31, " ") -> 10 | M31: =SUM(H31:L31) -> 0 | N31: =M31/M$9*100 -> #DIV/0! | AJ31: =SUM(O31:AI31) -> 0 | AK31: =AJ31/AJ$9*100 -> 0 | BF31: =SUM(AL31:BE31) -> 0 | BG31: =BF31/BF$9*100 -> 0 | CC31: =SUM(BH31:CB31) -> 0 | CD31: =CC31/CC$9*100 -> 0 | CF31: 1 | CO31: =SUM(CE31:CN31) -> 1 | CP31: =CO31/CO$9*100 -> 100
A32: 23 | B32: 0827CI241105 | C32: RHYTHM MAHAJAN | D32: =SUM(M32+AJ32+BF32+CC32+CO32) -> 5 | E32: =(D32)/D$9*100 -> 50 | F32: =IF(E32<50,E32, " ") | G32: =IF(E32<30,E32, " ") | M32: =SUM(H32:L32) -> 0 | N32: =M32/M$9*100 -> #DIV/0! | Z32: 1 | AJ32: =SUM(O32:AI32) -> 1 | AK32: =AJ32/AJ$9*100 -> 50 | BD32: 1 | BF32: =SUM(AL32:BE32) -> 1 | BG32: =BF32/BF$9*100 -> 25 | BQ32: 1 | CA32: 1 | CC32: =SUM(BH32:CB32) -> 2 | CD32: =CC32/CC$9*100 -> 66.666667 | CF32: 1 | CO32: =SUM(CE32:CN32) -> 1 | CP32: =CO32/CO$9*100 -> 100
A33: 24 | B33: 0827CI241106 | C33: RIMJHIM RAWAL | D33: =SUM(M33+AJ33+BF33+CC33+CO33) -> 5 | E33: =(D33)/D$9*100 -> 50 | F33: =IF(E33<50,E33, " ") | G33: =IF(E33<30,E33, " ") | M33: =SUM(H33:L33) -> 0 | N33: =M33/M$9*100 -> #DIV/0! | AJ33: =SUM(O33:AI33) -> 0 | AK33: =AJ33/AJ$9*100 -> 0 | BD33: 1 | BF33: =SUM(AL33:BE33) -> 1 | BG33: =BF33/BF$9*100 -> 25 | BQ33: 1 | BV33: 1 | CA33: 1 | CC33: =SUM(BH33:CB33) -> 3 | CD33: =CC33/CC$9*100 -> 100 | CF33: 1 | CO33: =SUM(CE33:CN33) -> 1 | CP33: =CO33/CO$9*100 -> 100
A34: 25 | B34: 0827CI241107 | C34: RISHABH PACHLASIYA | D34: =SUM(M34+AJ34+BF34+CC34+CO34) -> 1 | E34: =(D34)/D$9*100 -> 10 | F34: =IF(E34<50,E34, " ") -> 10 | G34: =IF(E34<30,E34, " ") -> 10 | M34: =SUM(H34:L34) -> 0 | N34: =M34/M$9*100 -> #DIV/0! | Z34: 1 | AJ34: =SUM(O34:AI34) -> 1 | AK34: =AJ34/AJ$9*100 -> 50 | BF34: =SUM(AL34:BE34) -> 0 | BG34: =BF34/BF$9*100 -> 0 | CC34: =SUM(BH34:CB34) -> 0 | CD34: =CC34/CC$9*100 -> 0 | CO34: =SUM(CE34:CN34) -> 0 | CP34: =CO34/CO$9*100 -> 0
A35: 26 | B35: 0827CI241108 | C35: RISHIKA CHOUHAN | D35: =SUM(M35+AJ35+BF35+CC35+CO35) -> 4 | E35: =(D35)/D$9*100 -> 40 | F35: =IF(E35<50,E35, " ") -> 40 | G35: =IF(E35<30,E35, " ") | M35: =SUM(H35:L35) -> 0 | N35: =M35/M$9*100 -> #DIV/0! | AJ35: =SUM(O35:AI35) -> 0 | AK35: =AJ35/AJ$9*100 -> 0 | AQ35: 1 | BD35: 1 | BF35: =SUM(AL35:BE35) -> 2 | BG35: =BF35/BF$9*100 -> 50 | BQ35: 1 | BV35: 1 | CC35: =SUM(BH35:CB35) -> 2 | CD35: =CC35/CC$9*100 -> 66.666667 | CO35: =SUM(CE35:CN35) -> 0 | CP35: =CO35/CO$9*100 -> 0
A36: 27 | B36: 0827CI241109 | C36: RISHIRAJ JHAWAR | D36: =SUM(M36+AJ36+BF36+CC36+CO36) -> 3 | E36: =(D36)/D$9*100 -> 30 | F36: =IF(E36<50,E36, " ") -> 30 | G36: =IF(E36<30,E36, " ") | M36: =SUM(H36:L36) -> 0 | N36: =M36/M$9*100 -> #DIV/0! | AJ36: =SUM(O36:AI36) -> 0 | AK36: =AJ36/AJ$9*100 -> 0 | AL36: 1 | BF36: =SUM(AL36:BE36) -> 1 | BG36: =BF36/BF$9*100 -> 25 | CA36: 1 | CC36: =SUM(BH36:CB36) -> 1 | CD36: =CC36/CC$9*100 -> 33.333333 | CF36: 1 | CO36: =SUM(CE36:CN36) -> 1 | CP36: =CO36/CO$9*100 -> 100
A37: 28 | B37: 0827CI241110 | C37: ROHIT PARIHAR | D37: =SUM(M37+AJ37+BF37+CC37+CO37) -> 5 | E37: =(D37)/D$9*100 -> 50 | F37: =IF(E37<50,E37, " ") | G37: =IF(E37<30,E37, " ") | M37: =SUM(H37:L37) -> 0 | N37: =M37/M$9*100 -> #DIV/0! | AE37: 1 | AJ37: =SUM(O37:AI37) -> 1 | AK37: =AJ37/AJ$9*100 -> 50 | AQ37: 1 | BF37: =SUM(AL37:BE37) -> 1 | BG37: =BF37/BF$9*100 -> 25 | BQ37: 1 | CA37: 1 | CC37: =SUM(BH37:CB37) -> 2 | CD37: =CC37/CC$9*100 -> 66.666667 | CF37: 1 | CO37: =SUM(CE37:CN37) -> 1 | CP37: =CO37/CO$9*100 -> 100
A38: 29 | B38: 0827CI241111 | C38: SAHIL PAHUJA | D38: =SUM(M38+AJ38+BF38+CC38+CO38) -> 6 | E38: =(D38)/D$9*100 -> 60 | F38: =IF(E38<50,E38, " ") | G38: =IF(E38<30,E38, " ") | M38: =SUM(H38:L38) -> 0 | N38: =M38/M$9*100 -> #DIV/0! | AE38: 1 | AJ38: =SUM(O38:AI38) -> 1 | AK38: =AJ38/AJ$9*100 -> 50 | AV38: 1 | BF38: =SUM(AL38:BE38) -> 1 | BG38: =BF38/BF$9*100 -> 25 | BQ38: 1 | BV38: 1 | CA38: 1 | CC38: =SUM(BH38:CB38) -> 3 | CD38: =CC38/CC$9*100 -> 100 | CF38: 1 | CO38: =SUM(CE38:CN38) -> 1 | CP38: =CO38/CO$9*100 -> 100
A39: 30 | B39: 0827CI241112 | C39: SAMARTH MAHESHWARI | D39: =SUM(M39+AJ39+BF39+CC39+CO39) -> 7 | E39: =(D39)/D$9*100 -> 70 | F39: =IF(E39<50,E39, " ") | G39: =IF(E39<30,E39, " ") | M39: =SUM(H39:L39) -> 0 | N39: =M39/M$9*100 -> #DIV/0! | AE39: 1 | AJ39: =SUM(O39:AI39) -> 1 | AK39: =AJ39/AJ$9*100 -> 50 | AQ39: 1 | BD39: 1 | BF39: =SUM(AL39:BE39) -> 2 | BG39: =BF39/BF$9*100 -> 50 | BQ39: 1 | BV39: 1 | CA39: 1 | CC39: =SUM(BH39:CB39) -> 3 | CD39: =CC39/CC$9*100 -> 100 | CF39: 1 | CO39: =SUM(CE39:CN39) -> 1 | CP39: =CO39/CO$9*100 -> 100
A40: 31 | B40: 0827CI241113 | C40: SAMRUDDHI SONGIRKAR | D40: =SUM(M40+AJ40+BF40+CC40+CO40) -> 2 | E40: =(D40)/D$9*100 -> 20 | F40: =IF(E40<50,E40, " ") -> 20 | G40: =IF(E40<30,E40, " ") -> 20 | M40: =SUM(H40:L40) -> 0 | N40: =M40/M$9*100 -> #DIV/0! | AE40: 1 | AJ40: =SUM(O40:AI40) -> 1 | AK40: =AJ40/AJ$9*100 -> 50 | AQ40: 1 | BF40: =SUM(AL40:BE40) -> 1 | BG40: =BF40/BF$9*100 -> 25 | CC40: =SUM(BH40:CB40) -> 0 | CD40: =CC40/CC$9*100 -> 0 | CO40: =SUM(CE40:CN40) -> 0 | CP40: =CO40/CO$9*100 -> 0
A41: 32 | B41: 0827CI241114 | C41: SANDEEP DANGI | D41: =SUM(M41+AJ41+BF41+CC41+CO41) -> 0 | E41: =(D41)/D$9*100 -> 0 | F41: =IF(E41<50,E41, " ") -> 0 | G41: =IF(E41<30,E41, " ") -> 0 | M41: =SUM(H41:L41) -> 0 | N41: =M41/M$9*100 -> #DIV/0! | AJ41: =SUM(O41:AI41) -> 0 | AK41: =AJ41/AJ$9*100 -> 0 | BF41: =SUM(AL41:BE41) -> 0 | BG41: =BF41/BF$9*100 -> 0 | CC41: =SUM(BH41:CB41) -> 0 | CD41: =CC41/CC$9*100 -> 0 | CO41: =SUM(CE41:CN41) -> 0 | CP41: =CO41/CO$9*100 -> 0
A42: 33 | B42: 0827CI241115 | C42: SANDEEP PATEL | D42: =SUM(M42+AJ42+BF42+CC42+CO42) -> 0 | E42: =(D42)/D$9*100 -> 0 | F42: =IF(E42<50,E42, " ") -> 0 | G42: =IF(E42<30,E42, " ") -> 0 | M42: =SUM(H42:L42) -> 0 | N42: =M42/M$9*100 -> #DIV/0! | AJ42: =SUM(O42:AI42) -> 0 | AK42: =AJ42/AJ$9*100 -> 0 | BF42: =SUM(AL42:BE42) -> 0 | BG42: =BF42/BF$9*100 -> 0 | CC42: =SUM(BH42:CB42) -> 0 | CD42: =CC42/CC$9*100 -> 0 | CO42: =SUM(CE42:CN42) -> 0 | CP42: =CO42/CO$9*100 -> 0
A43: 34 | B43: 0827CI241116 | C43: SANGOLE PRANJALI RAJESH | D43: =SUM(M43+AJ43+BF43+CC43+CO43) -> 0 | E43: =(D43)/D$9*100 -> 0 | F43: =IF(E43<50,E43, " ") -> 0 | G43: =IF(E43<30,E43, " ") -> 0 | M43: =SUM(H43:L43) -> 0 | N43: =M43/M$9*100 -> #DIV/0! | AJ43: =SUM(O43:AI43) -> 0 | AK43: =AJ43/AJ$9*100 -> 0 | BF43: =SUM(AL43:BE43) -> 0 | BG43: =BF43/BF$9*100 -> 0 | CC43: =SUM(BH43:CB43) -> 0 | CD43: =CC43/CC$9*100 -> 0 | CO43: =SUM(CE43:CN43) -> 0 | CP43: =CO43/CO$9*100 -> 0
A44: 35 | B44: 0827CI241117 | C44: SHAILY GOUTAM | D44: =SUM(M44+AJ44+BF44+CC44+CO44) -> 6 | E44: =(D44)/D$9*100 -> 60 | F44: =IF(E44<50,E44, " ") | G44: =IF(E44<30,E44, " ") | M44: =SUM(H44:L44) -> 0 | N44: =M44/M$9*100 -> #DIV/0! | AJ44: =SUM(O44:AI44) -> 0 | AK44: =AJ44/AJ$9*100 -> 0 | AQ44: 1 | AV44: 1 | BD44: 1 | BF44: =SUM(AL44:BE44) -> 3 | BG44: =BF44/BF$9*100 -> 75 | BQ44: 1 | CA44: 1 | CC44: =SUM(BH44:CB44) -> 2 | CD44: =CC44/CC$9*100 -> 66.666667 | CF44: 1 | CO44: =SUM(CE44:CN44) -> 1 | CP44: =CO44/CO$9*100 -> 100
A45: 36 | B45: 0827CI241118 | C45: SHRISTIKA SOLANKI | D45: =SUM(M45+AJ45+BF45+CC45+CO45) -> 5 | E45: =(D45)/D$9*100 -> 50 | F45: =IF(E45<50,E45, " ") | G45: =IF(E45<30,E45, " ") | M45: =SUM(H45:L45) -> 0 | N45: =M45/M$9*100 -> #DIV/0! | AJ45: =SUM(O45:AI45) -> 0 | AK45: =AJ45/AJ$9*100 -> 0 | AQ45: 1 | BD45: 1 | BF45: =SUM(AL45:BE45) -> 2 | BG45: =BF45/BF$9*100 -> 50 | BV45: 1 | CA45: 1 | CC45: =SUM(BH45:CB45) -> 2 | CD45: =CC45/CC$9*100 -> 66.666667 | CF45: 1 | CO45: =SUM(CE45:CN45) -> 1 | CP45: =CO45/CO$9*100 -> 100
A46: 37 | B46: 0827CI241119 | C46: SHRUTI RATHORE | D46: =SUM(M46+AJ46+BF46+CC46+CO46) -> 1 | E46: =(D46)/D$9*100 -> 10 | F46: =IF(E46<50,E46, " ") -> 10 | G46: =IF(E46<30,E46, " ") -> 10 | M46: =SUM(H46:L46) -> 0 | N46: =M46/M$9*100 -> #DIV/0! | AJ46: =SUM(O46:AI46) -> 0 | AK46: =AJ46/AJ$9*100 -> 0 | AV46: 1 | BF46: =SUM(AL46:BE46) -> 1 | BG46: =BF46/BF$9*100 -> 25 | CC46: =SUM(BH46:CB46) -> 0 | CD46: =CC46/CC$9*100 -> 0 | CO46: =SUM(CE46:CN46) -> 0 | CP46: =CO46/CO$9*100 -> 0
A47: 38 | B47: 0827CI241120 | C47: SHRUTI SHRIMALI | D47: =SUM(M47+AJ47+BF47+CC47+CO47) -> 5 | E47: =(D47)/D$9*100 -> 50 | F47: =IF(E47<50,E47, " ") | G47: =IF(E47<30,E47, " ") | M47: =SUM(H47:L47) -> 0 | N47: =M47/M$9*100 -> #DIV/0! | AJ47: =SUM(O47:AI47) -> 0 | AK47: =AJ47/AJ$9*100 -> 0 | AV47: 1 | BD47: 1 | BF47: =SUM(AL47:BE47) -> 2 | BG47: =BF47/BF$9*100 -> 50 | BQ47: 1 | CA47: 1 | CC47: =SUM(BH47:CB47) -> 2 | CD47: =CC47/CC$9*100 -> 66.666667 | CF47: 1 | CO47: =SUM(CE47:CN47) -> 1 | CP47: =CO47/CO$9*100 -> 100
A48: 39 | B48: 0827CI241121 | C48: SHUBH CHOUDHARY | D48: =SUM(M48+AJ48+BF48+CC48+CO48) -> 3 | E48: =(D48)/D$9*100 -> 30 | F48: =IF(E48<50,E48, " ") -> 30 | G48: =IF(E48<30,E48, " ") | M48: =SUM(H48:L48) -> 0 | N48: =M48/M$9*100 -> #DIV/0! | AJ48: =SUM(O48:AI48) -> 0 | AK48: =AJ48/AJ$9*100 -> 0 | AL48: 1 | BF48: =SUM(AL48:BE48) -> 1 | BG48: =BF48/BF$9*100 -> 25 | CA48: 1 | CC48: =SUM(BH48:CB48) -> 1 | CD48: =CC48/CC$9*100 -> 33.333333 | CF48: 1 | CO48: =SUM(CE48:CN48) -> 1 | CP48: =CO48/CO$9*100 -> 100
A49: 40 | B49: 0827CI241122 | C49: SHUBHAM PANCHAL | D49: =SUM(M49+AJ49+BF49+CC49+CO49) -> 6 | E49: =(D49)/D$9*100 -> 60 | F49: =IF(E49<50,E49, " ") | G49: =IF(E49<30,E49, " ") | M49: =SUM(H49:L49) -> 0 | N49: =M49/M$9*100 -> #DIV/0! | AE49: 1 | AJ49: =SUM(O49:AI49) -> 1 | AK49: =AJ49/AJ$9*100 -> 50 | AQ49: 1 | AV49: 1 | BF49: =SUM(AL49:BE49) -> 2 | BG49: =BF49/BF$9*100 -> 50 | BV49: 1 | CA49: 1 | CC49: =SUM(BH49:CB49) -> 2 | CD49: =CC49/CC$9*100 -> 66.666667 | CF49: 1 | CO49: =SUM(CE49:CN49) -> 1 | CP49: =CO49/CO$9*100 -> 100
A50: 41 | B50: 0827CI241123 | C50: SHUBHANSHU PATEL | D50: =SUM(M50+AJ50+BF50+CC50+CO50) -> 6 | E50: =(D50)/D$9*100 -> 60 | F50: =IF(E50<50,E50, " ") | G50: =IF(E50<30,E50, " ") | M50: =SUM(H50:L50) -> 0 | N50: =M50/M$9*100 -> #DIV/0! | AE50: 1 | AJ50: =SUM(O50:AI50) -> 1 | AK50: =AJ50/AJ$9*100 -> 50 | AQ50: 1 | BF50: =SUM(AL50:BE50) -> 1 | BG50: =BF50/BF$9*100 -> 25 | BQ50: 1 | BV50: 1 | CA50: 1 | CC50: =SUM(BH50:CB50) -> 3 | CD50: =CC50/CC$9*100 -> 100 | CF50: 1 | CO50: =SUM(CE50:CN50) -> 1 | CP50: =CO50/CO$9*100 -> 100
A51: BATCH 2 | D51: =SUM(M51+AJ51+BF51+CC51+CO51) -> 10 | H51: =SUM(H52:H95) -> 0 | I51: =SUM(I52:I95) -> 0 | J51: =SUM(J52:J95) -> 0 | L51: =SUM(L52:L95) -> 0 | M51: =COUNTIF(H51:L51,">0") -> 0 | N51: =COUNTIF(H51:L51,">0") -> 0 | O51: =SUM(O52:O95) -> 0 | P51: =SUM(P52:P95) -> 0 | Q51: =SUM(Q52:Q95) -> 0 | R51: =SUM(R52:R95) -> 0 | S51: =SUM(S52:S95) -> 0 | T51: =SUM(T52:T95) -> 0 | U51: =SUM(U52:U95) -> 0 | V51: =SUM(V52:V95) -> 0 | ... AI51: =SUM(AI52:AI95) -> 0 | AJ51: =COUNTIF(O51:AI51,">0") -> 3 | AK51: =SUM(M51+AJ51) -> 3 | AL51: =SUM(AL52:AL95) -> 0 | AM51: =SUM(AM52:AM95) -> 0 | AN51: =SUM(AN52:AN95) -> 0 | AO51: =SUM(AO52:AO95) -> 17 | AP51: =SUM(AP52:AP95) -> 0 | AQ51: =SUM(AQ52:AQ95) -> 0 | AR51: =SUM(AR52:AR95) -> 0 | AS51: =SUM(AS52:AS95) -> 0 | ... BB51: =SUM(BB52:BB95) -> 0 | BE51: =SUM(BE52:BE95) -> 0 | BF51: =COUNTIF(AL51:BE51,">0") -> 3 | BG51: =SUM(AK51+BF51) -> 6 | BH51: =SUM(BH52:BH95) -> 0 | BI51: =SUM(BI52:BI95) -> 0 | BJ51: =SUM(BJ52:BJ95) -> 0 | BK51: =SUM(BK52:BK95) -> 0 | BL51: =SUM(BL52:BL95) -> 0 | BM51: =SUM(BM52:BM95) -> 0 | BN51: =SUM(BN52:BN95) -> 0 | BO51: =SUM(BO52:BO95) -> 24 | ... CB51: =SUM(CB52:CB95) -> 0 | CC51: =COUNTIF(BH51:CB51,">0") -> 3 | CD51: =SUM(BG51+CC51) -> 9 | CE51: =SUM(CE52:CE87) -> 21 | CF51: =SUM(CF52:CF87) -> 0 | CG51: =SUM(CG52:CG87) -> 0 | CH51: =SUM(CH52:CH87) -> 0 | CI51: =SUM(CI52:CI87) -> 0 | CJ51: =SUM(CJ52:CJ87) -> 0 | CK51: =SUM(CK52:CK87) -> 0 | CL51: =SUM(CF52:CF87) -> 0 | CM51: =SUM(CG52:CG87) -> 0 | CN51: =SUM(CH52:CH87) -> 0 | CO51: =COUNTIF(CE51:CN51,">0") -> 1 | CP51: =SUM(CD51+CO51) -> 10
A52: 1 | B52: 0827CI241124 | C52: SIDDHI SONI | D52: =SUM(M52+AJ52+BF52+CC52+CO52) -> 5 | E52: =(D52)/D$51*100 -> 50 | F52: =IF(E52<50,E52, " ") | G52: =IF(E52<30,E52, " ") | M52: =SUM(H52:L52) -> 0 | N52: =M52/M$51*100 -> #DIV/0! | AC52: 1 | AJ52: =SUM(O52:AI52) -> 1 | AK52: =AJ52/AJ$51*100 -> 33.333333 | AT52: 1 | AY52: 1 | BF52: =SUM(AL52:BE52) -> 2 | BG52: =BF52/BF$51*100 -> 66.666667 | BO52: 1 | BT52: 1 | CC52: =SUM(BH52:CB52) -> 2 | CD52: =CC52/CC$9*100 -> 66.666667 | CO52: =SUM(CE52:CK52) -> 0 | CP52: =CO52/CO$9*100 -> 0
A53: 2 | B53: 0827CI241125 | C53: SIDDHIKA PHOOLMALI | D53: =SUM(M53+AJ53+BF53+CC53+CO53) -> 8 | E53: =(D53)/D$51*100 -> 80 | F53: =IF(E53<50,E53, " ") | G53: =IF(E53<30,E53, " ") | M53: =SUM(H53:L53) -> 0 | N53: =M53/M$51*100 -> #DIV/0! | X53: 1 | AC53: 1 | AJ53: =SUM(O53:AI53) -> 2 | AK53: =AJ53/AJ$51*100 -> 66.666667 | AO53: 1 | AT53: 1 | AY53: 1 | BC53: 1 | BF53: =SUM(AL53:BE53) -> 4 | BG53: =BF53/BF$51*100 -> 133.33333 | BT53: 1 | CC53: =SUM(BH53:CB53) -> 1 | CD53: =CC53/CC$9*100 -> 33.333333 | CE53: 1 | CO53: =SUM(CE53:CK53) -> 1 | CP53: =CO53/CO$9*100 -> 100
A54: 3 | B54: 0827CI241126 | C54: SOMIL VIJAWAT | D54: =SUM(M54+AJ54+BF54+CC54+CO54) -> 8 | E54: =(D54)/D$51*100 -> 80 | F54: =IF(E54<50,E54, " ") | G54: =IF(E54<30,E54, " ") | M54: =SUM(H54:L54) -> 0 | N54: =M54/M$51*100 -> #DIV/0! | X54: 1 | AC54: 1 | AH54: 1 | AJ54: =SUM(O54:AI54) -> 3 | AK54: =AJ54/AJ$51*100 -> 100 | AO54: 1 | AT54: 1 | AY54: 1 | BF54: =SUM(AL54:BE54) -> 3 | BG54: =BF54/BF$51*100 -> 100 | BT54: 1 | CC54: =SUM(BH54:CB54) -> 1 | CD54: =CC54/CC$9*100 -> 33.333333 | CE54: 1 | CO54: =SUM(CE54:CK54) -> 1 | CP54: =CO54/CO$9*100 -> 100
A55: 4 | B55: 0827CI241127 | C55: SUMIT PATEL | D55: =SUM(M55+AJ55+BF55+CC55+CO55) -> 7 | E55: =(D55)/D$51*100 -> 70 | F55: =IF(E55<50,E55, " ") | G55: =IF(E55<30,E55, " ") | M55: =SUM(H55:L55) -> 0 | N55: =M55/M$51*100 -> #DIV/0! | AH55: 1 | AJ55: =SUM(O55:AI55) -> 1 | AK55: =AJ55/AJ$51*100 -> 33.333333 | AO55: 1 | AT55: 1 | AY55: 1 | BF55: =SUM(AL55:BE55) -> 3 | BG55: =BF55/BF$51*100 -> 100 | BO55: 1 | BT55: 1 | CC55: =SUM(BH55:CB55) -> 2 | CD55: =CC55/CC$9*100 -> 66.666667 | CE55: 1 | CO55: =SUM(CE55:CK55) -> 1 | CP55: =CO55/CO$9*100 -> 100
A56: 5 | B56: 0827CI241128 | C56: TANISH GARG | D56: =SUM(M56+AJ56+BF56+CC56+CO56) -> 8 | E56: =(D56)/D$51*100 -> 80 | F56: =IF(E56<50,E56, " ") | G56: =IF(E56<30,E56, " ") | M56: =SUM(H56:L56) -> 0 | N56: =M56/M$51*100 -> #DIV/0! | X56: 1 | AC56: 1 | AJ56: =SUM(O56:AI56) -> 2 | AK56: =AJ56/AJ$51*100 -> 66.666667 | AT56: 1 | AY56: 1 | BC56: 1 | BF56: =SUM(AL56:BE56) -> 3 | BG56: =BF56/BF$51*100 -> 100 | BO56: 1 | BT56: 1 | CC56: =SUM(BH56:CB56) -> 2 | CD56: =CC56/CC$9*100 -> 66.666667 | CE56: 1 | CO56: =SUM(CE56:CK56) -> 1 | CP56: =CO56/CO$9*100 -> 100
A57: 6 | B57: 0827CI241129 | C57: TANISHKA RATHORE | D57: =SUM(M57+AJ57+BF57+CC57+CO57) -> 7 | E57: =(D57)/D$51*100 -> 70 | F57: =IF(E57<50,E57, " ") | G57: =IF(E57<30,E57, " ") | M57: =SUM(H57:L57) -> 0 | N57: =M57/M$51*100 -> #DIV/0! | X57: 1 | AC57: 1 | AJ57: =SUM(O57:AI57) -> 2 | AK57: =AJ57/AJ$51*100 -> 66.666667 | AO57: 1 | AY57: 1 | BF57: =SUM(AL57:BE57) -> 2 | BG57: =BF57/BF$51*100 -> 66.666667 | BO57: 1 | BY57: 1 | CC57: =SUM(BH57:CB57) -> 2 | CD57: =CC57/CC$9*100 -> 66.666667 | CE57: 1 | CO57: =SUM(CE57:CK57) -> 1 | CP57: =CO57/CO$9*100 -> 100
A58: 7 | B58: 0827CI241130 | C58: TANISHQ GARG | D58: =SUM(M58+AJ58+BF58+CC58+CO58) -> 6 | E58: =(D58)/D$51*100 -> 60 | F58: =IF(E58<50,E58, " ") | G58: =IF(E58<30,E58, " ") | M58: =SUM(H58:L58) -> 0 | N58: =M58/M$51*100 -> #DIV/0! | AC58: 1 | AJ58: =SUM(O58:AI58) -> 1 | AK58: =AJ58/AJ$51*100 -> 33.333333 | AT58: 1 | AY58: 1 | BC58: 1 | BF58: =SUM(AL58:BE58) -> 3 | BG58: =BF58/BF$51*100 -> 100 | BO58: 1 | CC58: =SUM(BH58:CB58) -> 1 | CD58: =CC58/CC$9*100 -> 33.333333 | CE58: 1 | CO58: =SUM(CE58:CK58) -> 1 | CP58: =CO58/CO$9*100 -> 100
A59: 8 | B59: 0827CI241131 | C59: TANISHQ MANGAL | D59: =SUM(M59+AJ59+BF59+CC59+CO59) -> 7 | E59: =(D59)/D$51*100 -> 70 | F59: =IF(E59<50,E59, " ") | G59: =IF(E59<30,E59, " ") | M59: =SUM(H59:L59) -> 0 | N59: =M59/M$51*100 -> #DIV/0! | X59: 1 | AC59: 1 | AH59: 1 | AJ59: =SUM(O59:AI59) -> 3 | AK59: =AJ59/AJ$51*100 -> 100 | AT59: 1 | AY59: 1 | BC59: 1 | BF59: =SUM(AL59:BE59) -> 3 | BG59: =BF59/BF$51*100 -> 100 | BO59: 1 | CC59: =SUM(BH59:CB59) -> 1 | CD59: =CC59/CC$9*100 -> 33.333333 | CO59: =SUM(CE59:CK59) -> 0 | CP59: =CO59/CO$9*100 -> 0
A60: 9 | B60: 0827CI241132 | C60: TANISHQ RIMJHA | D60: =SUM(M60+AJ60+BF60+CC60+CO60) -> 11 | E60: =(D60)/D$51*100 -> 110 | F60: =IF(E60<50,E60, " ") | G60: =IF(E60<30,E60, " ") | M60: =SUM(H60:L60) -> 0 | N60: =M60/M$51*100 -> #DIV/0! | X60: 1 | AC60: 1 | AH60: 1 | AJ60: =SUM(O60:AI60) -> 3 | AK60: =AJ60/AJ$51*100 -> 100 | AO60: 1 | AT60: 1 | AY60: 1 | BC60: 1 | BF60: =SUM(AL60:BE60) -> 4 | BG60: =BF60/BF$51*100 -> 133.33333 | BO60: 1 | BT60: 1 | BY60: 1 | CC60: =SUM(BH60:CB60) -> 3 | CD60: =CC60/CC$9*100 -> 100 | CE60: 1 | CO60: =SUM(CE60:CK60) -> 1 | CP60: =CO60/CO$9*100 -> 100
A61: 10 | B61: 0827CI241133 | C61: TRISHA GHAYTADAK | D61: =SUM(M61+AJ61+BF61+CC61+CO61) -> 0 | E61: =(D61)/D$51*100 -> 0 | F61: =IF(E61<50,E61, " ") -> 0 | G61: =IF(E61<30,E61, " ") -> 0 | M61: =SUM(H61:L61) -> 0 | N61: =M61/M$51*100 -> #DIV/0! | AJ61: =SUM(O61:AI61) -> 0 | AK61: =AJ61/AJ$51*100 -> 0 | BF61: =SUM(AL61:BE61) -> 0 | BG61: =BF61/BF$51*100 -> 0 | CC61: =SUM(BH61:CB61) -> 0 | CD61: =CC61/CC$9*100 -> 0 | CO61: =SUM(CE61:CK61) -> 0 | CP61: =CO61/CO$9*100 -> 0
A62: 11 | B62: 0827CI241134 | C62: TUSHAR KADAM | D62: =SUM(M62+AJ62+BF62+CC62+CO62) -> 7 | E62: =(D62)/D$51*100 -> 70 | F62: =IF(E62<50,E62, " ") | G62: =IF(E62<30,E62, " ") | M62: =SUM(H62:L62) -> 0 | N62: =M62/M$51*100 -> #DIV/0! | AH62: 1 | AJ62: =SUM(O62:AI62) -> 1 | AK62: =AJ62/AJ$51*100 -> 33.333333 | AO62: 1 | AY62: 1 | BC62: 1 | BF62: =SUM(AL62:BE62) -> 3 | BG62: =BF62/BF$51*100 -> 100 | BO62: 1 | BT62: 1 | CC62: =SUM(BH62:CB62) -> 2 | CD62: =CC62/CC$9*100 -> 66.666667 | CE62: 1 | CO62: =SUM(CE62:CK62) -> 1 | CP62: =CO62/CO$9*100 -> 100
A63: 12 | B63: 0827CI241135 | C63: UJJAWAL PATEL | D63: =SUM(M63+AJ63+BF63+CC63+CO63) -> 5 | E63: =(D63)/D$51*100 -> 50 | F63: =IF(E63<50,E63, " ") | G63: =IF(E63<30,E63, " ") | M63: =SUM(H63:L63) -> 0 | N63: =M63/M$51*100 -> #DIV/0! | AJ63: =SUM(O63:AI63) -> 0 | AK63: =AJ63/AJ$51*100 -> 0 | AO63: 1 | AT63: 1 | AY63: 1 | BF63: =SUM(AL63:BE63) -> 3 | BG63: =BF63/BF$51*100 -> 100 | BO63: 1 | CC63: =SUM(BH63:CB63) -> 1 | CD63: =CC63/CC$9*100 -> 33.333333 | CE63: 1 | CO63: =SUM(CE63:CK63) -> 1 | CP63: =CO63/CO$9*100 -> 100
A64: 13 | B64: 0827CI241136 | C64: UMA CHOUREY | D64: =SUM(M64+AJ64+BF64+CC64+CO64) -> 5 | E64: =(D64)/D$51*100 -> 50 | F64: =IF(E64<50,E64, " ") | G64: =IF(E64<30,E64, " ") | M64: =SUM(H64:L64) -> 0 | N64: =M64/M$51*100 -> #DIV/0! | AJ64: =SUM(O64:AI64) -> 0 | AK64: =AJ64/AJ$51*100 -> 0 | AT64: 1 | AY64: 1 | BC64: 1 | BF64: =SUM(AL64:BE64) -> 3 | BG64: =BF64/BF$51*100 -> 100 | BO64: 1 | BT64: 1 | CC64: =SUM(BH64:CB64) -> 2 | CD64: =CC64/CC$9*100 -> 66.666667 | CO64: =SUM(CE64:CK64) -> 0 | CP64: =CO64/CO$9*100 -> 0
A65: 14 | B65: 0827CI241137 | C65: URVASHI MANKAR | D65: =SUM(M65+AJ65+BF65+CC65+CO65) -> 4 | E65: =(D65)/D$51*100 -> 40 | F65: =IF(E65<50,E65, " ") -> 40 | G65: =IF(E65<30,E65, " ") | M65: =SUM(H65:L65) -> 0 | N65: =M65/M$51*100 -> #DIV/0! | X65: 1 | AC65: 1 | AJ65: =SUM(O65:AI65) -> 2 | AK65: =AJ65/AJ$51*100 -> 66.666667 | AY65: 1 | BF65: =SUM(AL65:BE65) -> 1 | BG65: =BF65/BF$51*100 -> 33.333333 | BO65: 1 | CC65: =SUM(BH65:CB65) -> 1 | CD65: =CC65/CC$9*100 -> 33.333333 | CO65: =SUM(CE65:CK65) -> 0 | CP65: =CO65/CO$9*100 -> 0
A66: 15 | B66: 0827CI241138 | C66: UZMA SHAIKH | D66: =SUM(M66+AJ66+BF66+CC66+CO66) -> 5 | E66: =(D66)/D$51*100 -> 50 | F66: =IF(E66<50,E66, " ") | G66: =IF(E66<30,E66, " ") | M66: =SUM(H66:L66) -> 0 | N66: =M66/M$51*100 -> #DIV/0! | X66: 1 | AC66: 1 | AJ66: =SUM(O66:AI66) -> 2 | AK66: =AJ66/AJ$51*100 -> 66.666667 | AY66: 1 | BC66: 1 | BF66: =SUM(AL66:BE66) -> 2 | BG66: =BF66/BF$51*100 -> 66.666667 | BO66: 1 | CC66: =SUM(BH66:CB66) -> 1 | CD66: =CC66/CC$9*100 -> 33.333333 | CO66: =SUM(CE66:CK66) -> 0 | CP66: =CO66/CO$9*100 -> 0
A67: 16 | B67: 0827CI241139 | C67: VAISHNAVI DUBEY | D67: =SUM(M67+AJ67+BF67+CC67+CO67) -> 5 | E67: =(D67)/D$51*100 -> 50 | F67: =IF(E67<50,E67, " ") | G67: =IF(E67<30,E67, " ") | M67: =SUM(H67:L67) -> 0 | N67: =M67/M$51*100 -> #DIV/0! | X67: 1 | AJ67: =SUM(O67:AI67) -> 1 | AK67: =AJ67/AJ$51*100 -> 33.333333 | AT67: 1 | AY67: 1 | BC67: 1 | BF67: =SUM(AL67:BE67) -> 3 | BG67: =BF67/BF$51*100 -> 100 | BT67: 1 | CC67: =SUM(BH67:CB67) -> 1 | CD67: =CC67/CC$9*100 -> 33.333333 | CO67: =SUM(CE67:CK67) -> 0 | CP67: =CO67/CO$9*100 -> 0
A68: 17 | B68: 0827CI241140 | C68: VAISHNAVI RADVE | D68: =SUM(M68+AJ68+BF68+CC68+CO68) -> 3 | E68: =(D68)/D$51*100 -> 30 | F68: =IF(E68<50,E68, " ") -> 30 | G68: =IF(E68<30,E68, " ") | M68: =SUM(H68:L68) -> 0 | N68: =M68/M$51*100 -> #DIV/0! | AJ68: =SUM(O68:AI68) -> 0 | AK68: =AJ68/AJ$51*100 -> 0 | AT68: 1 | BC68: 1 | BF68: =SUM(AL68:BE68) -> 2 | BG68: =BF68/BF$51*100 -> 66.666667 | BT68: 1 | CC68: =SUM(BH68:CB68) -> 1 | CD68: =CC68/CC$9*100 -> 33.333333 | CO68: =SUM(CE68:CK68) -> 0 | CP68: =CO68/CO$9*100 -> 0
A69: 18 | B69: 0827CI241141 | C69: VANSH DIXIT | D69: =SUM(M69+AJ69+BF69+CC69+CO69) -> 0 | E69: =(D69)/D$51*100 -> 0 | F69: =IF(E69<50,E69, " ") -> 0 | G69: =IF(E69<30,E69, " ") -> 0 | M69: =SUM(H69:L69) -> 0 | N69: =M69/M$51*100 -> #DIV/0! | AJ69: =SUM(O69:AI69) -> 0 | AK69: =AJ69/AJ$51*100 -> 0 | BF69: =SUM(AL69:BE69) -> 0 | BG69: =BF69/BF$51*100 -> 0 | CC69: =SUM(BH69:CB69) -> 0 | CD69: =CC69/CC$9*100 -> 0 | CO69: =SUM(CE69:CK69) -> 0 | CP69: =CO69/CO$9*100 -> 0
A70: 19 | B70: 0827CI241142 | C70: VANSHIKA PAL | D70: =SUM(M70+AJ70+BF70+CC70+CO70) -> 6 | E70: =(D70)/D$51*100 -> 60 | F70: =IF(E70<50,E70, " ") | G70: =IF(E70<30,E70, " ") | M70: =SUM(H70:L70) -> 0 | N70: =M70/M$51*100 -> #DIV/0! | AH70: 1 | AJ70: =SUM(O70:AI70) -> 1 | AK70: =AJ70/AJ$51*100 -> 33.333333 | AT70: 1 | AY70: 1 | BF70: =SUM(AL70:BE70) -> 2 | BG70: =BF70/BF$51*100 -> 66.666667 | BO70: 1 | BT70: 1 | CC70: =SUM(BH70:CB70) -> 2 | CD70: =CC70/CC$9*100 -> 66.666667 | CE70: 1 | CO70: =SUM(CE70:CK70) -> 1 | CP70: =CO70/CO$9*100 -> 100
A71: 20 | B71: 0827CI241143 | C71: VEDANT PATIDAR | D71: =SUM(M71+AJ71+BF71+CC71+CO71) -> 8 | E71: =(D71)/D$51*100 -> 80 | F71: =IF(E71<50,E71, " ") | G71: =IF(E71<30,E71, " ") | M71: =SUM(H71:L71) -> 0 | N71: =M71/M$51*100 -> #DIV/0! | X71: 1 | AH71: 1 | AJ71: =SUM(O71:AI71) -> 2 | AK71: =AJ71/AJ$51*100 -> 66.666667 | AO71: 1 | AT71: 1 | AY71: 1 | BF71: =SUM(AL71:BE71) -> 3 | BG71: =BF71/BF$51*100 -> 100 | BO71: 1 | BT71: 1 | CC71: =SUM(BH71:CB71) -> 2 | CD71: =CC71/CC$9*100 -> 66.666667 | CE71: 1 | CO71: =SUM(CE71:CK71) -> 1 | CP71: =CO71/CO$9*100 -> 100
A72: 21 | B72: 0827CI241144 | C72: VEDIKA KSHIRSAGAR | D72: =SUM(M72+AJ72+BF72+CC72+CO72) -> 5 | E72: =(D72)/D$51*100 -> 50 | F72: =IF(E72<50,E72, " ") | G72: =IF(E72<30,E72, " ") | M72: =SUM(H72:L72) -> 0 | N72: =M72/M$51*100 -> #DIV/0! | X72: 1 | AJ72: =SUM(O72:AI72) -> 1 | AK72: =AJ72/AJ$51*100 -> 33.333333 | AT72: 1 | BC72: 1 | BF72: =SUM(AL72:BE72) -> 2 | BG72: =BF72/BF$51*100 -> 66.666667 | BO72: 1 | BT72: 1 | CC72: =SUM(BH72:CB72) -> 2 | CD72: =CC72/CC$9*100 -> 66.666667 | CO72: =SUM(CE72:CK72) -> 0 | CP72: =CO72/CO$9*100 -> 0
A73: 22 | B73: 0827CI241145 | C73: VIKAS JOSHI | D73: =SUM(M73+AJ73+BF73+CC73+CO73) -> 4 | E73: =(D73)/D$51*100 -> 40 | F73: =IF(E73<50,E73, " ") -> 40 | G73: =IF(E73<30,E73, " ") | M73: =SUM(H73:L73) -> 0 | N73: =M73/M$51*100 -> #DIV/0! | AC73: 1 | AH73: 1 | AJ73: =SUM(O73:AI73) -> 2 | AK73: =AJ73/AJ$51*100 -> 66.666667 | AT73: 1 | BF73: =SUM(AL73:BE73) -> 1 | BG73: =BF73/BF$51*100 -> 33.333333 | BO73: 1 | CC73: =SUM(BH73:CB73) -> 1 | CD73: =CC73/CC$9*100 -> 33.333333 | CO73: =SUM(CE73:CK73) -> 0 | CP73: =CO73/CO$9*100 -> 0
A74: 23 | B74: 0827CI241146 | C74: VINAY PATEL | D74: =SUM(M74+AJ74+BF74+CC74+CO74) -> 7 | E74: =(D74)/D$51*100 -> 70 | F74: =IF(E74<50,E74, " ") | G74: =IF(E74<30,E74, " ") | M74: =SUM(H74:L74) -> 0 | N74: =M74/M$51*100 -> #DIV/0! | X74: 1 | AH74: 1 | AJ74: =SUM(O74:AI74) -> 2 | AK74: =AJ74/AJ$51*100 -> 66.666667 | AO74: 1 | AY74: 1 | BF74: =SUM(AL74:BE74) -> 2 | BG74: =BF74/BF$51*100 -> 66.666667 | BO74: 1 | BT74: 1 | CC74: =SUM(BH74:CB74) -> 2 | CD74: =CC74/CC$9*100 -> 66.666667 | CE74: 1 | CO74: =SUM(CE74:CK74) -> 1 | CP74: =CO74/CO$9*100 -> 100
A75: 24 | B75: 0827CI241147 | C75: VIPIN | D75: =SUM(M75+AJ75+BF75+CC75+CO75) -> 10 | E75: =(D75)/D$51*100 -> 100 | F75: =IF(E75<50,E75, " ") | G75: =IF(E75<30,E75, " ") | M75: =SUM(H75:L75) -> 0 | N75: =M75/M$51*100 -> #DIV/0! | X75: 1 | AC75: 1 | AH75: 1 | AJ75: =SUM(O75:AI75) -> 3 | AK75: =AJ75/AJ$51*100 -> 100 | AO75: 1 | AT75: 1 | AY75: 1 | BC75: 1 | BF75: =SUM(AL75:BE75) -> 4 | BG75: =BF75/BF$51*100 -> 133.33333 | BO75: 1 | BT75: 1 | CC75: =SUM(BH75:CB75) -> 2 | CD75: =CC75/CC$9*100 -> 66.666667 | CE75: 1 | CO75: =SUM(CE75:CK75) -> 1 | CP75: =CO75/CO$9*100 -> 100
A76: 25 | B76: 0827CI241148 | C76: VISHAL CHOUDHARY | D76: =SUM(M76+AJ76+BF76+CC76+CO76) -> 8 | E76: =(D76)/D$51*100 -> 80 | F76: =IF(E76<50,E76, " ") | G76: =IF(E76<30,E76, " ") | M76: =SUM(H76:L76) -> 0 | N76: =M76/M$51*100 -> #DIV/0! | X76: 1 | AC76: 1 | AJ76: =SUM(O76:AI76) -> 2 | AK76: =AJ76/AJ$51*100 -> 66.666667 | AT76: 1 | AY76: 1 | BF76: =SUM(AL76:BE76) -> 2 | BG76: =BF76/BF$51*100 -> 66.666667 | BO76: 1 | BT76: 1 | BY76: 1 | CC76: =SUM(BH76:CB76) -> 3 | CD76: =CC76/CC$9*100 -> 100 | CE76: 1 | CO76: =SUM(CE76:CK76) -> 1 | CP76: =CO76/CO$9*100 -> 100
A77: 26 | B77: 0827CI241149 | C77: VISHAL SINGH BHADORIYA | D77: =SUM(M77+AJ77+BF77+CC77+CO77) -> 9 | E77: =(D77)/D$51*100 -> 90 | F77: =IF(E77<50,E77, " ") | G77: =IF(E77<30,E77, " ") | M77: =SUM(H77:L77) -> 0 | N77: =M77/M$51*100 -> #DIV/0! | X77: 1 | AC77: 1 | AJ77: =SUM(O77:AI77) -> 2 | AK77: =AJ77/AJ$51*100 -> 66.666667 | AT77: 1 | AY77: 1 | BC77: 1 | BF77: =SUM(AL77:BE77) -> 3 | BG77: =BF77/BF$51*100 -> 100 | BO77: 1 | BT77: 1 | BY77: 1 | CC77: =SUM(BH77:CB77) -> 3 | CD77: =CC77/CC$9*100 -> 100 | CE77: 1 | CO77: =SUM(CE77:CK77) -> 1 | CP77: =CO77/CO$9*100 -> 100
A78: 27 | B78: 0827CI241150 | C78: YASH PATEL | D78: =SUM(M78+AJ78+BF78+CC78+CO78) -> 7 | E78: =(D78)/D$51*100 -> 70 | F78: =IF(E78<50,E78, " ") | G78: =IF(E78<30,E78, " ") | M78: =SUM(H78:L78) -> 0 | N78: =M78/M$51*100 -> #DIV/0! | X78: 1 | AH78: 1 | AJ78: =SUM(O78:AI78) -> 2 | AK78: =AJ78/AJ$51*100 -> 66.666667 | AO78: 1 | AY78: 1 | BF78: =SUM(AL78:BE78) -> 2 | BG78: =BF78/BF$51*100 -> 66.666667 | BO78: 1 | BT78: 1 | CC78: =SUM(BH78:CB78) -> 2 | CD78: =CC78/CC$9*100 -> 66.666667 | CE78: 1 | CO78: =SUM(CE78:CK78) -> 1 | CP78: =CO78/CO$9*100 -> 100
A79: 28 | B79: 0827CI241151 | C79: YASH RAJ PANDIT | D79: =SUM(M79+AJ79+BF79+CC79+CO79) -> 3 | E79: =(D79)/D$51*100 -> 30 | F79: =IF(E79<50,E79, " ") -> 30 | G79: =IF(E79<30,E79, " ") | M79: =SUM(H79:L79) -> 0 | N79: =M79/M$51*100 -> #DIV/0! | AH79: 1 | AJ79: =SUM(O79:AI79) -> 1 | AK79: =AJ79/AJ$51*100 -> 33.333333 | AT79: 1 | BF79: =SUM(AL79:BE79) -> 1 | BG79: =BF79/BF$51*100 -> 33.333333 | CC79: =SUM(BH79:CB79) -> 0 | CD79: =CC79/CC$9*100 -> 0 | CE79: 1 | CO79: =SUM(CE79:CK79) -> 1 | CP79: =CO79/CO$9*100 -> 100
A80: 29 | B80: 0827CI241152 | C80: YASH RAJ SAYAL | D80: =SUM(M80+AJ80+BF80+CC80+CO80) -> 1 | E80: =(D80)/D$51*100 -> 10 | F80: =IF(E80<50,E80, " ") -> 10 | G80: =IF(E80<30,E80, " ") -> 10 | M80: =SUM(H80:L80) -> 0 | N80: =M80/M$51*100 -> #DIV/0! | AJ80: =SUM(O80:AI80) -> 0 | AK80: =AJ80/AJ$51*100 -> 0 | AT80: 1 | BF80: =SUM(AL80:BE80) -> 1 | BG80: =BF80/BF$51*100 -> 33.333333 | CC80: =SUM(BH80:CB80) -> 0 | CD80: =CC80/CC$9*100 -> 0 | CO80: =SUM(CE80:CK80) -> 0 | CP80: =CO80/CO$9*100 -> 0
A81: 30 | B81: 0827CI241153 | C81: YASH RAJPUT | D81: =SUM(M81+AJ81+BF81+CC81+CO81) -> 6 | E81: =(D81)/D$51*100 -> 60 | F81: =IF(E81<50,E81, " ") | G81: =IF(E81<30,E81, " ") | M81: =SUM(H81:L81) -> 0 | N81: =M81/M$51*100 -> #DIV/0! | AH81: 1 | AJ81: =SUM(O81:AI81) -> 1 | AK81: =AJ81/AJ$51*100 -> 33.333333 | AO81: 1 | AY81: 1 | BF81: =SUM(AL81:BE81) -> 2 | BG81: =BF81/BF$51*100 -> 66.666667 | BO81: 1 | BT81: 1 | CC81: =SUM(BH81:CB81) -> 2 | CD81: =CC81/CC$9*100 -> 66.666667 | CE81: 1 | CO81: =SUM(CE81:CK81) -> 1 | CP81: =CO81/CO$9*100 -> 100
A82: 31 | B82: 0827CI241154 | C82: YASHASVI ARYA | D82: =SUM(M82+AJ82+BF82+CC82+CO82) -> 2 | E82: =(D82)/D$51*100 -> 20 | F82: =IF(E82<50,E82, " ") -> 20 | G82: =IF(E82<30,E82, " ") -> 20 | M82: =SUM(H82:L82) -> 0 | N82: =M82/M$51*100 -> #DIV/0! | AJ82: =SUM(O82:AI82) -> 0 | AK82: =AJ82/AJ$51*100 -> 0 | AY82: 1 | BF82: =SUM(AL82:BE82) -> 1 | BG82: =BF82/BF$51*100 -> 33.333333 | BT82: 1 | CC82: =SUM(BH82:CB82) -> 1 | CD82: =CC82/CC$9*100 -> 33.333333 | CO82: =SUM(CE82:CK82) -> 0 | CP82: =CO82/CO$9*100 -> 0
A83: 32 | B83: 0827CI241155 | C83: YASHIKA KHANDELWAL | D83: =SUM(M83+AJ83+BF83+CC83+CO83) -> 4 | E83: =(D83)/D$51*100 -> 40 | F83: =IF(E83<50,E83, " ") -> 40 | G83: =IF(E83<30,E83, " ") | M83: =SUM(H83:L83) -> 0 | N83: =M83/M$51*100 -> #DIV/0! | X83: 1 | AC83: 1 | AJ83: =SUM(O83:AI83) -> 2 | AK83: =AJ83/AJ$51*100 -> 66.666667 | AY83: 1 | BF83: =SUM(AL83:BE83) -> 1 | BG83: =BF83/BF$51*100 -> 33.333333 | BO83: 1 | CC83: =SUM(BH83:CB83) -> 1 | CD83: =CC83/CC$9*100 -> 33.333333 | CO83: =SUM(CE83:CK83) -> 0 | CP83: =CO83/CO$9*100 -> 0
A84: 33 | B84: 0827CI241156 | C84: YOGITA KAYAT | D84: =SUM(M84+AJ84+BF84+CC84+CO84) -> 3 | E84: =(D84)/D$51*100 -> 30 | F84: =IF(E84<50,E84, " ") -> 30 | G84: =IF(E84<30,E84, " ") | M84: =SUM(H84:L84) -> 0 | N84: =M84/M$51*100 -> #DIV/0! | AJ84: =SUM(O84:AI84) -> 0 | AK84: =AJ84/AJ$51*100 -> 0 | AO84: 1 | AY84: 1 | BF84: =SUM(AL84:BE84) -> 2 | BG84: =BF84/BF$51*100 -> 66.666667 | CC84: =SUM(BH84:CB84) -> 0 | CD84: =CC84/CC$9*100 -> 0 | CE84: 1 | CO84: =SUM(CE84:CK84) -> 1 | CP84: =CO84/CO$9*100 -> 100
A85: 34 | B85: 0827CI253D01 | C85: ADARSH TRIPATHI | D85: =SUM(M85+AJ85+BF85+CC85+CO85) -> 5 | E85: =(D85)/D$51*100 -> 50 | F85: =IF(E85<50,E85, " ") | G85: =IF(E85<30,E85, " ") | M85: =SUM(H85:L85) -> 0 | N85: =M85/M$51*100 -> #DIV/0! | AJ85: =SUM(O85:AI85) -> 0 | AK85: =AJ85/AJ$51*100 -> 0 | AO85: 1 | AT85: 1 | AY85: 1 | BF85: =SUM(AL85:BE85) -> 3 | BG85: =BF85/BF$51*100 -> 100 | BT85: 1 | CC85: =SUM(BH85:CB85) -> 1 | CD85: =CC85/CC$9*100 -> 33.333333 | CE85: 1 | CO85: =SUM(CE85:CK85) -> 1 | CP85: =CO85/CO$9*100 -> 100
A86: 35 | B86: 0827CI253D02 | C86: HARSH SINGLE | D86: =SUM(M86+AJ86+BF86+CC86+CO86) -> 4 | E86: =(D86)/D$51*100 -> 40 | F86: =IF(E86<50,E86, " ") -> 40 | G86: =IF(E86<30,E86, " ") | M86: =SUM(H86:L86) -> 0 | N86: =M86/M$51*100 -> #DIV/0! | AJ86: =SUM(O86:AI86) -> 0 | AK86: =AJ86/AJ$51*100 -> 0 | AT86: 1 | AY86: 1 | BF86: =SUM(AL86:BE86) -> 2 | BG86: =BF86/BF$51*100 -> 66.666667 | BT86: 1 | CC86: =SUM(BH86:CB86) -> 1 | CD86: =CC86/CC$9*100 -> 33.333333 | CE86: 1 | CO86: =SUM(CE86:CK86) -> 1 | CP86: =CO86/CO$9*100 -> 100
A87: 36 | B87: 0827CI253D04 | C87: MANSI VASWANI | D87: =SUM(M87+AJ87+BF87+CC87+CO87) -> 3 | E87: =(D87)/D$51*100 -> 30 | F87: =IF(E87<50,E87, " ") -> 30 | G87: =IF(E87<30,E87, " ") | M87: =SUM(H87:L87) -> 0 | N87: =M87/M$51*100 -> #DIV/0! | AJ87: =SUM(O87:AI87) -> 0 | AK87: =AJ87/AJ$51*100 -> 0 | AY87: 1 | BF87: =SUM(AL87:BE87) -> 1 | BG87: =BF87/BF$51*100 -> 33.333333 | BO87: 1 | BT87: 1 | CC87: =SUM(BH87:CB87) -> 2 | CD87: =CC87/CC$9*100 -> 66.666667 | CO87: =SUM(CE87:CK87) -> 0 | CP87: =CO87/CO$9*100 -> 0
A88: 37 | B88: 0827CI253D05 | C88: MANTHAN SHARMA | D88: =SUM(M88+AJ88+BF88+CC88+CO88) -> 5 | E88: =(D88)/D$51*100 -> 50 | F88: =IF(E88<50,E88, " ") | G88: =IF(E88<30,E88, " ") | M88: =SUM(H88:L88) -> 0 | N88: =M88/M$51*100 -> #DIV/0! | AJ88: =SUM(O88:AI88) -> 0 | AK88: =AJ88/AJ$51*100 -> 0 | AO88: 1 | AT88: 1 | AY88: 1 | BF88: =SUM(AL88:BE88) -> 3 | BG88: =BF88/BF$51*100 -> 100 | BT88: 1 | CC88: =SUM(BH88:CB88) -> 1 | CD88: =CC88/CC$9*100 -> 33.333333 | CE88: 1 | CO88: =SUM(CE88:CK88) -> 1 | CP88: =CO88/CO$9*100 -> 100
A89: 38 | B89: 0827CI253D06 | C89: MOHD AMAAN MIRZA | D89: =SUM(M89+AJ89+BF89+CC89+CO89) -> 5 | E89: =(D89)/D$51*100 -> 50 | F89: =IF(E89<50,E89, " ") | G89: =IF(E89<30,E89, " ") | M89: =SUM(H89:L89) -> 0 | N89: =M89/M$51*100 -> #DIV/0! | AJ89: =SUM(O89:AI89) -> 0 | AK89: =AJ89/AJ$51*100 -> 0 | AO89: 1 | AT89: 1 | AY89: 1 | BF89: =SUM(AL89:BE89) -> 3 | BG89: =BF89/BF$51*100 -> 100 | BT89: 1 | CC89: =SUM(BH89:CB89) -> 1 | CD89: =CC89/CC$9*100 -> 33.333333 | CE89: 1 | CO89: =SUM(CE89:CK89) -> 1 | CP89: =CO89/CO$9*100 -> 100
A90: 39 | B90: 0827CI253D09 | C90: PURAB SAXENA | D90: =SUM(M90+AJ90+BF90+CC90+CO90) -> 4 | E90: =(D90)/D$51*100 -> 40 | F90: =IF(E90<50,E90, " ") -> 40 | G90: =IF(E90<30,E90, " ") | M90: =SUM(H90:L90) -> 0 | N90: =M90/M$51*100 -> #DIV/0! | AJ90: =SUM(O90:AI90) -> 0 | AK90: =AJ90/AJ$51*100 -> 0 | AO90: 1 | AY90: 1 | BF90: =SUM(AL90:BE90) -> 2 | BG90: =BF90/BF$51*100 -> 66.666667 | BT90: 1 | CC90: =SUM(BH90:CB90) -> 1 | CD90: =CC90/CC$9*100 -> 33.333333 | CE90: 1 | CO90: =SUM(CE90:CK90) -> 1 | CP90: =CO90/CO$9*100 -> 100
A91: 40 | B91: 0827CI231080 | C91: Mayank Mishra | D91: =SUM(M91+AJ91+BF91+CC91+CO91) -> 0 | E91: =(D91)/D$51*100 -> 0 | F91: =IF(E91<50,E91, " ") -> 0 | G91: =IF(E91<30,E91, " ") -> 0 | M91: =SUM(H91:L91) -> 0 | N91: =M91/M$51*100 -> #DIV/0! | AJ91: =SUM(O91:AI91) -> 0 | AK91: =AJ91/AJ$51*100 -> 0 | BF91: =SUM(AL91:BE91) -> 0 | BG91: =BF91/BF$51*100 -> 0 | CC91: =SUM(BH91:CB91) -> 0 | CD91: =CC91/CC$9*100 -> 0 | CO91: =SUM(CE91:CK91) -> 0 | CP91: =CO91/CO$9*100 -> 0
A92: 41 | D92: =SUM(M92+AJ92+BF92+CC92+CO92) -> 0 | E92: =(D92)/D$51*100 -> 0 | F92: =IF(E92<50,E92, " ") -> 0 | G92: =IF(E92<30,E92, " ") -> 0 | M92: =SUM(H92:L92) -> 0 | N92: =M92/M$51*100 -> #DIV/0! | AJ92: =SUM(O92:AI92) -> 0 | AK92: =AJ92/AJ$51*100 -> 0 | BF92: =SUM(AL92:BE92) -> 0 | BG92: =BF92/BF$51*100 -> 0 | CC92: =SUM(BH92:CB92) -> 0 | CD92: =CC92/CC$9*100 -> 0 | CO92: =SUM(CE92:CK92) -> 0 | CP92: =CO92/CO$9*100 -> 0
A93: 42 | D93: =SUM(M93+AJ93+BF93+CC93+CO93) -> 0 | E93: =(D93)/D$51*100 -> 0 | F93: =IF(E93<50,E93, " ") -> 0 | G93: =IF(E93<30,E93, " ") -> 0 | M93: =SUM(H93:L93) -> 0 | N93: =M93/M$51*100 -> #DIV/0! | AJ93: =SUM(O93:AI93) -> 0 | AK93: =AJ93/AJ$51*100 -> 0 | BF93: =SUM(AL93:BE93) -> 0 | BG93: =BF93/BF$51*100 -> 0 | CC93: =SUM(BH93:CB93) -> 0 | CD93: =CC93/CC$9*100 -> 0 | CO93: =SUM(CE93:CK93) -> 0 | CP93: =CO93/CO$9*100 -> 0
A94: 43 | D94: =SUM(M94+AJ94+BF94+CC94+CO94) -> 0 | E94: =(D94)/D$51*100 -> 0 | F94: =IF(E94<50,E94, " ") -> 0 | G94: =IF(E94<30,E94, " ") -> 0 | M94: =SUM(H94:L94) -> 0 | N94: =M94/M$51*100 -> #DIV/0! | AJ94: =SUM(O94:AI94) -> 0 | AK94: =AJ94/AJ$51*100 -> 0 | BF94: =SUM(AL94:BE94) -> 0 | BG94: =BF94/BF$51*100 -> 0 | CC94: =SUM(BH94:CB94) -> 0 | CD94: =CC94/CC$9*100 -> 0 | CO94: =SUM(CE94:CK94) -> 0 | CP94: =CO94/CO$9*100 -> 0
A95: 44 | D95: =SUM(M95+AJ95+BF95+CC95+CO95) -> 0 | E95: =(D95)/D$51*100 -> 0 | F95: =IF(E95<50,E95, " ") -> 0 | G95: =IF(E95<30,E95, " ") -> 0 | M95: =SUM(H95:L95) -> 0 | N95: =M95/M$51*100 -> #DIV/0! | AJ95: =SUM(O95:AI95) -> 0 | AK95: =AJ95/AJ$51*100 -> 0 | BF95: =SUM(AL95:BE95) -> 0 | BG95: =BF95/BF$51*100 -> 0 | CC95: =SUM(BH95:CB95) -> 0 | CD95: =CC95/CC$9*100 -> 0 | CO95: =SUM(CE95:CK95) -> 0 | CP95: =CO95/CO$9*100 -> 0
A285: CSIT-501 L
A286: Faculty Name:
A287: Subject Name :
A288: Subject Code :
A289: Start Date
...

Sheet 403
A1: CSIT403
A2: Faculty Name: | C2: Prof. Nisha Rathi
A3: Subject Name : | C3: Analysis and Design of Algorithm
A4: Subject Code : | C4: CSIT-403
A5: Start Date | C5: 46104
A6: End Date | X6: NC | AC6: 3 | AE6: VV | AH6: NC | AI6: Acro Care | AR6: SS | AT6: NC | AX6: Abs | AY6: Abs | AZ6: Abs | BA6: Abs | BD6: NC | BK6: NC | BM6: Exam | BN6: Exam | BP6: NC | BQ6: Farewell
H7: 1 | I7: 2 | J7: 3 | K7: 4 | L7: 5 | O7: 1 | P7: 2 | Q7: 3 | R7: 4 | S7: 5 | T7: 6 | U7: 7 | V7: 8 | W7: 9 | X7: 10 | Y7: 11 | Z7: 12 | AA7: 13 | AB7: 14 | AC7: 15 | AD7: 16 | AE7: 17 | AF7: 18 | AG7: 19 | AH7: 20 | AI7: 21 | AL7: 1 | AM7: 2 | AN7: 3 | AO7: 4 | AP7: 5 | AQ7: 6 | AR7: 7 | AS7: 8 | AT7: 9 | AU7: 10 | AV7: 11 | AW7: 12 | AX7: 13 | AY7: 14 | AZ7: 15 | BA7: 16 | BB7: 17 | BC7: 18 | BD7: 19 | BE7: 20 | BF7: 21 | BI7: 1 | BJ7: 2 | BK7: 3 | BL7: 4 | BM7: 5 | BN7: 6 | BO7: 6 | BP7: 7 | BQ7: 8 | BR7: 9 | BS7: 10 | BT7: 11 | BU7: 12 | BV7: 13 | BW7: 14 | BX7: 15 | BY7: 16 | BZ7: 17 | CA7: 18 | CB7: 19 | CC7: 20 | CD7: 21 | CE7: 22 | CH7: 1 | CI7: 2 | CJ7: 3 | CK7: 4 | CL7: 5 | CM7: 5 | CN7: 5 | CO7: 8 | CP7: 9 | CQ7: 10 | CR7: 11 | CS7: 11 | CT7: 13 | CU7: 14 | CV7: 15 | CW7: 16 | CX7: 17 | CY7: 18 | CZ7: 19
D8: Total Class | E8: OverAll Att. % | F8: Att. 50% | G8: Att. 30% | H8: 46104 | I8: 46105 | J8: 46105 | K8: 46107 | L8: 46111 | M8: MARCH CLASS | N8: MARCH% | O8: 46113 | P8: 46114 | Q8: 46115 | R8: 46118 | S8: 46119 | T8: 46120 | U8: 46121 | V8: 46122 | W8: 46125 | X8: 46127 | Y8: 46128 | Z8: 46129 | AA8: 46132 | AB8: 46133 | AC8: 46133 | AD8: 46135 | AE8: 46136 | AF8: 46139 | AG8: 46140 | AH8: 46141 | AI8: 46142 | AJ8: APRIL CLASS | AK8: APRIL% | AL8: 46143 | AM8: 46146 | AN8: 46147 | AO8: 46148 | AP8: 46149 | AQ8: 46150 | AR8: 46153 | AS8: 46154 | AT8: 46155 | AU8: 46156 | AV8: 46157 | AW8: 46160 | AX8: 46161 | AY8: 46162 | AZ8: 46163 | BA8: 46164 | BB8: 46167 | BC8: 46168 | BD8: 46169 | BE8: 46170 | BF8: 46171 | BG8: MAY CLASS | BH8: MAY % | BI8: 46174 | BJ8: 46175 | BK8: 46176 | BL8: 46177 | BM8: 46178 | BN8: 46181 | BO8: 46182 | BP8: 46183 | BQ8: 46184 | BR8: 46185 | BS8: 46185 | BT8: 46188 | BU8: 46189 | BV8: 46189 | BW8: 46189 | BX8: 46190 | BY8: 46190 | BZ8: 46191 | CA8: 46191 | CB8: 46191 | CC8: 46192 | CD8: 46192 | CE8: 46192 | CF8: JUNE CLASS | CG8: JUNE% | CH8: 46209 | CI8: 46209 | CJ8: 46210 | CK8: 46210 | CL8: 46213 | CM8: 46213 | CN8: 46213 | CO8: 46217 | CP8: 46217 | CQ8: 46217 | CR8: 46217 | CS8: 46217 | DA8: JULY CLASS | DB8: JULY% | DQ8: JAN CLASS | DR8: JAN %
A9: s.no. | B9: Enrollment NO. | C9: Student Name | D9: =SUM(M9+AJ9+BG9+CF9+DA9) -> 52 | H9: =SUM(H10:H94) -> 0 | I9: =SUM(I10:I94) -> 8 | J9: =SUM(J10:J94) -> 4 | K9: =SUM(K10:K94) -> 0 | L9: =SUM(L10:L94) -> 0 | M9: =COUNTIF(H9:L9,">0") -> 2 | N9: =COUNTIF(H9:L9,">0") -> 2 | O9: =SUM(O10:O94) -> 0 | P9: =SUM(P10:P94) -> 0 | Q9: =SUM(Q10:Q94) -> 0 | R9: =SUM(R10:R94) -> 0 | S9: =SUM(S10:S94) -> 0 | T9: =SUM(T10:T94) -> 0 | U9: =SUM(U10:U94) -> 0 | V9: =SUM(V10:V94) -> 0 | ... AI9: =SUM(AI10:AI94) -> 0 | AJ9: =COUNTIF(O9:AI9,">0") -> 10 | AK9: =SUM(M9+AJ9) -> 12 | AL9: =SUM(AL10:AL94) -> 18 | AM9: =SUM(AM10:AM94) -> 41 | AN9: =SUM(AN10:AN94) -> 31 | AO9: =SUM(AO10:AO94) -> 40 | AP9: =SUM(AP10:AP94) -> 18 | AQ9: =SUM(AQ10:AQ94) -> 35 | AR9: =SUM(AR10:AR94) -> 0 | AS9: =SUM(AS10:AS94) -> 34 | ... BF9: =SUM(BF10:BF94) -> 0 | BG9: =COUNTIF(AL9:BF9,">0") -> 11 | BH9: =SUM(AK9+BG9) -> 23 | BI9: =SUM(BI10:BI94) -> 37 | BJ9: =SUM(BJ10:BJ94) -> 28 | BK9: =SUM(BK10:BK94) -> 0 | BL9: =SUM(BL10:BL94) -> 20 | BM9: =SUM(BM10:BM94) -> 0 | BN9: =SUM(BN10:BN94) -> 0 | BO9: =SUM(BO10:BO94) -> 35 | BP9: =SUM(BP10:BP94) -> 0 | ... CE9: =SUM(CE10:CE94) -> 41 | CF9: =COUNTIF(BI9:CE9,">0") -> 18 | CG9: =SUM(BH9+CF9) -> 41 | CH9: =SUM(CH10:CH94) -> 3 | CI9: =SUM(CI10:CI94) -> 3 | CJ9: =SUM(CJ10:CJ94) -> 10 | CK9: =SUM(CK10:CK94) -> 10 | CL9: =SUM(CL10:CL94) -> 47 | CM9: =SUM(CM10:CM94) -> 47 | CN9: =SUM(CN10:CN94) -> 47 | CO9: =SUM(CO10:CO94) -> 67 | ... CZ9: =SUM(CZ10:CZ94) -> 0 | DA9: =COUNTIF(CH9:CR9,">0") -> 11 | DB9: =SUM(CG9+DA9) -> 52 | DC9: =SUM(DC10:DC94) -> 0 | DD9: =SUM(DD10:DD94) -> 0 | DE9: =SUM(DE10:DE94) -> 0 | DF9: =SUM(DF10:DF94) -> 0 | DG9: =SUM(DG10:DG94) -> 0 | DH9: =SUM(DH10:DH94) -> 0 | DI9: =SUM(DI10:DI94) -> 0 | DJ9: =SUM(DJ10:DJ94) -> 0 | ... DP9: =SUM(DP10:DP94) -> 0 | DQ9: =COUNTIF(DC9:DP9,">0") -> 0 | DR9: =SUM(CW9+DQ9) -> 0
A10: 1 | B10: 0827CI241083 | C10: PARMEET KEVAT | D10: =SUM(M10+AJ10+BG10+CF10+DA10) -> 30 | E10: =(D10)/D$9*100 -> 57.692308 | F10: =IF(E10<50,E10, " ") | G10: =IF(E10<30,E10, " ") | M10: =SUM(H10:L10) -> 0 | N10: =M10/M$9*100 -> 0 | W10: 1 | Y10: 1 | Z10: 1 | AA10: 1 | AB10: 1 | AC10: 1 | AD10: 1 | AF10: 1 | AG10: 1 | AJ10: =SUM(O10:AI10) -> 9 | AK10: =AJ10/AJ$9*100 -> 90 | AM10: 1 | AN10: 1 | AO10: 1 | AP10: 1 | AQ10: 1 | BG10: =SUM(AL10:BF10) -> 5 | BH10: =BG10/BG$9*100 -> 45.454545 | BI10: 1 | BJ10: 1 | BL10: 1 | BO10: 1 | BR10: 1 | BS10: 1 | BT10: 1 | CF10: =SUM(BI10:CE10) -> 7 | CG10: =CF10/CF$9*100 -> 38.888889 | CJ10: 1 | CK10: 1 | CL10: 1 | CM10: 1 | CN10: 1 | CO10: 1 | CP10: 1 | CQ10: 1 | CR10: 1 | CS10: 1 | DA10: =SUM(CH10:CR10) -> 9 | DB10: =DA10/DA$9*100 -> 81.818182 | DQ10: =SUM(DC10:DP10) -> 0 | DR10: =DQ10/DQ$9*100 -> #DIV/0!
A11: 2 | B11: 0827CI241084 | C11: PARTH SHARMA | D11: =SUM(M11+AJ11+BG11+CF11+DA11) -> 35 | E11: =(D11)/D$9*100 -> 67.307692 | F11: =IF(E11<50,E11, " ") | G11: =IF(E11<30,E11, " ") | M11: =SUM(H11:L11) -> 0 | N11: =M11/M$9*100 -> 0 | W11: 1 | Z11: 1 | AA11: 1 | AB11: 1 | AC11: 1 | AE11: 1 | AF11: 1 | AG11: 1 | AJ11: =SUM(O11:AI11) -> 8 | AK11: =AJ11/AJ$9*100 -> 80 | AM11: 1 | AN11: 1 | AO11: 1 | AQ11: 1 | AS11: 1 | BG11: =SUM(AL11:BF11) -> 5 | BH11: =BG11/BG$9*100 -> 45.454545 | BI11: 1 | BJ11: 1 | BR11: 1 | BS11: 1 | BT11: 1 | BU11: 1 | BV11: 1 | BW11: 1 | BX11: 1 | BY11: 1 | BZ11: 1 | CA11: 1 | CB11: 1 | CC11: 1 | CD11: 1 | CE11: 1 | CF11: =SUM(BI11:CE11) -> 16 | CG11: =CF11/CF$9*100 -> 88.888889 | CJ11: 1 | CK11: 1 | CO11: 1 | CP11: 1 | CQ11: 1 | CR11: 1 | CS11: 1 | DA11: =SUM(CH11:CR11) -> 6 | DB11: =DA11/DA$9*100 -> 54.545455 | DQ11: =SUM(DC11:DP11) -> 0 | DR11: =DQ11/DQ$9*100 -> #DIV/0!
A12: 3 | B12: 0827CI241085 | C12: PARTH SHARMA | D12: =SUM(M12+AJ12+BG12+CF12+DA12) -> 11 | E12: =(D12)/D$9*100 -> 21.153846 | F12: =IF(E12<50,E12, " ") -> 21.153846 | G12: =IF(E12<30,E12, " ") -> 21.153846 | M12: =SUM(H12:L12) -> 0 | N12: =M12/M$9*100 -> 0 | AJ12: =SUM(O12:AI12) -> 0 | AK12: =AJ12/AJ$9*100 -> 0 | BG12: =SUM(AL12:BF12) -> 0 | BH12: =BG12/BG$9*100 -> 0 | CF12: =SUM(BI12:CE12) -> 0 | CG12: =CF12/CF$9*100 -> 0 | CH12: 1 | CI12: 1 | CJ12: 1 | CK12: 1 | CL12: 1 | CM12: 1 | CN12: 1 | CO12: 1 | CP12: 1 | CQ12: 1 | CR12: 1 | CS12: 1 | DA12: =SUM(CH12:CR12) -> 11 | DB12: =DA12/DA$9*100 -> 100 | DQ12: =SUM(DC12:DP12) -> 0 | DR12: =DQ12/DQ$9*100 -> #DIV/0!
A13: 4 | B13: 0827CI241086 | C13: PARUL DEVKAR | D13: =SUM(M13+AJ13+BG13+CF13+DA13) -> 6 | E13: =(D13)/D$9*100 -> 11.538462 | F13: =IF(E13<50,E13, " ") -> 11.538462 | G13: =IF(E13<30,E13, " ") -> 11.538462 | M13: =SUM(H13:L13) -> 0 | N13: =M13/M$9*100 -> 0 | AB13: 1 | AC13: 1 | AF13: 1 | AJ13: =SUM(O13:AI13) -> 3 | AK13: =AJ13/AJ$9*100 -> 30 | AL13: 1 | AV13: 1 | BG13: =SUM(AL13:BF13) -> 2 | BH13: =BG13/BG$9*100 -> 18.181818 | BL13: 1 | CF13: =SUM(BI13:CE13) -> 1 | CG13: =CF13/CF$9*100 -> 5.5555556 | DA13: =SUM(CH13:CR13) -> 0 | DB13: =DA13/DA$9*100 -> 0 | DQ13: =SUM(DC13:DP13) -> 0 | DR13: =DQ13/DQ$9*100 -> #DIV/0!
A14: 5 | B14: 0827CI241087 | C14: PAVNI SONER | D14: =SUM(M14+AJ14+BG14+CF14+DA14) -> 26 | E14: =(D14)/D$9*100 -> 50 | F14: =IF(E14<50,E14, " ") | G14: =IF(E14<30,E14, " ") | M14: =SUM(H14:L14) -> 0 | N14: =M14/M$9*100 -> 0 | Y14: 1 | Z14: 1 | AA14: 1 | AB14: 1 | AC14: 1 | AG14: 1 | AJ14: =SUM(O14:AI14) -> 6 | AK14: =AJ14/AJ$9*100 -> 60 | AM14: 1 | AN14: 1 | AO14: 1 | AQ14: 1 | BC14: 1 | BG14: =SUM(AL14:BF14) -> 5 | BH14: =BG14/BG$9*100 -> 45.454545 | BI14: 1 | BX14: 1 | BY14: 1 | BZ14: 1 | CA14: 1 | CB14: 1 | CC14: 1 | CD14: 1 | CE14: 1 | CF14: =SUM(BI14:CE14) -> 9 | CG14: =CF14/CF$9*100 -> 50 | CJ14: 1 | CK14: 1 | CO14: 1 | CP14: 1 | CQ14: 1 | CR14: 1 | CS14: 1 | DA14: =SUM(CH14:CR14) -> 6 | DB14: =DA14/DA$9*100 -> 54.545455 | DQ14: =SUM(DC14:DP14) -> 0 | DR14: =DQ14/DQ$9*100 -> #DIV/0!
A15: 6 | B15: 0827CI241088 | C15: PIYUSH MANDLOI | D15: =SUM(M15+AJ15+BG15+CF15+DA15) -> 20 | E15: =(D15)/D$9*100 -> 38.461538 | F15: =IF(E15<50,E15, " ") -> 38.461538 | G15: =IF(E15<30,E15, " ") | M15: =SUM(H15:L15) -> 0 | N15: =M15/M$9*100 -> 0 | Z15: 1 | AE15: 1 | AF15: 1 | AG15: 1 | AJ15: =SUM(O15:AI15) -> 4 | AK15: =AJ15/AJ$9*100 -> 40 | AL15: 1 | AM15: 1 | AN15: 1 | AO15: 1 | AQ15: 1 | BC15: 1 | BG15: =SUM(AL15:BF15) -> 6 | BH15: =BG15/BG$9*100 -> 54.545455 | BI15: 1 | BX15: 1 | BY15: 1 | CF15: =SUM(BI15:CE15) -> 3 | CG15: =CF15/CF$9*100 -> 16.666667 | CL15: 1 | CM15: 1 | CN15: 1 | CO15: 1 | CP15: 1 | CQ15: 1 | CR15: 1 | CS15: 1 | DA15: =SUM(CH15:CR15) -> 7 | DB15: =DA15/DA$9*100 -> 63.636364 | DQ15: =SUM(DC15:DP15) -> 0 | DR15: =DQ15/DQ$9*100 -> #DIV/0!
A16: 7 | B16: 0827CI241089 | C16: PRAGATI VERMA | D16: =SUM(M16+AJ16+BG16+CF16+DA16) -> 12 | E16: =(D16)/D$9*100 -> 23.076923 | F16: =IF(E16<50,E16, " ") -> 23.076923 | G16: =IF(E16<30,E16, " ") -> 23.076923 | M16: =SUM(H16:L16) -> 0 | N16: =M16/M$9*100 -> 0 | AD16: 1 | AJ16: =SUM(O16:AI16) -> 1 | AK16: =AJ16/AJ$9*100 -> 10 | AL16: 1 | BB16: 1 | BG16: =SUM(AL16:BF16) -> 2 | BH16: =BG16/BG$9*100 -> 18.181818 | BI16: 1 | BO16: 1 | CF16: =SUM(BI16:CE16) -> 2 | CG16: =CF16/CF$9*100 -> 11.111111 | CL16: 1 | CM16: 1 | CN16: 1 | CO16: 1 | CP16: 1 | CQ16: 1 | CR16: 1 | CS16: 1 | DA16: =SUM(CH16:CR16) -> 7 | DB16: =DA16/DA$9*100 -> 63.636364 | DQ16: =SUM(DC16:DP16) -> 0 | DR16: =DQ16/DQ$9*100 -> #DIV/0!
A17: 8 | B17: 0827CI241090 | C17: PRANAL PATEL | D17: =SUM(M17+AJ17+BG17+CF17+DA17) -> 3 | E17: =(D17)/D$9*100 -> 5.7692308 | F17: =IF(E17<50,E17, " ") -> 5.7692308 | G17: =IF(E17<30,E17, " ") -> 5.7692308 | M17: =SUM(H17:L17) -> 0 | N17: =M17/M$9*100 -> 0 | AJ17: =SUM(O17:AI17) -> 0 | AK17: =AJ17/AJ$9*100 -> 0 | BG17: =SUM(AL17:BF17) -> 0 | BH17: =BG17/BG$9*100 -> 0 | CF17: =SUM(BI17:CE17) -> 0 | CG17: =CF17/CF$9*100 -> 0 | CL17: 1 | CM17: 1 | CN17: 1 | DA17: =SUM(CH17:CR17) -> 3 | DB17: =DA17/DA$9*100 -> 27.272727 | DQ17: =SUM(DC17:DP17) -> 0 | DR17: =DQ17/DQ$9*100 -> #DIV/0!
A18: 9 | B18: 0827CI241091 | C18: PRANIT GURVE | D18: =SUM(M18+AJ18+BG18+CF18+DA18) -> 18 | E18: =(D18)/D$9*100 -> 34.615385 | F18: =IF(E18<50,E18, " ") -> 34.615385 | G18: =IF(E18<30,E18, " ") | M18: =SUM(H18:L18) -> 0 | N18: =M18/M$9*100 -> 0 | W18: 1 | AE18: 1 | AF18: 1 | AJ18: =SUM(O18:AI18) -> 3 | AK18: =AJ18/AJ$9*100 -> 30 | AO18: 1 | AS18: 1 | BG18: =SUM(AL18:BF18) -> 2 | BH18: =BG18/BG$9*100 -> 18.181818 | BI18: 1 | BU18: 1 | BV18: 1 | BW18: 1 | BX18: 1 | BY18: 1 | CF18: =SUM(BI18:CE18) -> 6 | CG18: =CF18/CF$9*100 -> 33.333333 | CL18: 1 | CM18: 1 | CN18: 1 | CO18: 1 | CP18: 1 | CQ18: 1 | CR18: 1 | CS18: 1 | DA18: =SUM(CH18:CR18) -> 7 | DB18: =DA18/DA$9*100 -> 63.636364 | DQ18: =SUM(DC18:DP18) -> 0 | DR18: =DQ18/DQ$9*100 -> #DIV/0!
A19: 10 | B19: 0827CI241092 | C19: PRANSHU KUMAWAT | D19: =SUM(M19+AJ19+BG19+CF19+DA19) -> 14 | E19: =(D19)/D$9*100 -> 26.923077 | F19: =IF(E19<50,E19, " ") -> 26.923077 | G19: =IF(E19<30,E19, " ") -> 26.923077 | M19: =SUM(H19:L19) -> 0 | N19: =M19/M$9*100 -> 0 | AF19: 1 | AJ19: =SUM(O19:AI19) -> 1 | AK19: =AJ19/AJ$9*100 -> 10 | AL19: 1 | AM19: 1 | AO19: 1 | AS19: 1 | BB19: 1 | BG19: =SUM(AL19:BF19) -> 5 | BH19: =BG19/BG$9*100 -> 45.454545 | BI19: 1 | CF19: =SUM(BI19:CE19) -> 1 | CG19: =CF19/CF$9*100 -> 5.5555556 | CL19: 1 | CM19: 1 | CN19: 1 | CO19: 1 | CP19: 1 | CQ19: 1 | CR19: 1 | CS19: 1 | DA19: =SUM(CH19:CR19) -> 7 | DB19: =DA19/DA$9*100 -> 63.636364 | DQ19: =SUM(DC19:DP19) -> 0 | DR19: =DQ19/DQ$9*100 -> #DIV/0!
A20: 11 | B20: 0827CI241093 | C20: PRASHAM JAIN | D20: =SUM(M20+AJ20+BG20+CF20+DA20) -> 36 | E20: =(D20)/D$9*100 -> 69.230769 | F20: =IF(E20<50,E20, " ") | G20: =IF(E20<30,E20, " ") | M20: =SUM(H20:L20) -> 0 | N20: =M20/M$9*100 -> 0 | W20: 1 | Y20: 1 | Z20: 1 | AA20: 1 | AD20: 1 | AF20: 1 | AG20: 1 | AJ20: =SUM(O20:AI20) -> 7 | AK20: =AJ20/AJ$9*100 -> 70 | AM20: 1 | AN20: 1 | AO20: 1 | AP20: 1 | AQ20: 1 | AS20: 1 | BB20: 1 | BG20: =SUM(AL20:BF20) -> 7 | BH20: =BG20/BG$9*100 -> 63.636364 | BI20: 1 | BJ20: 1 | BO20: 1 | BT20: 1 | BU20: 1 | BV20: 1 | BW20: 1 | BZ20: 1 | CA20: 1 | CB20: 1 | CC20: 1 | CD20: 1 | CE20: 1 | CF20: =SUM(BI20:CE20) -> 13 | CG20: =CF20/CF$9*100 -> 72.222222 | CJ20: 1 | CK20: 1 | CL20: 1 | CM20: 1 | CN20: 1 | CO20: 1 | CP20: 1 | CQ20: 1 | CR20: 1 | CS20: 1 | DA20: =SUM(CH20:CR20) -> 9 | DB20: =DA20/DA$9*100 -> 81.818182 | DQ20: =SUM(DC20:DP20) -> 0 | DR20: =DQ20/DQ$9*100 -> #DIV/0!
A21: 12 | B21: 0827CI241094 | C21: PRATHAM BHAWSAR | D21: =SUM(M21+AJ21+BG21+CF21+DA21) -> 40 | E21: =(D21)/D$9*100 -> 76.923077 | F21: =IF(E21<50,E21, " ") | G21: =IF(E21<30,E21, " ") | M21: =SUM(H21:L21) -> 0 | N21: =M21/M$9*100 -> 0 | W21: 1 | Y21: 1 | Z21: 1 | AA21: 1 | AD21: 1 | AE21: 1 | AF21: 1 | AG21: 1 | AJ21: =SUM(O21:AI21) -> 8 | AK21: =AJ21/AJ$9*100 -> 80 | AM21: 1 | AO21: 1 | AQ21: 1 | AS21: 1 | AU21: 1 | AV21: 1 | BB21: 1 | BC21: 1 | BG21: =SUM(AL21:BF21) -> 8 | BH21: =BG21/BG$9*100 -> 72.727273 | BI21: 1 | BL21: 1 | BO21: 1 | BT21: 1 | BU21: 1 | BV21: 1 | BW21: 1 | BX21: 1 | BY21: 1 | BZ21: 1 | CA21: 1 | CB21: 1 | CC21: 1 | CD21: 1 | CE21: 1 | CF21: =SUM(BI21:CE21) -> 15 | CG21: =CF21/CF$9*100 -> 83.333333 | CJ21: 1 | CK21: 1 | CL21: 1 | CM21: 1 | CN21: 1 | CO21: 1 | CP21: 1 | CQ21: 1 | CR21: 1 | CS21: 1 | DA21: =SUM(CH21:CR21) -> 9 | DB21: =DA21/DA$9*100 -> 81.818182 | DQ21: =SUM(DC21:DP21) -> 0 | DR21: =DQ21/DQ$9*100 -> #DIV/0!
A22: 13 | B22: 0827CI241095 | C22: PRATHAM BORDE | D22: =SUM(M22+AJ22+BG22+CF22+DA22) -> 25 | E22: =(D22)/D$9*100 -> 48.076923 | F22: =IF(E22<50,E22, " ") -> 48.076923 | G22: =IF(E22<30,E22, " ") | M22: =SUM(H22:L22) -> 0 | N22: =M22/M$9*100 -> 0 | W22: 1 | AA22: 1 | AE22: 1 | AF22: 1 | AJ22: =SUM(O22:AI22) -> 4 | AK22: =AJ22/AJ$9*100 -> 40 | BC22: 1 | BG22: =SUM(AL22:BF22) -> 1 | BH22: =BG22/BG$9*100 -> 9.0909091 | BL22: 1 | BT22: 1 | BU22: 1 | BV22: 1 | BW22: 1 | BX22: 1 | BY22: 1 | BZ22: 1 | CA22: 1 | CB22: 1 | CC22: 1 | CD22: 1 | CE22: 1 | CF22: =SUM(BI22:CE22) -> 13 | CG22: =CF22/CF$9*100 -> 72.222222 | CL22: 1 | CM22: 1 | CN22: 1 | CO22: 1 | CP22: 1 | CQ22: 1 | CR22: 1 | CS22: 1 | DA22: =SUM(CH22:CR22) -> 7 | DB22: =DA22/DA$9*100 -> 63.636364 | DQ22: =SUM(DC22:DP22) -> 0 | DR22: =DQ22/DQ$9*100 -> #DIV/0!
A23: 14 | B23: 0827CI241096 | C23: PRATHAM KARANKAR | D23: =SUM(M23+AJ23+BG23+CF23+DA23) -> 22 | E23: =(D23)/D$9*100 -> 42.307692 | F23: =IF(E23<50,E23, " ") -> 42.307692 | G23: =IF(E23<30,E23, " ") | M23: =SUM(H23:L23) -> 0 | N23: =M23/M$9*100 -> 0 | AA23: 1 | AB23: 1 | AC23: 1 | AE23: 1 | AG23: 1 | AJ23: =SUM(O23:AI23) -> 5 | AK23: =AJ23/AJ$9*100 -> 50 | AM23: 1 | AN23: 1 | AO23: 1 | BG23: =SUM(AL23:BF23) -> 3 | BH23: =BG23/BG$9*100 -> 27.272727 | BO23: 1 | BR23: 1 | BS23: 1 | BX23: 1 | BY23: 1 | CC23: 1 | CD23: 1 | CE23: 1 | CF23: =SUM(BI23:CE23) -> 8 | CG23: =CF23/CF$9*100 -> 44.444444 | CJ23: 1 | CK23: 1 | CO23: 1 | CP23: 1 | CQ23: 1 | CR23: 1 | CS23: 1 | DA23: =SUM(CH23:CR23) -> 6 | DB23: =DA23/DA$9*100 -> 54.545455 | DQ23: =SUM(DC23:DP23) -> 0 | DR23: =DQ23/DQ$9*100 -> #DIV/0!
A24: 15 | B24: 0827CI241097 | C24: PRATHMESH MANDLOI | D24: =SUM(M24+AJ24+BG24+CF24+DA24) -> 20 | E24: =(D24)/D$9*100 -> 38.461538 | F24: =IF(E24<50,E24, " ") -> 38.461538 | G24: =IF(E24<30,E24, " ") | I24: 1 | J24: 1 | M24: =SUM(H24:L24) -> 2 | N24: =M24/M$9*100 -> 100 | W24: 1 | AF24: 1 | AJ24: =SUM(O24:AI24) -> 2 | AK24: =AJ24/AJ$9*100 -> 20 | BG24: =SUM(AL24:BF24) -> 0 | BH24: =BG24/BG$9*100 -> 0 | BT24: 1 | BU24: 1 | BV24: 1 | BW24: 1 | BX24: 1 | BY24: 1 | BZ24: 1 | CA24: 1 | CB24: 1 | CF24: =SUM(BI24:CE24) -> 9 | CG24: =CF24/CF$9*100 -> 50 | CL24: 1 | CM24: 1 | CN24: 1 | CO24: 1 | CP24: 1 | CQ24: 1 | CR24: 1 | CS24: 1 | DA24: =SUM(CH24:CR24) -> 7 | DB24: =DA24/DA$9*100 -> 63.636364 | DQ24: =SUM(DC24:DP24) -> 0 | DR24: =DQ24/DQ$9*100 -> #DIV/0!
A25: 16 | B25: 0827CI241098 | C25: PRATIKSHA KUMAWAT | D25: =SUM(M25+AJ25+BG25+CF25+DA25) -> 23 | E25: =(D25)/D$9*100 -> 44.230769 | F25: =IF(E25<50,E25, " ") -> 44.230769 | G25: =IF(E25<30,E25, " ") | M25: =SUM(H25:L25) -> 0 | N25: =M25/M$9*100 -> 0 | W25: 1 | Z25: 1 | AJ25: =SUM(O25:AI25) -> 2 | AK25: =AJ25/AJ$9*100 -> 20 | AM25: 1 | AN25: 1 | AO25: 1 | AQ25: 1 | BC25: 1 | BG25: =SUM(AL25:BF25) -> 5 | BH25: =BG25/BG$9*100 -> 45.454545 | BI25: 1 | BT25: 1 | BU25: 1 | BV25: 1 | BW25: 1 | BX25: 1 | BY25: 1 | CC25: 1 | CD25: 1 | CE25: 1 | CF25: =SUM(BI25:CE25) -> 10 | CG25: =CF25/CF$9*100 -> 55.555556 | CJ25: 1 | CK25: 1 | CO25: 1 | CP25: 1 | CQ25: 1 | CR25: 1 | CS25: 1 | DA25: =SUM(CH25:CR25) -> 6 | DB25: =DA25/DA$9*100 -> 54.545455 | DQ25: =SUM(DC25:DP25) -> 0 | DR25: =DQ25/DQ$9*100 -> #DIV/0!
A26: 17 | B26: 0827CI241099 | C26: PRAYATI BABULGAONKAR | D26: =SUM(M26+AJ26+BG26+CF26+DA26) -> 30 | E26: =(D26)/D$9*100 -> 57.692308 | F26: =IF(E26<50,E26, " ") | G26: =IF(E26<30,E26, " ") | M26: =SUM(H26:L26) -> 0 | N26: =M26/M$9*100 -> 0 | W26: 1 | Y26: 1 | AA26: 1 | AB26: 1 | AC26: 1 | AF26: 1 | AG26: 1 | AJ26: =SUM(O26:AI26) -> 7 | AK26: =AJ26/AJ$9*100 -> 70 | AM26: 1 | AN26: 1 | AO26: 1 | AQ26: 1 | BB26: 1 | BG26: =SUM(AL26:BF26) -> 5 | BH26: =BG26/BG$9*100 -> 45.454545 | BI26: 1 | BO26: 1 | BT26: 1 | BU26: 1 | BV26: 1 | BW26: 1 | BX26: 1 | BY26: 1 | CC26: 1 | CD26: 1 | CE26: 1 | CF26: =SUM(BI26:CE26) -> 11 | CG26: =CF26/CF$9*100 -> 61.111111 | CL26: 1 | CM26: 1 | CN26: 1 | CO26: 1 | CP26: 1 | CQ26: 1 | CR26: 1 | CS26: 1 | DA26: =SUM(CH26:CR26) -> 7 | DB26: =DA26/DA$9*100 -> 63.636364 | DQ26: =SUM(DC26:DP26) -> 0 | DR26: =DQ26/DQ$9*100 -> #DIV/0!
A27: 18 | B27: 0827CI241100 | C27: PRIYANKA SAWARKAR | D27: =SUM(M27+AJ27+BG27+CF27+DA27) -> 19 | E27: =(D27)/D$9*100 -> 36.538462 | F27: =IF(E27<50,E27, " ") -> 36.538462 | G27: =IF(E27<30,E27, " ") | M27: =SUM(H27:L27) -> 0 | N27: =M27/M$9*100 -> 0 | W27: 1 | AA27: 1 | AF27: 1 | AG27: 1 | AJ27: =SUM(O27:AI27) -> 4 | AK27: =AJ27/AJ$9*100 -> 40 | BB27: 1 | BG27: =SUM(AL27:BF27) -> 1 | BH27: =BG27/BG$9*100 -> 9.0909091 | BI27: 1 | BT27: 1 | BU27: 1 | BV27: 1 | BW27: 1 | BX27: 1 | BY27: 1 | CC27: 1 | CD27: 1 | CE27: 1 | CF27: =SUM(BI27:CE27) -> 10 | CG27: =CF27/CF$9*100 -> 55.555556 | CO27: 1 | CP27: 1 | CQ27: 1 | CR27: 1 | CS27: 1 | DA27: =SUM(CH27:CR27) -> 4 | DB27: =DA27/DA$9*100 -> 36.363636 | DQ27: =SUM(DC27:DP27) -> 0 | DR27: =DQ27/DQ$9*100 -> #DIV/0!
A28: 19 | B28: 0827CI241101 | C28: RACHCHU JAISWAL | D28: =SUM(M28+AJ28+BG28+CF28+DA28) -> 27 | E28: =(D28)/D$9*100 -> 51.923077 | F28: =IF(E28<50,E28, " ") | G28: =IF(E28<30,E28, " ") | I28: 1 | M28: =SUM(H28:L28) -> 1 | N28: =M28/M$9*100 -> 50 | W28: 1 | AA28: 1 | AF28: 1 | AJ28: =SUM(O28:AI28) -> 3 | AK28: =AJ28/AJ$9*100 -> 30 | AL28: 1 | AM28: 1 | AN28: 1 | AP28: 1 | AQ28: 1 | AS28: 1 | BC28: 1 | BG28: =SUM(AL28:BF28) -> 7 | BH28: =BG28/BG$9*100 -> 63.636364 | BO28: 1 | BR28: 1 | BS28: 1 | BT28: 1 | BU28: 1 | BV28: 1 | BW28: 1 | BX28: 1 | BY28: 1 | BZ28: 1 | CA28: 1 | CB28: 1 | CF28: =SUM(BI28:CE28) -> 12 | CG28: =CF28/CF$9*100 -> 66.666667 | CO28: 1 | CP28: 1 | CQ28: 1 | CR28: 1 | CS28: 1 | DA28: =SUM(CH28:CR28) -> 4 | DB28: =DA28/DA$9*100 -> 36.363636 | DQ28: =SUM(DC28:DP28) -> 0 | DR28: =DQ28/DQ$9*100 -> #DIV/0!
A29: 20 | B29: 0827CI241102 | C29: RAJ KUSHWAH | D29: =SUM(M29+AJ29+BG29+CF29+DA29) -> 4 | E29: =(D29)/D$9*100 -> 7.6923077 | F29: =IF(E29<50,E29, " ") -> 7.6923077 | G29: =IF(E29<30,E29, " ") -> 7.6923077 | M29: =SUM(H29:L29) -> 0 | N29: =M29/M$9*100 -> 0 | AJ29: =SUM(O29:AI29) -> 0 | AK29: =AJ29/AJ$9*100 -> 0 | BG29: =SUM(AL29:BF29) -> 0 | BH29: =BG29/BG$9*100 -> 0 | CF29: =SUM(BI29:CE29) -> 0 | CG29: =CF29/CF$9*100 -> 0 | CO29: 1 | CP29: 1 | CQ29: 1 | CR29: 1 | CS29: 1 | DA29: =SUM(CH29:CR29) -> 4 | DB29: =DA29/DA$9*100 -> 36.363636 | DQ29: =SUM(DC29:DP29) -> 0 | DR29: =DQ29/DQ$9*100 -> #DIV/0!
A30: 21 | B30: 0827CI241103 | C30: RAJVEER MISTRI | D30: =SUM(M30+AJ30+BG30+CF30+DA30) -> 37 | E30: =(D30)/D$9*100 -> 71.153846 | F30: =IF(E30<50,E30, " ") | G30: =IF(E30<30,E30, " ") | M30: =SUM(H30:L30) -> 0 | N30: =M30/M$9*100 -> 0 | W30: 1 | Z30: 1 | AA30: 1 | AB30: 1 | AC30: 1 | AF30: 1 | AG30: 1 | AJ30: =SUM(O30:AI30) -> 7 | AK30: =AJ30/AJ$9*100 -> 70 | AM30: 1 | AN30: 1 | AO30: 1 | AP30: 1 | AQ30: 1 | AS30: 1 | BG30: =SUM(AL30:BF30) -> 6 | BH30: =BG30/BG$9*100 -> 54.545455 | BI30: 1 | BJ30: 1 | BL30: 1 | BO30: 1 | BR30: 1 | BS30: 1 | BT30: 1 | BU30: 1 | BV30: 1 | BW30: 1 | BX30: 1 | BY30: 1 | BZ30: 1 | CA30: 1 | CB30: 1 | CC30: 1 | CD30: 1 | CE30: 1 | CF30: =SUM(BI30:CE30) -> 18 | CG30: =CF30/CF$9*100 -> 100 | CJ30: 1 | CK30: 1 | CO30: 1 | CP30: 1 | CQ30: 1 | CR30: 1 | CS30: 1 | DA30: =SUM(CH30:CR30) -> 6 | DB30: =DA30/DA$9*100 -> 54.545455 | DQ30: =SUM(DC30:DP30) -> 0 | DR30: =DQ30/DQ$9*100 -> #DIV/0!
A31: 22 | B31: 0827CI241104 | C31: REHAN SHAIKH | D31: =SUM(M31+AJ31+BG31+CF31+DA31) -> 8 | E31: =(D31)/D$9*100 -> 15.384615 | F31: =IF(E31<50,E31, " ") -> 15.384615 | G31: =IF(E31<30,E31, " ") -> 15.384615 | M31: =SUM(H31:L31) -> 0 | N31: =M31/M$9*100 -> 0 | AJ31: =SUM(O31:AI31) -> 0 | AK31: =AJ31/AJ$9*100 -> 0 | BB31: 1 | BG31: =SUM(AL31:BF31) -> 1 | BH31: =BG31/BG$9*100 -> 9.0909091 | CC31: 1 | CD31: 1 | CE31: 1 | CF31: =SUM(BI31:CE31) -> 3 | CG31: =CF31/CF$9*100 -> 16.666667 | CO31: 1 | CP31: 1 | CQ31: 1 | CR31: 1 | CS31: 1 | DA31: =SUM(CH31:CR31) -> 4 | DB31: =DA31/DA$9*100 -> 36.363636 | DQ31: =SUM(DC31:DP31) -> 0 | DR31: =DQ31/DQ$9*100 -> #DIV/0!
A32: 23 | B32: 0827CI241105 | C32: RHYTHM MAHAJAN | D32: =SUM(M32+AJ32+BG32+CF32+DA32) -> 25 | E32: =(D32)/D$9*100 -> 48.076923 | F32: =IF(E32<50,E32, " ") -> 48.076923 | G32: =IF(E32<30,E32, " ") | M32: =SUM(H32:L32) -> 0 | N32: =M32/M$9*100 -> 0 | W32: 1 | Y32: 1 | Z32: 1 | AA32: 1 | AF32: 1 | AG32: 1 | AJ32: =SUM(O32:AI32) -> 6 | AK32: =AJ32/AJ$9*100 -> 60 | AM32: 1 | AN32: 1 | AO32: 1 | AS32: 1 | BB32: 1 | BG32: =SUM(AL32:BF32) -> 5 | BH32: =BG32/BG$9*100 -> 45.454545 | BO32: 1 | BR32: 1 | BS32: 1 | BT32: 1 | BU32: 1 | BV32: 1 | BW32: 1 | CC32: 1 | CD32: 1 | CE32: 1 | CF32: =SUM(BI32:CE32) -> 10 | CG32: =CF32/CF$9*100 -> 55.555556 | CO32: 1 | CP32: 1 | CQ32: 1 | CR32: 1 | CS32: 1 | DA32: =SUM(CH32:CR32) -> 4 | DB32: =DA32/DA$9*100 -> 36.363636 | DQ32: =SUM(DC32:DP32) -> 0 | DR32: =DQ32/DQ$9*100 -> #DIV/0!
A33: 24 | B33: 0827CI241106 | C33: RIMJHIM RAWAL | D33: =SUM(M33+AJ33+BG33+CF33+DA33) -> 27 | E33: =(D33)/D$9*100 -> 51.923077 | F33: =IF(E33<50,E33, " ") | G33: =IF(E33<30,E33, " ") | M33: =SUM(H33:L33) -> 0 | N33: =M33/M$9*100 -> 0 | Y33: 1 | AA33: 1 | AF33: 1 | AG33: 1 | AJ33: =SUM(O33:AI33) -> 4 | AK33: =AJ33/AJ$9*100 -> 40 | AM33: 1 | AN33: 1 | AO33: 1 | AS33: 1 | BG33: =SUM(AL33:BF33) -> 4 | BH33: =BG33/BG$9*100 -> 36.363636 | BI33: 1 | BR33: 1 | BS33: 1 | BT33: 1 | BU33: 1 | BV33: 1 | BW33: 1 | BX33: 1 | BY33: 1 | BZ33: 1 | CA33: 1 | CB33: 1 | CC33: 1 | CD33: 1 | CE33: 1 | CF33: =SUM(BI33:CE33) -> 15 | CG33: =CF33/CF$9*100 -> 83.333333 | CO33: 1 | CP33: 1 | CQ33: 1 | CR33: 1 | CS33: 1 | DA33: =SUM(CH33:CR33) -> 4 | DB33: =DA33/DA$9*100 -> 36.363636 | DQ33: =SUM(DC33:DP33) -> 0 | DR33: =DQ33/DQ$9*100 -> #DIV/0!
A34: 25 | B34: 0827CI241107 | C34: RISHABH PACHLASIYA | D34: =SUM(M34+AJ34+BG34+CF34+DA34) -> 0 | E34: =(D34)/D$9*100 -> 0 | F34: =IF(E34<50,E34, " ") -> 0 | G34: =IF(E34<30,E34, " ") -> 0 | M34: =SUM(H34:L34) -> 0 | N34: =M34/M$9*100 -> 0 | AJ34: =SUM(O34:AI34) -> 0 | AK34: =AJ34/AJ$9*100 -> 0 | BG34: =SUM(AL34:BF34) -> 0 | BH34: =BG34/BG$9*100 -> 0 | CF34: =SUM(BI34:CE34) -> 0 | CG34: =CF34/CF$9*100 -> 0 | DA34: =SUM(CH34:CR34) -> 0 | DB34: =DA34/DA$9*100 -> 0 | DQ34: =SUM(DC34:DP34) -> 0 | DR34: =DQ34/DQ$9*100 -> #DIV/0!
A35: 26 | B35: 0827CI241108 | C35: RISHIKA CHOUHAN | D35: =SUM(M35+AJ35+BG35+CF35+DA35) -> 23 | E35: =(D35)/D$9*100 -> 44.230769 | F35: =IF(E35<50,E35, " ") -> 44.230769 | G35: =IF(E35<30,E35, " ") | I35: 1 | M35: =SUM(H35:L35) -> 1 | N35: =M35/M$9*100 -> 50 | W35: 1 | AF35: 1 | AJ35: =SUM(O35:AI35) -> 2 | AK35: =AJ35/AJ$9*100 -> 20 | AQ35: 1 | AS35: 1 | AU35: 1 | BB35: 1 | BC35: 1 | BG35: =SUM(AL35:BF35) -> 5 | BH35: =BG35/BG$9*100 -> 45.454545 | BO35: 1 | BR35: 1 | BS35: 1 | BU35: 1 | BV35: 1 | BW35: 1 | BX35: 1 | BY35: 1 | CC35: 1 | CD35: 1 | CE35: 1 | CF35: =SUM(BI35:CE35) -> 11 | CG35: =CF35/CF$9*100 -> 61.111111 | CO35: 1 | CP35: 1 | CQ35: 1 | CR35: 1 | CS35: 1 | DA35: =SUM(CH35:CR35) -> 4 | DB35: =DA35/DA$9*100 -> 36.363636 | DQ35: =SUM(DC35:DP35) -> 0 | DR35: =DQ35/DQ$9*100 -> #DIV/0!
