Workbook

Sheet 401
A1: CY-401
A2: Faculty Name: | C2: Prof. Anita Agrawal
A3: Subject Name : | C3: Introduction To Linear Algebra | BI3: 0
A4: Subject Code : | C4: CY-401
A5: Start Date | C5: 46104
A6: End Date
H7: 1 | J7: 3 | K7: 4 | N7: 1 | O7: 2 | P7: 3 | Q7: 4 | R7: 5 | S7: 6 | T7: 7 | U7: 8 | V7: 9 | W7: 10 | X7: 11 | Y7: 12 | Z7: 13 | AA7: 15 | AB7: 16 | AC7: 17 | AD7: 18 | AE7: 19 | AF7: 20 | AG7: 21 | AJ7: 1 | AK7: 2 | AL7: 3 | AM7: 4 | AN7: 5 | AO7: 6 | AP7: 7 | AQ7: 8 | AR7: 9 | AS7: 10 | AT7: 11 | AU7: 12 | AV7: 13 | AW7: 14 | AX7: 15 | BB7: 16 | BC7: 17 | BD7: 18 | BG7: 1 | BH7: 2 | BI7: 3 | BJ7: 4 | BK7: 5 | BL7: 6 | BM7: 7 | BN7: 8 | BO7: 9 | BP7: 10 | BQ7: 11 | BR7: 12 | BS7: 13 | BT7: 14 | BU7: 15 | BV7: 16 | BW7: 17 | BX7: 18 | CB7: 19 | CE7: 1 | CF7: 2 | CG7: 3 | CH7: 4 | CI7: 5 | CJ7: 6 | CK7: 7 | CL7: 8 | CM7: 9 | CN7: 10 | CO7: 11
D8: Total Class | E8: OverAll Att. % | F8: Att. 50% | G8: Att. 30% | H8: 46104 | I8: 46106 | J8: 46107 | K8: 46111 | L8: MAR CLASS | M8: MAR % | N8: 46113 | O8: 46114 | P8: 46115 | Q8: 46118 | R8: 46119 | S8: 46120 | T8: 46121 | U8: 46122 | V8: 46125 | W8: 46127 | X8: 46128 | Y8: 46129 | Z8: 46132 | AA8: 46134 | AB8: 46135 | AC8: 46136 | AD8: 46139 | AE8: 46141 | AF8: 46142 | AH8: APRIL CLASS | AI8: APRIL % | AJ8: 46143 | AK8: 46146 | AL8: 46148 | AM8: 46150 | AN8: 46153 | AO8: 46155 | AP8: 46156 | AQ8: 46157 | AR8: 46167 | AS8: 46169 | AT8: 46170 | AU8: 46171 | BE8: MAY CLASS | BF8: MAY % | BG8: 46174 | BH8: 46177 | BI8: 46183 | BJ8: 46185 | BK8: 46186 | BL8: 46188 | BM8: 46190 | BN8: 46191 | BO8: 46192 | BP8: 46195 | BQ8: 46197 | BR8: 46198 | BS8: 46199 | BT8: 46202 | CC8: JUNE CLASS | CD8: JUNE % | CE8: 46204 | CF8: 46205 | CR8: JULY CLASS | CS8: JULY% | DL8: JAN CLASS | DM8: JAN%
A9: s.no. | B9: Enrollment NO. | C9: Student Name | D9: =SUM(L9+AH9+BE9+CC9+CR9) -> 41 | H9: =SUM(H10:H89) -> 9 | I9: =SUM(I10:I89) -> 3 | J9: =SUM(J10:J89) -> 0 | K9: =SUM(K10:K89) -> 0 | L9: =COUNTIF(H9:K9,">0") -> 2 | M9: =COUNTIF(H9:K9,">0") -> 2 | N9: =SUM(N10:N89) -> 0 | O9: =SUM(O10:O89) -> 0 | P9: =SUM(P10:P89) -> 0 | Q9: =SUM(Q10:Q89) -> 0 | R9: =SUM(R10:R89) -> 0 | S9: =SUM(S10:S89) -> 0 | T9: =SUM(T10:T89) -> 0 | U9: =SUM(U10:U89) -> 0 | ... AG9: =SUM(AG10:AG89) -> 0 | AH9: =COUNTIF(N9:AG9,">0") -> 11 | AI9: =SUM(L9+AH9) -> 13 | AJ9: =SUM(AJ10:AJ89) -> 33 | AK9: =SUM(AK10:AK89) -> 42 | AL9: =SUM(AL10:AL89) -> 40 | AM9: =SUM(AM10:AM89) -> 19 | AN9: =SUM(AN10:AN89) -> 37 | AO9: =SUM(AO10:AO89) -> 36 | AP9: =SUM(AP10:AP89) -> 32 | AQ9: =SUM(AQ10:AQ89) -> 14 | ... AX9: =SUM(AX10:AX89) -> 0 | BB9: =SUM(BB10:BB89) -> 0 | BC9: =SUM(BC10:BC89) -> 0 | BD9: =SUM(BD10:BD89) -> 0 | BE9: =COUNTIF(AJ9:BD9,">0") -> 12 | BF9: =SUM(AI9+BE9) -> 25 | BG9: =SUM(BG10:BG89) -> 32 | BH9: =SUM(BH10:BH89) -> 25 | BI9: =SUM(BI10:BI89) -> 42 | BJ9: =SUM(BJ10:BJ89) -> 36 | BK9: =SUM(BK10:BK89) -> 6 | BL9: =SUM(BL10:BL89) -> 40 | BM9: =SUM(BM10:BM89) -> 48 | BN9: =SUM(BN10:BN89) -> 31 | ... CA9: =SUM(CA10:CA89) -> 0 | CB9: =SUM(CB10:CB69) -> 0 | CC9: =COUNTIF(BG9:CB9,">0") -> 14 | CD9: =SUM(BF9+CC9) -> 39 | CE9: =SUM(CE10:CE89) -> 32 | CF9: =SUM(CF10:CF89) -> 34 | CG9: =SUM(CG10:CG89) -> 0 | CH9: =SUM(CH10:CH89) -> 0 | CI9: =SUM(CI10:CI89) -> 0 | CJ9: =SUM(CJ10:CJ89) -> 0 | CK9: =SUM(CK10:CK89) -> 0 | CL9: =SUM(CL10:CL89) -> 0 | ... CQ9: =SUM(CQ10:CQ89) -> 0 | CR9: =COUNTIF(CE9:CQ9,">0") -> 2 | CS9: =SUM(CD9+CR9) -> 41 | CT9: =SUM(CT10:CT89) -> 0 | CU9: =SUM(CU10:CU89) -> 0 | CV9: =SUM(CV10:CV89) -> 0 | CW9: =SUM(CW10:CW89) -> 0 | CX9: =SUM(CX10:CX89) -> 0 | CY9: =SUM(CY10:CY89) -> 0 | CZ9: =SUM(CZ10:CZ89) -> 0 | DA9: =SUM(DA10:DA89) -> 0 | ... DK9: =SUM(DK10:DK89) -> 0 | DL9: =COUNTIF(CT9:DK9,">0") -> 0 | DM9: =SUM(CX9+DL9) -> 0
A10: 1 | B10: 0827CY241001 | C10: AASTHA RATHORE | D10: =SUM(L10+AH10+BE10+CC10+CR10) -> 35 | E10: =(D10)/D$9*100 -> 85.365854 | F10: =IF(E10<50,E10, " ") | G10: =IF(E10<30,E10, " ") | H10: 1 | L10: =SUM(H10:K10) -> 1 | M10: =L10/L$9*100 -> 50 | V10: 1 | W10: 1 | X10: 1 | Y10: 1 | Z10: 1 | AB10: 1 | AC10: 1 | AD10: 1 | AE10: 1 | AF10: 1 | AH10: =SUM(N10:AG10) -> 10 | AI10: =AH10/AH$9*100 -> 90.909091 | AJ10: 1 | AL10: 1 | AM10: 1 | AN10: 1 | AO10: 1 | AP10: 1 | AQ10: 1 | AR10: 1 | AS10: 1 | AT10: 1 | AU10: 1 | BE10: =SUM(AJ10:BD10) -> 11 | BF10: =BE10/BE$9*100 -> 91.666667 | BG10: 1 | BI10: 1 | BJ10: 1 | BK10: 1 | BL10: 1 | BM10: 1 | BO10: 1 | BP10: 1 | BR10: 1 | BS10: 1 | BT10: 1 | CC10: =SUM(BG10:CB10) -> 11 | CD10: =CC10/CC$9*100 -> 78.571429 | CE10: 1 | CF10: 1 | CR10: =SUM(CE10:CQ10) -> 2 | CS10: =CR10/CR$9*100 -> 100 | DL10: =SUM(CT10:DK10) -> 0 | DM10: =DL10/DL$9*100 -> #DIV/0!
A11: 2 | B11: 0827CY241002 | C11: ABEER JOSHI | D11: =SUM(L11+AH11+BE11+CC11+CR11) -> 17 | E11: =(D11)/D$9*100 -> 41.463415 | F11: =IF(E11<50,E11, " ") -> 41.463415 | G11: =IF(E11<30,E11, " ") | L11: =SUM(H11:K11) -> 0 | M11: =L11/L$9*100 -> 0 | W11: 1 | X11: 1 | Y11: 1 | AA11: 1 | AF11: 1 | AH11: =SUM(N11:AG11) -> 5 | AI11: =AH11/AH$9*100 -> 45.454545 | AK11: 1 | AN11: 1 | AP11: 1 | AR11: 1 | AS11: 1 | AT11: 1 | BE11: =SUM(AJ11:BD11) -> 6 | BF11: =BE11/BE$9*100 -> 50 | BM11: 1 | BN11: 1 | BP11: 1 | BQ11: 1 | BT11: 1 | CC11: =SUM(BG11:CB11) -> 5 | CD11: =CC11/CC$9*100 -> 35.714286 | CE11: 1 | CR11: =SUM(CE11:CQ11) -> 1 | CS11: =CR11/CR$9*100 -> 50 | DL11: =SUM(CT11:DK11) -> 0 | DM11: =DL11/DL$9*100 -> #DIV/0!
A12: 3 | B12: 0827CY241003 | C12: ABHIJEET SINGH | D12: =SUM(L12+AH12+BE12+CC12+CR12) -> 16 | E12: =(D12)/D$9*100 -> 39.02439 | F12: =IF(E12<50,E12, " ") -> 39.02439 | G12: =IF(E12<30,E12, " ") | L12: =SUM(H12:K12) -> 0 | M12: =L12/L$9*100 -> 0 | W12: 1 | AA12: 1 | AB12: 1 | AC12: 1 | AH12: =SUM(N12:AG12) -> 4 | AI12: =AH12/AH$9*100 -> 36.363636 | AK12: 1 | AL12: 1 | AN12: 1 | AO12: 1 | AP12: 1 | AS12: 1 | AT12: 1 | BE12: =SUM(AJ12:BD12) -> 7 | BF12: =BE12/BE$9*100 -> 58.333333 | BG12: 1 | BH12: 1 | BL12: 1 | BN12: 1 | BT12: 1 | CC12: =SUM(BG12:CB12) -> 5 | CD12: =CC12/CC$9*100 -> 35.714286 | CR12: =SUM(CE12:CQ12) -> 0 | CS12: =CR12/CR$9*100 -> 0 | DL12: =SUM(CT12:DK12) -> 0 | DM12: =DL12/DL$9*100 -> #DIV/0!
A13: 4 | B13: 0827CY241004 | C13: ADITI CHOUDHARY | D13: =SUM(L13+AH13+BE13+CC13+CR13) -> 21 | E13: =(D13)/D$9*100 -> 51.219512 | F13: =IF(E13<50,E13, " ") | G13: =IF(E13<30,E13, " ") | L13: =SUM(H13:K13) -> 0 | M13: =L13/L$9*100 -> 0 | V13: 1 | W13: 1 | X13: 1 | Y13: 1 | Z13: 1 | AE13: 1 | AF13: 1 | AH13: =SUM(N13:AG13) -> 7 | AI13: =AH13/AH$9*100 -> 63.636364 | AK13: 1 | AM13: 1 | AO13: 1 | AU13: 1 | BE13: =SUM(AJ13:BD13) -> 4 | BF13: =BE13/BE$9*100 -> 33.333333 | BG13: 1 | BH13: 1 | BK13: 1 | BM13: 1 | BN13: 1 | BO13: 1 | BQ13: 1 | BS13: 1 | BT13: 1 | CC13: =SUM(BG13:CB13) -> 9 | CD13: =CC13/CC$9*100 -> 64.285714 | CF13: 1 | CR13: =SUM(CE13:CQ13) -> 1 | CS13: =CR13/CR$9*100 -> 50 | DL13: =SUM(CT13:DK13) -> 0 | DM13: =DL13/DL$9*100 -> #DIV/0!
A14: 5 | B14: 0827CY241005 | C14: ADITYA JAUNJAL | D14: =SUM(L14+AH14+BE14+CC14+CR14) -> 29 | E14: =(D14)/D$9*100 -> 70.731707 | F14: =IF(E14<50,E14, " ") | G14: =IF(E14<30,E14, " ") | L14: =SUM(H14:K14) -> 0 | M14: =L14/L$9*100 -> 0 | V14: 1 | W14: 1 | X14: 1 | Y14: 1 | Z14: 1 | AA14: 1 | AB14: 1 | AC14: 1 | AD14: 1 | AE14: 1 | AF14: 1 | AH14: =SUM(N14:AG14) -> 11 | AI14: =AH14/AH$9*100 -> 100 | AJ14: 1 | AK14: 1 | AL14: 1 | AN14: 1 | AO14: 1 | AP14: 1 | AQ14: 1 | AR14: 1 | BE14: =SUM(AJ14:BD14) -> 8 | BF14: =BE14/BE$9*100 -> 66.666667 | BJ14: 1 | BL14: 1 | BM14: 1 | BN14: 1 | BO14: 1 | BP14: 1 | BQ14: 1 | BR14: 1 | BT14: 1 | CC14: =SUM(BG14:CB14) -> 9 | CD14: =CC14/CC$9*100 -> 64.285714 | CE14: 1 | CR14: =SUM(CE14:CQ14) -> 1 | CS14: =CR14/CR$9*100 -> 50 | DL14: =SUM(CT14:DK14) -> 0 | DM14: =DL14/DL$9*100 -> #DIV/0!
A15: 6 | B15: 0827CY241006 | C15: AMAY NAMDEV | D15: =SUM(L15+AH15+BE15+CC15+CR15) -> 16 | E15: =(D15)/D$9*100 -> 39.02439 | F15: =IF(E15<50,E15, " ") -> 39.02439 | G15: =IF(E15<30,E15, " ") | L15: =SUM(H15:K15) -> 0 | M15: =L15/L$9*100 -> 0 | W15: 1 | X15: 1 | Y15: 1 | AA15: 1 | AC15: 1 | AH15: =SUM(N15:AG15) -> 5 | AI15: =AH15/AH$9*100 -> 45.454545 | AK15: 1 | AR15: 1 | AS15: 1 | AT15: 1 | BE15: =SUM(AJ15:BD15) -> 4 | BF15: =BE15/BE$9*100 -> 33.333333 | BH15: 1 | BJ15: 1 | BL15: 1 | BM15: 1 | BR15: 1 | CC15: =SUM(BG15:CB15) -> 5 | CD15: =CC15/CC$9*100 -> 35.714286 | CE15: 1 | CF15: 1 | CR15: =SUM(CE15:CQ15) -> 2 | CS15: =CR15/CR$9*100 -> 100 | DL15: =SUM(CT15:DK15) -> 0 | DM15: =DL15/DL$9*100 -> #DIV/0!
A16: 7 | B16: 0827CY241007 | C16: AMISHA SALVI | D16: =SUM(L16+AH16+BE16+CC16+CR16) -> 1 | E16: =(D16)/D$9*100 -> 2.4390244 | F16: =IF(E16<50,E16, " ") -> 2.4390244 | G16: =IF(E16<30,E16, " ") -> 2.4390244 | H16: 1 | L16: =SUM(H16:K16) -> 1 | M16: =L16/L$9*100 -> 50 | AH16: =SUM(N16:AG16) -> 0 | AI16: =AH16/AH$9*100 -> 0 | BE16: =SUM(AJ16:BD16) -> 0 | BF16: =BE16/BE$9*100 -> 0 | CC16: =SUM(BG16:CB16) -> 0 | CD16: =CC16/CC$9*100 -> 0 | CR16: =SUM(CE16:CQ16) -> 0 | CS16: =CR16/CR$9*100 -> 0 | DL16: =SUM(CT16:DK16) -> 0 | DM16: =DL16/DL$9*100 -> #DIV/0!
A17: 8 | B17: 0827CY241008 | C17: AMIT GANGWAL | D17: =SUM(L17+AH17+BE17+CC17+CR17) -> 0 | E17: =(D17)/D$9*100 -> 0 | F17: =IF(E17<50,E17, " ") -> 0 | G17: =IF(E17<30,E17, " ") -> 0 | L17: =SUM(H17:K17) -> 0 | M17: =L17/L$9*100 -> 0 | AH17: =SUM(N17:AG17) -> 0 | AI17: =AH17/AH$9*100 -> 0 | BE17: =SUM(AJ17:BD17) -> 0 | BF17: =BE17/BE$9*100 -> 0 | CC17: =SUM(BG17:CB17) -> 0 | CD17: =CC17/CC$9*100 -> 0 | CR17: =SUM(CE17:CQ17) -> 0 | CS17: =CR17/CR$9*100 -> 0 | DL17: =SUM(CT17:DK17) -> 0 | DM17: =DL17/DL$9*100 -> #DIV/0!
A18: 9 | B18: 0827CY241009 | C18: ANANYA SHARMA | D18: =SUM(L18+AH18+BE18+CC18+CR18) -> 23 | E18: =(D18)/D$9*100 -> 56.097561 | F18: =IF(E18<50,E18, " ") | G18: =IF(E18<30,E18, " ") | L18: =SUM(H18:K18) -> 0 | M18: =L18/L$9*100 -> 0 | V18: 1 | W18: 1 | AA18: 1 | AE18: 1 | AF18: 1 | AH18: =SUM(N18:AG18) -> 5 | AI18: =AH18/AH$9*100 -> 45.454545 | AJ18: 1 | AK18: 1 | AL18: 1 | AM18: 1 | AN18: 1 | AR18: 1 | AS18: 1 | AU18: 1 | BE18: =SUM(AJ18:BD18) -> 8 | BF18: =BE18/BE$9*100 -> 66.666667 | BH18: 1 | BI18: 1 | BL18: 1 | BM18: 1 | BO18: 1 | BP18: 1 | BQ18: 1 | BS18: 1 | CC18: =SUM(BG18:CB18) -> 8 | CD18: =CC18/CC$9*100 -> 57.142857 | CE18: 1 | CF18: 1 | CR18: =SUM(CE18:CQ18) -> 2 | CS18: =CR18/CR$9*100 -> 100 | DL18: =SUM(CT18:DK18) -> 0 | DM18: =DL18/DL$9*100 -> #DIV/0!
A19: 10 | B19: 0827CY241010 | C19: ANIKET PATEL | D19: =SUM(L19+AH19+BE19+CC19+CR19) -> 0 | E19: =(D19)/D$9*100 -> 0 | F19: =IF(E19<50,E19, " ") -> 0 | G19: =IF(E19<30,E19, " ") -> 0 | L19: =SUM(H19:K19) -> 0 | M19: =L19/L$9*100 -> 0 | AH19: =SUM(N19:AG19) -> 0 | AI19: =AH19/AH$9*100 -> 0 | BE19: =SUM(AJ19:BD19) -> 0 | BF19: =BE19/BE$9*100 -> 0 | CC19: =SUM(BG19:CB19) -> 0 | CD19: =CC19/CC$9*100 -> 0 | CR19: =SUM(CE19:CQ19) -> 0 | CS19: =CR19/CR$9*100 -> 0 | DL19: =SUM(CT19:DK19) -> 0 | DM19: =DL19/DL$9*100 -> #DIV/0!
A20: 11 | B20: 0827CY241011 | C20: ANISHA BAIRAGI | D20: =SUM(L20+AH20+BE20+CC20+CR20) -> 38 | E20: =(D20)/D$9*100 -> 92.682927 | F20: =IF(E20<50,E20, " ") | G20: =IF(E20<30,E20, " ") | H20: 1 | L20: =SUM(H20:K20) -> 1 | M20: =L20/L$9*100 -> 50 | V20: 1 | W20: 1 | X20: 1 | Y20: 1 | Z20: 1 | AA20: 1 | AB20: 1 | AC20: 1 | AD20: 1 | AE20: 1 | AF20: 1 | AH20: =SUM(N20:AG20) -> 11 | AI20: =AH20/AH$9*100 -> 100 | AJ20: 1 | AK20: 1 | AL20: 1 | AM20: 1 | AN20: 1 | AO20: 1 | AP20: 1 | AQ20: 1 | AR20: 1 | AS20: 1 | AU20: 1 | BE20: =SUM(AJ20:BD20) -> 11 | BF20: =BE20/BE$9*100 -> 91.666667 | BG20: 1 | BH20: 1 | BI20: 1 | BJ20: 1 | BK20: 1 | BL20: 1 | BM20: 1 | BN20: 1 | BP20: 1 | BQ20: 1 | BR20: 1 | BS20: 1 | BT20: 1 | CC20: =SUM(BG20:CB20) -> 13 | CD20: =CC20/CC$9*100 -> 92.857143 | CE20: 1 | CF20: 1 | CR20: =SUM(CE20:CQ20) -> 2 | CS20: =CR20/CR$9*100 -> 100 | DL20: =SUM(CT20:DK20) -> 0 | DM20: =DL20/DL$9*100 -> #DIV/0!
A21: 12 | B21: 0827CY241012 | C21: ANKUSH BAMOTRIYA | D21: =SUM(L21+AH21+BE21+CC21+CR21) -> 6 | E21: =(D21)/D$9*100 -> 14.634146 | F21: =IF(E21<50,E21, " ") -> 14.634146 | G21: =IF(E21<30,E21, " ") -> 14.634146 | L21: =SUM(H21:K21) -> 0 | M21: =L21/L$9*100 -> 0 | AH21: =SUM(N21:AG21) -> 0 | AI21: =AH21/AH$9*100 -> 0 | AP21: 1 | BE21: =SUM(AJ21:BD21) -> 1 | BF21: =BE21/BE$9*100 -> 8.3333333 | BG21: 1 | BI21: 1 | BJ21: 1 | BN21: 1 | BP21: 1 | CC21: =SUM(BG21:CB21) -> 5 | CD21: =CC21/CC$9*100 -> 35.714286 | CR21: =SUM(CE21:CQ21) -> 0 | CS21: =CR21/CR$9*100 -> 0 | DL21: =SUM(CT21:DK21) -> 0 | DM21: =DL21/DL$9*100 -> #DIV/0!
A22: 13 | B22: 0827CY241013 | C22: ANUSHKA SETHIYA | D22: =SUM(L22+AH22+BE22+CC22+CR22) -> 12 | E22: =(D22)/D$9*100 -> 29.268293 | F22: =IF(E22<50,E22, " ") -> 29.268293 | G22: =IF(E22<30,E22, " ") -> 29.268293 | L22: =SUM(H22:K22) -> 0 | M22: =L22/L$9*100 -> 0 | V22: 1 | W22: 1 | X22: 1 | Z22: 1 | AA22: 1 | AB22: 1 | AF22: 1 | AH22: =SUM(N22:AG22) -> 7 | AI22: =AH22/AH$9*100 -> 63.636364 | AL22: 1 | AP22: 1 | AR22: 1 | BE22: =SUM(AJ22:BD22) -> 3 | BF22: =BE22/BE$9*100 -> 25 | BL22: 1 | CC22: =SUM(BG22:CB22) -> 1 | CD22: =CC22/CC$9*100 -> 7.1428571 | CF22: 1 | CR22: =SUM(CE22:CQ22) -> 1 | CS22: =CR22/CR$9*100 -> 50 | DL22: =SUM(CT22:DK22) -> 0 | DM22: =DL22/DL$9*100 -> #DIV/0!
A23: 14 | B23: 0827CY241014 | C23: APOORV JAIN | D23: =SUM(L23+AH23+BE23+CC23+CR23) -> 11 | E23: =(D23)/D$9*100 -> 26.829268 | F23: =IF(E23<50,E23, " ") -> 26.829268 | G23: =IF(E23<30,E23, " ") -> 26.829268 | L23: =SUM(H23:K23) -> 0 | M23: =L23/L$9*100 -> 0 | AE23: 1 | AH23: =SUM(N23:AG23) -> 1 | AI23: =AH23/AH$9*100 -> 9.0909091 | AL23: 1 | AP23: 1 | AS23: 1 | AU23: 1 | BE23: =SUM(AJ23:BD23) -> 4 | BF23: =BE23/BE$9*100 -> 33.333333 | BI23: 1 | BM23: 1 | BN23: 1 | BQ23: 1 | BS23: 1 | CC23: =SUM(BG23:CB23) -> 5 | CD23: =CC23/CC$9*100 -> 35.714286 | CF23: 1 | CR23: =SUM(CE23:CQ23) -> 1 | CS23: =CR23/CR$9*100 -> 50 | DL23: =SUM(CT23:DK23) -> 0 | DM23: =DL23/DL$9*100 -> #DIV/0!
A24: 15 | B24: 0827CY241015 | C24: ASHMIT YADAV | D24: =SUM(L24+AH24+BE24+CC24+CR24) -> 20 | E24: =(D24)/D$9*100 -> 48.780488 | F24: =IF(E24<50,E24, " ") -> 48.780488 | G24: =IF(E24<30,E24, " ") | L24: =SUM(H24:K24) -> 0 | M24: =L24/L$9*100 -> 0 | W24: 1 | X24: 1 | Y24: 1 | AA24: 1 | AB24: 1 | AC24: 1 | AH24: =SUM(N24:AG24) -> 6 | AI24: =AH24/AH$9*100 -> 54.545455 | AL24: 1 | AN24: 1 | AO24: 1 | AP24: 1 | BE24: =SUM(AJ24:BD24) -> 4 | BF24: =BE24/BE$9*100 -> 33.333333 | BG24: 1 | BJ24: 1 | BL24: 1 | BM24: 1 | BN24: 1 | BQ24: 1 | BR24: 1 | BT24: 1 | CC24: =SUM(BG24:CB24) -> 8 | CD24: =CC24/CC$9*100 -> 57.142857 | CE24: 1 | CF24: 1 | CR24: =SUM(CE24:CQ24) -> 2 | CS24: =CR24/CR$9*100 -> 100 | DL24: =SUM(CT24:DK24) -> 0 | DM24: =DL24/DL$9*100 -> #DIV/0!
A25: 16 | B25: 0827CY241016 | C25: ASHWIN PATEL | D25: =SUM(L25+AH25+BE25+CC25+CR25) -> 0 | E25: =(D25)/D$9*100 -> 0 | F25: =IF(E25<50,E25, " ") -> 0 | G25: =IF(E25<30,E25, " ") -> 0 | L25: =SUM(H25:K25) -> 0 | M25: =L25/L$9*100 -> 0 | AH25: =SUM(N25:AG25) -> 0 | AI25: =AH25/AH$9*100 -> 0 | BE25: =SUM(AJ25:BD25) -> 0 | BF25: =BE25/BE$9*100 -> 0 | CC25: =SUM(BG25:CB25) -> 0 | CD25: =CC25/CC$9*100 -> 0 | CR25: =SUM(CE25:CQ25) -> 0 | CS25: =CR25/CR$9*100 -> 0 | DL25: =SUM(CT25:DK25) -> 0 | DM25: =DL25/DL$9*100 -> #DIV/0!
A26: 17 | B26: 0827CY241017 | C26: AYUSH SETHI | D26: =SUM(L26+AH26+BE26+CC26+CR26) -> 20 | E26: =(D26)/D$9*100 -> 48.780488 | F26: =IF(E26<50,E26, " ") -> 48.780488 | G26: =IF(E26<30,E26, " ") | L26: =SUM(H26:K26) -> 0 | M26: =L26/L$9*100 -> 0 | AF26: 1 | AH26: =SUM(N26:AG26) -> 1 | AI26: =AH26/AH$9*100 -> 9.0909091 | AJ26: 1 | AL26: 1 | AN26: 1 | AP26: 1 | AQ26: 1 | AR26: 1 | AS26: 1 | AT26: 1 | AU26: 1 | BE26: =SUM(AJ26:BD26) -> 9 | BF26: =BE26/BE$9*100 -> 75 | BI26: 1 | BJ26: 1 | BL26: 1 | BM26: 1 | BN26: 1 | BP26: 1 | BR26: 1 | BS26: 1 | BT26: 1 | CC26: =SUM(BG26:CB26) -> 9 | CD26: =CC26/CC$9*100 -> 64.285714 | CF26: 1 | CR26: =SUM(CE26:CQ26) -> 1 | CS26: =CR26/CR$9*100 -> 50 | DL26: =SUM(CT26:DK26) -> 0 | DM26: =DL26/DL$9*100 -> #DIV/0!
A27: 18 | B27: 0827CY241018 | C27: AYUSHI BAIRAGI | D27: =SUM(L27+AH27+BE27+CC27+CR27) -> 9 | E27: =(D27)/D$9*100 -> 21.95122 | F27: =IF(E27<50,E27, " ") -> 21.95122 | G27: =IF(E27<30,E27, " ") -> 21.95122 | H27: 1 | L27: =SUM(H27:K27) -> 1 | M27: =L27/L$9*100 -> 50 | W27: 1 | AD27: 1 | AH27: =SUM(N27:AG27) -> 2 | AI27: =AH27/AH$9*100 -> 18.181818 | AJ27: 1 | AL27: 1 | AR27: 1 | BE27: =SUM(AJ27:BD27) -> 3 | BF27: =BE27/BE$9*100 -> 25 | BI27: 1 | BO27: 1 | CC27: =SUM(BG27:CB27) -> 2 | CD27: =CC27/CC$9*100 -> 14.285714 | CF27: 1 | CR27: =SUM(CE27:CQ27) -> 1 | CS27: =CR27/CR$9*100 -> 50 | DL27: =SUM(CT27:DK27) -> 0 | DM27: =DL27/DL$9*100 -> #DIV/0!
A28: 19 | B28: 0827CY241019 | C28: BHUMIKA AMIN | D28: =SUM(L28+AH28+BE28+CC28+CR28) -> 26 | E28: =(D28)/D$9*100 -> 63.414634 | F28: =IF(E28<50,E28, " ") | G28: =IF(E28<30,E28, " ") | H28: 1 | L28: =SUM(H28:K28) -> 1 | M28: =L28/L$9*100 -> 50 | V28: 1 | W28: 1 | X28: 1 | Y28: 1 | AB28: 1 | AC28: 1 | AH28: =SUM(N28:AG28) -> 6 | AI28: =AH28/AH$9*100 -> 54.545455 | AJ28: 1 | AK28: 1 | AL28: 1 | AM28: 1 | AO28: 1 | AP28: 1 | AT28: 1 | AU28: 1 | BE28: =SUM(AJ28:BD28) -> 8 | BF28: =BE28/BE$9*100 -> 66.666667 | BG28: 1 | BI28: 1 | BJ28: 1 | BK28: 1 | BL28: 1 | BM28: 1 | BQ28: 1 | BS28: 1 | BT28: 1 | CC28: =SUM(BG28:CB28) -> 9 | CD28: =CC28/CC$9*100 -> 64.285714 | CE28: 1 | CF28: 1 | CR28: =SUM(CE28:CQ28) -> 2 | CS28: =CR28/CR$9*100 -> 100 | DL28: =SUM(CT28:DK28) -> 0 | DM28: =DL28/DL$9*100 -> #DIV/0!
A29: 20 | B29: 0827CY241020 | C29: CHAITANYA PARKER | D29: =SUM(L29+AH29+BE29+CC29+CR29) -> 34 | E29: =(D29)/D$9*100 -> 82.926829 | F29: =IF(E29<50,E29, " ") | G29: =IF(E29<30,E29, " ") | I29: 1 | L29: =SUM(H29:K29) -> 1 | M29: =L29/L$9*100 -> 50 | V29: 1 | W29: 1 | X29: 1 | Z29: 1 | AA29: 1 | AB29: 1 | AC29: 1 | AD29: 1 | AE29: 1 | AF29: 1 | AH29: =SUM(N29:AG29) -> 10 | AI29: =AH29/AH$9*100 -> 90.909091 | AJ29: 1 | AK29: 1 | AL29: 1 | AN29: 1 | AO29: 1 | AP29: 1 | AQ29: 1 | AR29: 1 | AS29: 1 | AT29: 1 | BE29: =SUM(AJ29:BD29) -> 10 | BF29: =BE29/BE$9*100 -> 83.333333 | BG29: 1 | BH29: 1 | BI29: 1 | BJ29: 1 | BL29: 1 | BM29: 1 | BN29: 1 | BP29: 1 | BQ29: 1 | BR29: 1 | BT29: 1 | CC29: =SUM(BG29:CB29) -> 11 | CD29: =CC29/CC$9*100 -> 78.571429 | CE29: 1 | CF29: 1 | CR29: =SUM(CE29:CQ29) -> 2 | CS29: =CR29/CR$9*100 -> 100 | DL29: =SUM(CT29:DK29) -> 0 | DM29: =DL29/DL$9*100 -> #DIV/0!
A30: 21 | B30: 0827CY241021 | C30: CHIRAG KAMARIYA | D30: =SUM(L30+AH30+BE30+CC30+CR30) -> 9 | E30: =(D30)/D$9*100 -> 21.95122 | F30: =IF(E30<50,E30, " ") -> 21.95122 | G30: =IF(E30<30,E30, " ") -> 21.95122 | L30: =SUM(H30:K30) -> 0 | M30: =L30/L$9*100 -> 0 | X30: 1 | Z30: 1 | AA30: 1 | AH30: =SUM(N30:AG30) -> 3 | AI30: =AH30/AH$9*100 -> 27.272727 | AL30: 1 | AS30: 1 | BE30: =SUM(AJ30:BD30) -> 2 | BF30: =BE30/BE$9*100 -> 16.666667 | BL30: 1 | BM30: 1 | BN30: 1 | CC30: =SUM(BG30:CB30) -> 3 | CD30: =CC30/CC$9*100 -> 21.428571 | CF30: 1 | CR30: =SUM(CE30:CQ30) -> 1 | CS30: =CR30/CR$9*100 -> 50 | DL30: =SUM(CT30:DK30) -> 0 | DM30: =DL30/DL$9*100 -> #DIV/0!
A31: 22 | B31: 0827CY241022 | C31: CHIRAYU PATIDAR | D31: =SUM(L31+AH31+BE31+CC31+CR31) -> 19 | E31: =(D31)/D$9*100 -> 46.341463 | F31: =IF(E31<50,E31, " ") -> 46.341463 | G31: =IF(E31<30,E31, " ") | L31: =SUM(H31:K31) -> 0 | M31: =L31/L$9*100 -> 0 | V31: 1 | W31: 1 | X31: 1 | Z31: 1 | AA31: 1 | AB31: 1 | AD31: 1 | AE31: 1 | AF31: 1 | AH31: =SUM(N31:AG31) -> 9 | AI31: =AH31/AH$9*100 -> 81.818182 | AK31: 1 | AL31: 1 | AO31: 1 | AP31: 1 | BE31: =SUM(AJ31:BD31) -> 4 | BF31: =BE31/BE$9*100 -> 33.333333 | BI31: 1 | BM31: 1 | BN31: 1 | BQ31: 1 | BS31: 1 | BT31: 1 | CC31: =SUM(BG31:CB31) -> 6 | CD31: =CC31/CC$9*100 -> 42.857143 | CR31: =SUM(CE31:CQ31) -> 0 | CS31: =CR31/CR$9*100 -> 0 | DL31: =SUM(CT31:DK31) -> 0 | DM31: =DL31/DL$9*100 -> #DIV/0!
A32: 23 | B32: 0827CY241023 | C32: DARSH MUNDRA | D32: =SUM(L32+AH32+BE32+CC32+CR32) -> 27 | E32: =(D32)/D$9*100 -> 65.853659 | F32: =IF(E32<50,E32, " ") | G32: =IF(E32<30,E32, " ") | L32: =SUM(H32:K32) -> 0 | M32: =L32/L$9*100 -> 0 | V32: 1 | W32: 1 | X32: 1 | Y32: 1 | Z32: 1 | AA32: 1 | AB32: 1 | AE32: 1 | AF32: 1 | AH32: =SUM(N32:AG32) -> 9 | AI32: =AH32/AH$9*100 -> 81.818182 | AJ32: 1 | AK32: 1 | AL32: 1 | AN32: 1 | AO32: 1 | AR32: 1 | AT32: 1 | AU32: 1 | BE32: =SUM(AJ32:BD32) -> 8 | BF32: =BE32/BE$9*100 -> 66.666667 | BG32: 1 | BH32: 1 | BI32: 1 | BJ32: 1 | BL32: 1 | BM32: 1 | BQ32: 1 | BR32: 1 | BS32: 1 | CC32: =SUM(BG32:CB32) -> 9 | CD32: =CC32/CC$9*100 -> 64.285714 | CF32: 1 | CR32: =SUM(CE32:CQ32) -> 1 | CS32: =CR32/CR$9*100 -> 50 | DL32: =SUM(CT32:DK32) -> 0 | DM32: =DL32/DL$9*100 -> #DIV/0!
A33: 24 | B33: 0827CY241024 | C33: DIKSHARTH HARDIYA | D33: =SUM(L33+AH33+BE33+CC33+CR33) -> 1 | E33: =(D33)/D$9*100 -> 2.4390244 | F33: =IF(E33<50,E33, " ") -> 2.4390244 | G33: =IF(E33<30,E33, " ") -> 2.4390244 | L33: =SUM(H33:K33) -> 0 | M33: =L33/L$9*100 -> 0 | Z33: 1 | AH33: =SUM(N33:AG33) -> 1 | AI33: =AH33/AH$9*100 -> 9.0909091 | BE33: =SUM(AJ33:BD33) -> 0 | BF33: =BE33/BE$9*100 -> 0 | CC33: =SUM(BG33:CB33) -> 0 | CD33: =CC33/CC$9*100 -> 0 | CR33: =SUM(CE33:CQ33) -> 0 | CS33: =CR33/CR$9*100 -> 0 | DL33: =SUM(CT33:DK33) -> 0 | DM33: =DL33/DL$9*100 -> #DIV/0!
A34: 25 | B34: 0827CY241025 | C34: FARAJ AHMED ANSARI | D34: =SUM(L34+AH34+BE34+CC34+CR34) -> 4 | E34: =(D34)/D$9*100 -> 9.7560976 | F34: =IF(E34<50,E34, " ") -> 9.7560976 | G34: =IF(E34<30,E34, " ") -> 9.7560976 | L34: =SUM(H34:K34) -> 0 | M34: =L34/L$9*100 -> 0 | V34: 1 | Z34: 1 | AE34: 1 | AH34: =SUM(N34:AG34) -> 3 | AI34: =AH34/AH$9*100 -> 27.272727 | AK34: 1 | BE34: =SUM(AJ34:BD34) -> 1 | BF34: =BE34/BE$9*100 -> 8.3333333 | CC34: =SUM(BG34:CB34) -> 0 | CD34: =CC34/CC$9*100 -> 0 | CR34: =SUM(CE34:CQ34) -> 0 | CS34: =CR34/CR$9*100 -> 0 | DL34: =SUM(CT34:DK34) -> 0 | DM34: =DL34/DL$9*100 -> #DIV/0!
A35: 26 | B35: 0827CY241026 | C35: HARSH BATHRI | D35: =SUM(L35+AH35+BE35+CC35+CR35) -> 20 | E35: =(D35)/D$9*100 -> 48.780488 | F35: =IF(E35<50,E35, " ") -> 48.780488 | G35: =IF(E35<30,E35, " ") | L35: =SUM(H35:K35) -> 0 | M35: =L35/L$9*100 -> 0 | V35: 1 | W35: 1 | X35: 1 | Y35: 1 | Z35: 1 | AA35: 1 | AH35: =SUM(N35:AG35) -> 6 | AI35: =AH35/AH$9*100 -> 54.545455 | AK35: 1 | AL35: 1 | AN35: 1 | AO35: 1 | AT35: 1 | AU35: 1 | BE35: =SUM(AJ35:BD35) -> 6 | BF35: =BE35/BE$9*100 -> 50 | BG35: 1 | BI35: 1 | BJ35: 1 | BL35: 1 | BM35: 1 | BP35: 1 | BQ35: 1 | CC35: =SUM(BG35:CB35) -> 7 | CD35: =CC35/CC$9*100 -> 50 | CF35: 1 | CR35: =SUM(CE35:CQ35) -> 1 | CS35: =CR35/CR$9*100 -> 50 | DL35: =SUM(CT35:DK35) -> 0 | DM35: =DL35/DL$9*100 -> #DIV/0!
A36: 27 | B36: 0827CY241027 | C36: HARSH PALIWAL | D36: =SUM(L36+AH36+BE36+CC36+CR36) -> 8 | E36: =(D36)/D$9*100 -> 19.512195 | F36: =IF(E36<50,E36, " ") -> 19.512195 | G36: =IF(E36<30,E36, " ") -> 19.512195 | L36: =SUM(H36:K36) -> 0 | M36: =L36/L$9*100 -> 0 | AH36: =SUM(N36:AG36) -> 0 | AI36: =AH36/AH$9*100 -> 0 | AO36: 1 | AP36: 1 | AS36: 1 | BE36: =SUM(AJ36:BD36) -> 3 | BF36: =BE36/BE$9*100 -> 25 | BI36: 1 | BJ36: 1 | BL36: 1 | BM36: 1 | BT36: 1 | CC36: =SUM(BG36:CB36) -> 5 | CD36: =CC36/CC$9*100 -> 35.714286 | CR36: =SUM(CE36:CQ36) -> 0 | CS36: =CR36/CR$9*100 -> 0 | DL36: =SUM(CT36:DK36) -> 0 | DM36: =DL36/DL$9*100 -> #DIV/0!
A37: 28 | B37: 0827CY241028 | C37: HEMANT KUMAR PATIL | D37: =SUM(L37+AH37+BE37+CC37+CR37) -> 24 | E37: =(D37)/D$9*100 -> 58.536585 | F37: =IF(E37<50,E37, " ") | G37: =IF(E37<30,E37, " ") | L37: =SUM(H37:K37) -> 0 | M37: =L37/L$9*100 -> 0 | V37: 1 | W37: 1 | X37: 1 | Z37: 1 | AA37: 1 | AB37: 1 | AD37: 1 | AE37: 1 | AF37: 1 | AH37: =SUM(N37:AG37) -> 9 | AI37: =AH37/AH$9*100 -> 81.818182 | AK37: 1 | AL37: 1 | AN37: 1 | AO37: 1 | AR37: 1 | AU37: 1 | BE37: =SUM(AJ37:BD37) -> 6 | BF37: =BE37/BE$9*100 -> 50 | BG37: 1 | BI37: 1 | BL37: 1 | BM37: 1 | BN37: 1 | BP37: 1 | BR37: 1 | BT37: 1 | CC37: =SUM(BG37:CB37) -> 8 | CD37: =CC37/CC$9*100 -> 57.142857 | CF37: 1 | CR37: =SUM(CE37:CQ37) -> 1 | CS37: =CR37/CR$9*100 -> 50 | DL37: =SUM(CT37:DK37) -> 0 | DM37: =DL37/DL$9*100 -> #DIV/0!
A38: 29 | B38: 0827CY241029 | C38: JANHAVI SINGH | D38: =SUM(L38+AH38+BE38+CC38+CR38) -> 16 | E38: =(D38)/D$9*100 -> 39.02439 | F38: =IF(E38<50,E38, " ") -> 39.02439 | G38: =IF(E38<30,E38, " ") | L38: =SUM(H38:K38) -> 0 | M38: =L38/L$9*100 -> 0 | W38: 1 | X38: 1 | Y38: 1 | AD38: 1 | AH38: =SUM(N38:AG38) -> 4 | AI38: =AH38/AH$9*100 -> 36.363636 | AK38: 1 | AN38: 1 | AO38: 1 | BE38: =SUM(AJ38:BD38) -> 3 | BF38: =BE38/BE$9*100 -> 25 | BG38: 1 | BH38: 1 | BJ38: 1 | BN38: 1 | BO38: 1 | BP38: 1 | BQ38: 1 | BR38: 1 | CC38: =SUM(BG38:CB38) -> 8 | CD38: =CC38/CC$9*100 -> 57.142857 | CE38: 1 | CR38: =SUM(CE38:CQ38) -> 1 | CS38: =CR38/CR$9*100 -> 50 | DL38: =SUM(CT38:DK38) -> 0 | DM38: =DL38/DL$9*100 -> #DIV/0!
A39: 30 | B39: 0827CY241030 | C39: JATIN PAL | D39: =SUM(L39+AH39+BE39+CC39+CR39) -> 12 | E39: =(D39)/D$9*100 -> 29.268293 | F39: =IF(E39<50,E39, " ") -> 29.268293 | G39: =IF(E39<30,E39, " ") -> 29.268293 | L39: =SUM(H39:K39) -> 0 | M39: =L39/L$9*100 -> 0 | V39: 1 | Z39: 1 | AB39: 1 | AC39: 1 | AD39: 1 | AE39: 1 | AH39: =SUM(N39:AG39) -> 6 | AI39: =AH39/AH$9*100 -> 54.545455 | AK39: 1 | AP39: 1 | AQ39: 1 | BE39: =SUM(AJ39:BD39) -> 3 | BF39: =BE39/BE$9*100 -> 25 | BI39: 1 | BJ39: 1 | BS39: 1 | CC39: =SUM(BG39:CB39) -> 3 | CD39: =CC39/CC$9*100 -> 21.428571 | CR39: =SUM(CE39:CQ39) -> 0 | CS39: =CR39/CR$9*100 -> 0 | DL39: =SUM(CT39:DK39) -> 0 | DM39: =DL39/DL$9*100 -> #DIV/0!
A40: 31 | B40: 0827CY241031 | C40: JAYSHREE CHOUHAN | D40: =SUM(L40+AH40+BE40+CC40+CR40) -> 16 | E40: =(D40)/D$9*100 -> 39.02439 | F40: =IF(E40<50,E40, " ") -> 39.02439 | G40: =IF(E40<30,E40, " ") | L40: =SUM(H40:K40) -> 0 | M40: =L40/L$9*100 -> 0 | AB40: 1 | AC40: 1 | AD40: 1 | AE40: 1 | AF40: 1 | AH40: =SUM(N40:AG40) -> 5 | AI40: =AH40/AH$9*100 -> 45.454545 | AJ40: 1 | AM40: 1 | AN40: 1 | AO40: 1 | AR40: 1 | AT40: 1 | BE40: =SUM(AJ40:BD40) -> 6 | BF40: =BE40/BE$9*100 -> 50 | BG40: 1 | BJ40: 1 | BM40: 1 | BO40: 1 | CC40: =SUM(BG40:CB40) -> 4 | CD40: =CC40/CC$9*100 -> 28.571429 | CE40: 1 | CR40: =SUM(CE40:CQ40) -> 1 | CS40: =CR40/CR$9*100 -> 50 | DL40: =SUM(CT40:DK40) -> 0 | DM40: =DL40/DL$9*100 -> #DIV/0!
A41: 32 | B41: 0827CY241032 | C41: JIVAN PARMAR | D41: =SUM(L41+AH41+BE41+CC41+CR41) -> 22 | E41: =(D41)/D$9*100 -> 53.658537 | F41: =IF(E41<50,E41, " ") | G41: =IF(E41<30,E41, " ") | L41: =SUM(H41:K41) -> 0 | M41: =L41/L$9*100 -> 0 | V41: 1 | AA41: 1 | AB41: 1 | AC41: 1 | AD41: 1 | AF41: 1 | AH41: =SUM(N41:AG41) -> 6 | AI41: =AH41/AH$9*100 -> 54.545455 | AJ41: 1 | AK41: 1 | AO41: 1 | AP41: 1 | AQ41: 1 | AT41: 1 | AU41: 1 | BE41: =SUM(AJ41:BD41) -> 7 | BF41: =BE41/BE$9*100 -> 58.333333 | BG41: 1 | BH41: 1 | BJ41: 1 | BL41: 1 | BM41: 1 | BO41: 1 | BQ41: 1 | BT41: 1 | CC41: =SUM(BG41:CB41) -> 8 | CD41: =CC41/CC$9*100 -> 57.142857 | CE41: 1 | CR41: =SUM(CE41:CQ41) -> 1 | CS41: =CR41/CR$9*100 -> 50 | DL41: =SUM(CT41:DK41) -> 0 | DM41: =DL41/DL$9*100 -> #DIV/0!
A42: 33 | B42: 0827CY241033 | C42: KALIM NAGORI | D42: =SUM(L42+AH42+BE42+CC42+CR42) -> 0 | E42: =(D42)/D$9*100 -> 0 | F42: =IF(E42<50,E42, " ") -> 0 | G42: =IF(E42<30,E42, " ") -> 0 | L42: =SUM(H42:K42) -> 0 | M42: =L42/L$9*100 -> 0 | AH42: =SUM(N42:AG42) -> 0 | AI42: =AH42/AH$9*100 -> 0 | BE42: =SUM(AJ42:BD42) -> 0 | BF42: =BE42/BE$9*100 -> 0 | CC42: =SUM(BG42:CB42) -> 0 | CD42: =CC42/CC$9*100 -> 0 | CR42: =SUM(CE42:CQ42) -> 0 | CS42: =CR42/CR$9*100 -> 0 | DL42: =SUM(CT42:DK42) -> 0 | DM42: =DL42/DL$9*100 -> #DIV/0!
A43: 34 | B43: 0827CY241034 | C43: KAVYA SHARMA | D43: =SUM(L43+AH43+BE43+CC43+CR43) -> 20 | E43: =(D43)/D$9*100 -> 48.780488 | F43: =IF(E43<50,E43, " ") -> 48.780488 | G43: =IF(E43<30,E43, " ") | L43: =SUM(H43:K43) -> 0 | M43: =L43/L$9*100 -> 0 | W43: 1 | Y43: 1 | AD43: 1 | AF43: 1 | AH43: =SUM(N43:AG43) -> 4 | AI43: =AH43/AH$9*100 -> 36.363636 | AJ43: 1 | AL43: 1 | AM43: 1 | AO43: 1 | AP43: 1 | AQ43: 1 | AS43: 1 | AT43: 1 | BE43: =SUM(AJ43:BD43) -> 8 | BF43: =BE43/BE$9*100 -> 66.666667 | BG43: 1 | BH43: 1 | BI43: 1 | BJ43: 1 | BL43: 1 | BQ43: 1 | BS43: 1 | BT43: 1 | CC43: =SUM(BG43:CB43) -> 8 | CD43: =CC43/CC$9*100 -> 57.142857 | CR43: =SUM(CE43:CQ43) -> 0 | CS43: =CR43/CR$9*100 -> 0 | DL43: =SUM(CT43:DK43) -> 0 | DM43: =DL43/DL$9*100 -> #DIV/0!
A44: 35 | B44: 0827CY241035 | C44: KHUSHI CHOUHAN | D44: =SUM(L44+AH44+BE44+CC44+CR44) -> 19 | E44: =(D44)/D$9*100 -> 46.341463 | F44: =IF(E44<50,E44, " ") -> 46.341463 | G44: =IF(E44<30,E44, " ") | L44: =SUM(H44:K44) -> 0 | M44: =L44/L$9*100 -> 0 | V44: 1 | W44: 1 | Y44: 1 | AB44: 1 | AC44: 1 | AF44: 1 | AH44: =SUM(N44:AG44) -> 6 | AI44: =AH44/AH$9*100 -> 54.545455 | AJ44: 1 | AK44: 1 | AL44: 1 | AM44: 1 | AO44: 1 | AS44: 1 | AU44: 1 | BE44: =SUM(AJ44:BD44) -> 7 | BF44: =BE44/BE$9*100 -> 58.333333 | BI44: 1 | BO44: 1 | BS44: 1 | BT44: 1 | CC44: =SUM(BG44:CB44) -> 4 | CD44: =CC44/CC$9*100 -> 28.571429 | CE44: 1 | CF44: 1 | CR44: =SUM(CE44:CQ44) -> 2 | CS44: =CR44/CR$9*100 -> 100 | DL44: =SUM(CT44:DK44) -> 0 | DM44: =DL44/DL$9*100 -> #DIV/0!
A45: 36 | B45: 0827CY241036 | C45: LAKSHYA BHATODRA | D45: =SUM(L45+AH45+BE45+CC45+CR45) -> 19 | E45: =(D45)/D$9*100 -> 46.341463 | F45: =IF(E45<50,E45, " ") -> 46.341463 | G45: =IF(E45<30,E45, " ") | L45: =SUM(H45:K45) -> 0 | M45: =L45/L$9*100 -> 0 | W45: 1 | X45: 1 | Y45: 1 | AH45: =SUM(N45:AG45) -> 3 | AI45: =AH45/AH$9*100 -> 27.272727 | AK45: 1 | AL45: 1 | AN45: 1 | AO45: 1 | AP45: 1 | AS45: 1 | BE45: =SUM(AJ45:BD45) -> 6 | BF45: =BE45/BE$9*100 -> 50 | BG45: 1 | BJ45: 1 | BL45: 1 | BM45: 1 | BN45: 1 | BQ45: 1 | BR45: 1 | BT45: 1 | CC45: =SUM(BG45:CB45) -> 8 | CD45: =CC45/CC$9*100 -> 57.142857 | CE45: 1 | CF45: 1 | CR45: =SUM(CE45:CQ45) -> 2 | CS45: =CR45/CR$9*100 -> 100 | DL45: =SUM(CT45:DK45) -> 0 | DM45: =DL45/DL$9*100 -> #DIV/0!
A46: 37 | B46: 0827CY241037 | C46: MAHI RATHORE | D46: =SUM(L46+AH46+BE46+CC46+CR46) -> 15 | E46: =(D46)/D$9*100 -> 36.585366 | F46: =IF(E46<50,E46, " ") -> 36.585366 | G46: =IF(E46<30,E46, " ") | L46: =SUM(H46:K46) -> 0 | M46: =L46/L$9*100 -> 0 | AA46: 1 | AC46: 1 | AD46: 1 | AE46: 1 | AH46: =SUM(N46:AG46) -> 4 | AI46: =AH46/AH$9*100 -> 36.363636 | AJ46: 1 | AM46: 1 | AN46: 1 | AO46: 1 | AQ46: 1 | AR46: 1 | AT46: 1 | BE46: =SUM(AJ46:BD46) -> 7 | BF46: =BE46/BE$9*100 -> 58.333333 | BJ46: 1 | BM46: 1 | BT46: 1 | CC46: =SUM(BG46:CB46) -> 3 | CD46: =CC46/CC$9*100 -> 21.428571 | CE46: 1 | CR46: =SUM(CE46:CQ46) -> 1 | CS46: =CR46/CR$9*100 -> 50 | DL46: =SUM(CT46:DK46) -> 0 | DM46: =DL46/DL$9*100 -> #DIV/0!
A47: 38 | B47: 0827CY241038 | C47: MAHIKA DADHEECH | D47: =SUM(L47+AH47+BE47+CC47+CR47) -> 32 | E47: =(D47)/D$9*100 -> 78.04878 | F47: =IF(E47<50,E47, " ") | G47: =IF(E47<30,E47, " ") | H47: 1 | I47: 1 | L47: =SUM(H47:K47) -> 2 | M47: =L47/L$9*100 -> 100 | V47: 1 | X47: 1 | Y47: 1 | Z47: 1 | AA47: 1 | AB47: 1 | AE47: 1 | AF47: 1 | AH47: =SUM(N47:AG47) -> 8 | AI47: =AH47/AH$9*100 -> 72.727273 | AJ47: 1 | AK47: 1 | AL47: 1 | AM47: 1 | AP47: 1 | AR47: 1 | AS47: 1 | AT47: 1 | AU47: 1 | BE47: =SUM(AJ47:BD47) -> 9 | BF47: =BE47/BE$9*100 -> 75 | BG47: 1 | BH47: 1 | BI47: 1 | BJ47: 1 | BK47: 1 | BL47: 1 | BM47: 1 | BO47: 1 | BP47: 1 | BR47: 1 | BS47: 1 | CC47: =SUM(BG47:CB47) -> 11 | CD47: =CC47/CC$9*100 -> 78.571429 | CE47: 1 | CF47: 1 | CR47: =SUM(CE47:CQ47) -> 2 | CS47: =CR47/CR$9*100 -> 100 | DL47: =SUM(CT47:DK47) -> 0 | DM47: =DL47/DL$9*100 -> #DIV/0!
A48: 39 | B48: 0827CY241039 | C48: MOHIT GUPTA | D48: =SUM(L48+AH48+BE48+CC48+CR48) -> 1 | E48: =(D48)/D$9*100 -> 2.4390244 | F48: =IF(E48<50,E48, " ") -> 2.4390244 | G48: =IF(E48<30,E48, " ") -> 2.4390244 | L48: =SUM(H48:K48) -> 0 | M48: =L48/L$9*100 -> 0 | W48: 1 | AH48: =SUM(N48:AG48) -> 1 | AI48: =AH48/AH$9*100 -> 9.0909091 | BE48: =SUM(AJ48:BD48) -> 0 | BF48: =BE48/BE$9*100 -> 0 | CC48: =SUM(BG48:CB48) -> 0 | CD48: =CC48/CC$9*100 -> 0 | CR48: =SUM(CE48:CQ48) -> 0 | CS48: =CR48/CR$9*100 -> 0 | DL48: =SUM(CT48:DK48) -> 0 | DM48: =DL48/DL$9*100 -> #DIV/0!
A49: 40 | B49: 0827CY241040 | C49: MOHIT SOLANKI | D49: =SUM(L49+AH49+BE49+CC49+CR49) -> 8 | E49: =(D49)/D$9*100 -> 19.512195 | F49: =IF(E49<50,E49, " ") -> 19.512195 | G49: =IF(E49<30,E49, " ") -> 19.512195 | L49: =SUM(H49:K49) -> 0 | M49: =L49/L$9*100 -> 0 | AB49: 1 | AC49: 1 | AE49: 1 | AF49: 1 | AH49: =SUM(N49:AG49) -> 4 | AI49: =AH49/AH$9*100 -> 36.363636 | AP49: 1 | BE49: =SUM(AJ49:BD49) -> 1 | BF49: =BE49/BE$9*100 -> 8.3333333 | BM49: 1 | BN49: 1 | CC49: =SUM(BG49:CB49) -> 2 | CD49: =CC49/CC$9*100 -> 14.285714 | CE49: 1 | CR49: =SUM(CE49:CQ49) -> 1 | CS49: =CR49/CR$9*100 -> 50 | DL49: =SUM(CT49:DK49) -> 0 | DM49: =DL49/DL$9*100 -> #DIV/0!
A50: 41 | B50: 0827CY241041 | C50: NAITIK SINGH NARWARIA | D50: =SUM(L50+AH50+BE50+CC50+CR50) -> 5 | E50: =(D50)/D$9*100 -> 12.195122 | F50: =IF(E50<50,E50, " ") -> 12.195122 | G50: =IF(E50<30,E50, " ") -> 12.195122 | L50: =SUM(H50:K50) -> 0 | M50: =L50/L$9*100 -> 0 | V50: 1 | X50: 1 | AA50: 1 | AH50: =SUM(N50:AG50) -> 3 | AI50: =AH50/AH$9*100 -> 27.272727 | AK50: 1 | AL50: 1 | BE50: =SUM(AJ50:BD50) -> 2 | BF50: =BE50/BE$9*100 -> 16.666667 | CC50: =SUM(BG50:CB50) -> 0 | CD50: =CC50/CC$9*100 -> 0 | CR50: =SUM(CE50:CQ50) -> 0 | CS50: =CR50/CR$9*100 -> 0 | DL50: =SUM(CT50:DK50) -> 0 | DM50: =DL50/DL$9*100 -> #DIV/0!
A51: 42 | B51: 0827CY241042 | C51: NAKSHATRA GOYAL | D51: =SUM(L51+AH51+BE51+CC51+CR51) -> 0 | E51: =(D51)/D$9*100 -> 0 | F51: =IF(E51<50,E51, " ") -> 0 | G51: =IF(E51<30,E51, " ") -> 0 | L51: =SUM(H51:K51) -> 0 | M51: =L51/L$9*100 -> 0 | AH51: =SUM(N51:AG51) -> 0 | AI51: =AH51/AH$9*100 -> 0 | BE51: =SUM(AJ51:BD51) -> 0 | BF51: =BE51/BE$9*100 -> 0 | CC51: =SUM(BG51:CB51) -> 0 | CD51: =CC51/CC$9*100 -> 0 | CR51: =SUM(CE51:CQ51) -> 0 | CS51: =CR51/CR$9*100 -> 0 | DL51: =SUM(CT51:DK51) -> 0 | DM51: =DL51/DL$9*100 -> #DIV/0!
A52: 43 | B52: 0827CY241043 | C52: NARAYANI SHARMA | D52: =SUM(L52+AH52+BE52+CC52+CR52) -> 0 | E52: =(D52)/D$9*100 -> 0 | F52: =IF(E52<50,E52, " ") -> 0 | G52: =IF(E52<30,E52, " ") -> 0 | L52: =SUM(H52:K52) -> 0 | M52: =L52/L$9*100 -> 0 | AH52: =SUM(N52:AG52) -> 0 | AI52: =AH52/AH$9*100 -> 0 | BE52: =SUM(AJ52:BD52) -> 0 | BF52: =BE52/BE$9*100 -> 0 | CC52: =SUM(BG52:CB52) -> 0 | CD52: =CC52/CC$9*100 -> 0 | CR52: =SUM(CE52:CQ52) -> 0 | CS52: =CR52/CR$9*100 -> 0 | DL52: =SUM(CT52:DK52) -> 0 | DM52: =DL52/DL$9*100 -> #DIV/0!
A53: 44 | B53: 0827CY241044 | C53: NEERAJ DAYMA | D53: =SUM(L53+AH53+BE53+CC53+CR53) -> 2 | E53: =(D53)/D$9*100 -> 4.8780488 | F53: =IF(E53<50,E53, " ") -> 4.8780488 | G53: =IF(E53<30,E53, " ") -> 4.8780488 | L53: =SUM(H53:K53) -> 0 | M53: =L53/L$9*100 -> 0 | AH53: =SUM(N53:AG53) -> 0 | AI53: =AH53/AH$9*100 -> 0 | AP53: 1 | BE53: =SUM(AJ53:BD53) -> 1 | BF53: =BE53/BE$9*100 -> 8.3333333 | BP53: 1 | CC53: =SUM(BG53:CB53) -> 1 | CD53: =CC53/CC$9*100 -> 7.1428571 | CR53: =SUM(CE53:CQ53) -> 0 | CS53: =CR53/CR$9*100 -> 0 | DL53: =SUM(CT53:DK53) -> 0 | DM53: =DL53/DL$9*100 -> #DIV/0!
A54: 45 | B54: 0827CY241045 | C54: NIKHIL CHOUDHARY | D54: =SUM(L54+AH54+BE54+CC54+CR54) -> 13 | E54: =(D54)/D$9*100 -> 31.707317 | F54: =IF(E54<50,E54, " ") -> 31.707317 | G54: =IF(E54<30,E54, " ") | L54: =SUM(H54:K54) -> 0 | M54: =L54/L$9*100 -> 0 | V54: 1 | W54: 1 | AE54: 1 | AH54: =SUM(N54:AG54) -> 3 | AI54: =AH54/AH$9*100 -> 27.272727 | AJ54: 1 | AL54: 1 | BE54: =SUM(AJ54:BD54) -> 2 | BF54: =BE54/BE$9*100 -> 16.666667 | BI54: 1 | BJ54: 1 | BL54: 1 | BM54: 1 | BO54: 1 | BP54: 1 | BS54: 1 | BT54: 1 | CC54: =SUM(BG54:CB54) -> 8 | CD54: =CC54/CC$9*100 -> 57.142857 | CR54: =SUM(CE54:CQ54) -> 0 | CS54: =CR54/CR$9*100 -> 0 | DL54: =SUM(CT54:DK54) -> 0 | DM54: =DL54/DL$9*100 -> #DIV/0!
A55: 46 | B55: 0827CY241046 | C55: NITIN PATIDAR | D55: =SUM(L55+AH55+BE55+CC55+CR55) -> 0 | E55: =(D55)/D$9*100 -> 0 | F55: =IF(E55<50,E55, " ") -> 0 | G55: =IF(E55<30,E55, " ") -> 0 | L55: =SUM(H55:K55) -> 0 | M55: =L55/L$9*100 -> 0 | AH55: =SUM(N55:AG55) -> 0 | AI55: =AH55/AH$9*100 -> 0 | BE55: =SUM(AJ55:BD55) -> 0 | BF55: =BE55/BE$9*100 -> 0 | CC55: =SUM(BG55:CB55) -> 0 | CD55: =CC55/CC$9*100 -> 0 | CR55: =SUM(CE55:CQ55) -> 0 | CS55: =CR55/CR$9*100 -> 0 | DL55: =SUM(CT55:DK55) -> 0 | DM55: =DL55/DL$9*100 -> #DIV/0!
A56: 47 | B56: 0827CY241047 | C56: NITIN SINGH RAGHUWANSHI | D56: =SUM(L56+AH56+BE56+CC56+CR56) -> 15 | E56: =(D56)/D$9*100 -> 36.585366 | F56: =IF(E56<50,E56, " ") -> 36.585366 | G56: =IF(E56<30,E56, " ") | L56: =SUM(H56:K56) -> 0 | M56: =L56/L$9*100 -> 0 | Z56: 1 | AB56: 1 | AC56: 1 | AD56: 1 | AE56: 1 | AF56: 1 | AH56: =SUM(N56:AG56) -> 6 | AI56: =AH56/AH$9*100 -> 54.545455 | AK56: 1 | AL56: 1 | AP56: 1 | AQ56: 1 | BE56: =SUM(AJ56:BD56) -> 4 | BF56: =BE56/BE$9*100 -> 33.333333 | BG56: 1 | BI56: 1 | BM56: 1 | BS56: 1 | BT56: 1 | CC56: =SUM(BG56:CB56) -> 5 | CD56: =CC56/CC$9*100 -> 35.714286 | CR56: =SUM(CE56:CQ56) -> 0 | CS56: =CR56/CR$9*100 -> 0 | DL56: =SUM(CT56:DK56) -> 0 | DM56: =DL56/DL$9*100 -> #DIV/0!
A57: 48 | B57: 0827CY241048 | C57: PRANAY GOYAL | D57: =SUM(L57+AH57+BE57+CC57+CR57) -> 33 | E57: =(D57)/D$9*100 -> 80.487805 | F57: =IF(E57<50,E57, " ") | G57: =IF(E57<30,E57, " ") | L57: =SUM(H57:K57) -> 0 | M57: =L57/L$9*100 -> 0 | V57: 1 | W57: 1 | X57: 1 | Y57: 1 | Z57: 1 | AA57: 1 | AB57: 1 | AC57: 1 | AD57: 1 | AE57: 1 | AH57: =SUM(N57:AG57) -> 10 | AI57: =AH57/AH$9*100 -> 90.909091 | AJ57: 1 | AK57: 1 | AL57: 1 | AM57: 1 | AN57: 1 | AO57: 1 | AQ57: 1 | AR57: 1 | AS57: 1 | AU57: 1 | BE57: =SUM(AJ57:BD57) -> 10 | BF57: =BE57/BE$9*100 -> 83.333333 | BG57: 1 | BH57: 1 | BI57: 1 | BJ57: 1 | BL57: 1 | BM57: 1 | BO57: 1 | BP57: 1 | BQ57: 1 | BS57: 1 | BT57: 1 | CC57: =SUM(BG57:CB57) -> 11 | CD57: =CC57/CC$9*100 -> 78.571429 | CE57: 1 | CF57: 1 | CR57: =SUM(CE57:CQ57) -> 2 | CS57: =CR57/CR$9*100 -> 100 | DL57: =SUM(CT57:DK57) -> 0 | DM57: =DL57/DL$9*100 -> #DIV/0!
A58: 49 | B58: 0827CY241049 | C58: PRAYANSH DIXIT | D58: =SUM(L58+AH58+BE58+CC58+CR58) -> 12 | E58: =(D58)/D$9*100 -> 29.268293 | F58: =IF(E58<50,E58, " ") -> 29.268293 | G58: =IF(E58<30,E58, " ") -> 29.268293 | L58: =SUM(H58:K58) -> 0 | M58: =L58/L$9*100 -> 0 | W58: 1 | X58: 1 | Y58: 1 | AA58: 1 | AH58: =SUM(N58:AG58) -> 4 | AI58: =AH58/AH$9*100 -> 36.363636 | AJ58: 1 | AK58: 1 | AL58: 1 | AM58: 1 | AO58: 1 | AS58: 1 | BE58: =SUM(AJ58:BD58) -> 6 | BF58: =BE58/BE$9*100 -> 50 | BL58: 1 | BM58: 1 | CC58: =SUM(BG58:CB58) -> 2 | CD58: =CC58/CC$9*100 -> 14.285714 | CR58: =SUM(CE58:CQ58) -> 0 | CS58: =CR58/CR$9*100 -> 0 | DL58: =SUM(CT58:DK58) -> 0 | DM58: =DL58/DL$9*100 -> #DIV/0!
A59: 50 | B59: 0827CY241050 | C59: PRIYANSH SONI | D59: =SUM(L59+AH59+BE59+CC59+CR59) -> 6 | E59: =(D59)/D$9*100 -> 14.634146 | F59: =IF(E59<50,E59, " ") -> 14.634146 | G59: =IF(E59<30,E59, " ") -> 14.634146 | L59: =SUM(H59:K59) -> 0 | M59: =L59/L$9*100 -> 0 | W59: 1 | X59: 1 | Y59: 1 | AA59: 1 | AH59: =SUM(N59:AG59) -> 4 | AI59: =AH59/AH$9*100 -> 36.363636 | AS59: 1 | BE59: =SUM(AJ59:BD59) -> 1 | BF59: =BE59/BE$9*100 -> 8.3333333 | BM59: 1 | CC59: =SUM(BG59:CB59) -> 1 | CD59: =CC59/CC$9*100 -> 7.1428571 | CR59: =SUM(CE59:CQ59) -> 0 | CS59: =CR59/CR$9*100 -> 0 | DL59: =SUM(CT59:DK59) -> 0 | DM59: =DL59/DL$9*100 -> #DIV/0!
A60: 51 | B60: 0827CY241051 | C60: RAGHAV AGRAWAL | D60: =SUM(L60+AH60+BE60+CC60+CR60) -> 12 | E60: =(D60)/D$9*100 -> 29.268293 | F60: =IF(E60<50,E60, " ") -> 29.268293 | G60: =IF(E60<30,E60, " ") -> 29.268293 | L60: =SUM(H60:K60) -> 0 | M60: =L60/L$9*100 -> 0 | W60: 1 | AE60: 1 | AH60: =SUM(N60:AG60) -> 2 | AI60: =AH60/AH$9*100 -> 18.181818 | AL60: 1 | AN60: 1 | BE60: =SUM(AJ60:BD60) -> 2 | BF60: =BE60/BE$9*100 -> 16.666667 | BI60: 1 | BJ60: 1 | BM60: 1 | BN60: 1 | BO60: 1 | BP60: 1 | BQ60: 1 | BT60: 1 | CC60: =SUM(BG60:CB60) -> 8 | CD60: =CC60/CC$9*100 -> 57.142857 | CR60: =SUM(CE60:CQ60) -> 0 | CS60: =CR60/CR$9*100 -> 0 | DL60: =SUM(CT60:DK60) -> 0 | DM60: =DL60/DL$9*100 -> #DIV/0!
A61: 52 | B61: 0827CY241052 | C61: RAJ AICH | D61: =SUM(L61+AH61+BE61+CC61+CR61) -> 16 | E61: =(D61)/D$9*100 -> 39.02439 | F61: =IF(E61<50,E61, " ") -> 39.02439 | G61: =IF(E61<30,E61, " ") | L61: =SUM(H61:K61) -> 0 | M61: =L61/L$9*100 -> 0 | X61: 1 | Z61: 1 | AA61: 1 | AD61: 1 | AE61: 1 | AH61: =SUM(N61:AG61) -> 5 | AI61: =AH61/AH$9*100 -> 45.454545 | AK61: 1 | AP61: 1 | AR61: 1 | AU61: 1 | BE61: =SUM(AJ61:BD61) -> 4 | BF61: =BE61/BE$9*100 -> 33.333333 | BG61: 1 | BI61: 1 | BL61: 1 | BM61: 1 | BN61: 1 | BQ61: 1 | CC61: =SUM(BG61:CB61) -> 6 | CD61: =CC61/CC$9*100 -> 42.857143 | CF61: 1 | CR61: =SUM(CE61:CQ61) -> 1 | CS61: =CR61/CR$9*100 -> 50 | DL61: =SUM(CT61:DK61) -> 0 | DM61: =DL61/DL$9*100 -> #DIV/0!
A62: 53 | B62: 0827CY241053 | C62: RAJ PADIYAR | D62: =SUM(L62+AH62+BE62+CC62+CR62) -> 28 | E62: =(D62)/D$9*100 -> 68.292683 | F62: =IF(E62<50,E62, " ") | G62: =IF(E62<30,E62, " ") | H62: 1 | I62: 1 | L62: =SUM(H62:K62) -> 2 | M62: =L62/L$9*100 -> 100 | V62: 1 | W62: 1 | X62: 1 | Y62: 1 | Z62: 1 | AA62: 1 | AB62: 1 | AE62: 1 | AH62: =SUM(N62:AG62) -> 8 | AI62: =AH62/AH$9*100 -> 72.727273 | AK62: 1 | AL62: 1 | AM62: 1 | AN62: 1 | AP62: 1 | AR62: 1 | AS62: 1 | AT62: 1 | AU62: 1 | BE62: =SUM(AJ62:BD62) -> 9 | BF62: =BE62/BE$9*100 -> 75 | BG62: 1 | BH62: 1 | BI62: 1 | BJ62: 1 | BL62: 1 | BO62: 1 | BS62: 1 | CC62: =SUM(BG62:CB62) -> 7 | CD62: =CC62/CC$9*100 -> 50 | CE62: 1 | CF62: 1 | CR62: =SUM(CE62:CQ62) -> 2 | CS62: =CR62/CR$9*100 -> 100 | DL62: =SUM(CT62:DK62) -> 0 | DM62: =DL62/DL$9*100 -> #DIV/0!
A63: 54 | B63: 0827CY241054 | C63: RAJDEEP SINGH KELWA | D63: =SUM(L63+AH63+BE63+CC63+CR63) -> 13 | E63: =(D63)/D$9*100 -> 31.707317 | F63: =IF(E63<50,E63, " ") -> 31.707317 | G63: =IF(E63<30,E63, " ") | L63: =SUM(H63:K63) -> 0 | M63: =L63/L$9*100 -> 0 | AH63: =SUM(N63:AG63) -> 0 | AI63: =AH63/AH$9*100 -> 0 | AO63: 1 | AP63: 1 | AQ63: 1 | AR63: 1 | AS63: 1 | AT63: 1 | AU63: 1 | BE63: =SUM(AJ63:BD63) -> 7 | BF63: =BE63/BE$9*100 -> 58.333333 | BH63: 1 | BI63: 1 | BJ63: 1 | BM63: 1 | BQ63: 1 | CC63: =SUM(BG63:CB63) -> 5 | CD63: =CC63/CC$9*100 -> 35.714286 | CF63: 1 | CR63: =SUM(CE63:CQ63) -> 1 | CS63: =CR63/CR$9*100 -> 50 | DL63: =SUM(CT63:DK63) -> 0 | DM63: =DL63/DL$9*100 -> #DIV/0!
A64: 55 | B64: 0827CY241055 | C64: RAJKARAN | D64: =SUM(L64+AH64+BE64+CC64+CR64) -> 8 | E64: =(D64)/D$9*100 -> 19.512195 | F64: =IF(E64<50,E64, " ") -> 19.512195 | G64: =IF(E64<30,E64, " ") -> 19.512195 | L64: =SUM(H64:K64) -> 0 | M64: =L64/L$9*100 -> 0 | X64: 1 | AA64: 1 | AH64: =SUM(N64:AG64) -> 2 | AI64: =AH64/AH$9*100 -> 18.181818 | AL64: 1 | AS64: 1 | BE64: =SUM(AJ64:BD64) -> 2 | BF64: =BE64/BE$9*100 -> 16.666667 | BL64: 1 | BM64: 1 | BN64: 1 | CC64: =SUM(BG64:CB64) -> 3 | CD64: =CC64/CC$9*100 -> 21.428571 | CF64: 1 | CR64: =SUM(CE64:CQ64) -> 1 | CS64: =CR64/CR$9*100 -> 50 | DL64: =SUM(CT64:DK64) -> 0 | DM64: =DL64/DL$9*100 -> #DIV/0!
A65: 56 | B65: 0827CY241056 | C65: RISHIKA JOSHI | D65: =SUM(L65+AH65+BE65+CC65+CR65) -> 13 | E65: =(D65)/D$9*100 -> 31.707317 | F65: =IF(E65<50,E65, " ") -> 31.707317 | G65: =IF(E65<30,E65, " ") | L65: =SUM(H65:K65) -> 0 | M65: =L65/L$9*100 -> 0 | W65: 1 | X65: 1 | Y65: 1 | AD65: 1 | AH65: =SUM(N65:AG65) -> 4 | AI65: =AH65/AH$9*100 -> 36.363636 | AK65: 1 | AN65: 1 | AO65: 1 | BE65: =SUM(AJ65:BD65) -> 3 | BF65: =BE65/BE$9*100 -> 25 | BJ65: 1 | BN65: 1 | BP65: 1 | BQ65: 1 | BT65: 1 | CC65: =SUM(BG65:CB65) -> 5 | CD65: =CC65/CC$9*100 -> 35.714286 | CE65: 1 | CR65: =SUM(CE65:CQ65) -> 1 | CS65: =CR65/CR$9*100 -> 50 | DL65: =SUM(CT65:DK65) -> 0 | DM65: =DL65/DL$9*100 -> #DIV/0!
A66: 57 | B66: 0827CY241057 | C66: ROHIT PATEL | D66: =SUM(L66+AH66+BE66+CC66+CR66) -> 8 | E66: =(D66)/D$9*100 -> 19.512195 | F66: =IF(E66<50,E66, " ") -> 19.512195 | G66: =IF(E66<30,E66, " ") -> 19.512195 | L66: =SUM(H66:K66) -> 0 | M66: =L66/L$9*100 -> 0 | AD66: 1 | AE66: 1 | AF66: 1 | AH66: =SUM(N66:AG66) -> 3 | AI66: =AH66/AH$9*100 -> 27.272727 | AJ66: 1 | AL66: 1 | AO66: 1 | AP66: 1 | AQ66: 1 | BE66: =SUM(AJ66:BD66) -> 5 | BF66: =BE66/BE$9*100 -> 41.666667 | CC66: =SUM(BG66:CB66) -> 0 | CD66: =CC66/CC$9*100 -> 0 | CR66: =SUM(CE66:CQ66) -> 0 | CS66: =CR66/CR$9*100 -> 0 | DL66: =SUM(CT66:DK66) -> 0 | DM66: =DL66/DL$9*100 -> #DIV/0!
A67: 58 | B67: 0827CY241058 | C67: SALONI CHOUHAN | D67: =SUM(L67+AH67+BE67+CC67+CR67) -> 24 | E67: =(D67)/D$9*100 -> 58.536585 | F67: =IF(E67<50,E67, " ") | G67: =IF(E67<30,E67, " ") | L67: =SUM(H67:K67) -> 0 | M67: =L67/L$9*100 -> 0 | V67: 1 | W67: 1 | X67: 1 | Z67: 1 | AA67: 1 | AB67: 1 | AF67: 1 | AH67: =SUM(N67:AG67) -> 7 | AI67: =AH67/AH$9*100 -> 63.636364 | AJ67: 1 | AL67: 1 | AM67: 1 | AN67: 1 | AO67: 1 | AS67: 1 | AT67: 1 | BE67: =SUM(AJ67:BD67) -> 7 | BF67: =BE67/BE$9*100 -> 58.333333 | BG67: 1 | BI67: 1 | BL67: 1 | BM67: 1 | BN67: 1 | BQ67: 1 | BR67: 1 | BT67: 1 | CC67: =SUM(BG67:CB67) -> 8 | CD67: =CC67/CC$9*100 -> 57.142857 | CE67: 1 | CF67: 1 | CR67: =SUM(CE67:CQ67) -> 2 | CS67: =CR67/CR$9*100 -> 100 | DL67: =SUM(CT67:DK67) -> 0 | DM67: =DL67/DL$9*100 -> #DIV/0!
A68: 59 | B68: 0827CY241059 | C68: SAMRIDHI JHAVER | D68: =SUM(L68+AH68+BE68+CC68+CR68) -> 12 | E68: =(D68)/D$9*100 -> 29.268293 | F68: =IF(E68<50,E68, " ") -> 29.268293 | G68: =IF(E68<30,E68, " ") -> 29.268293 | L68: =SUM(H68:K68) -> 0 | M68: =L68/L$9*100 -> 0 | X68: 1 | Z68: 1 | AD68: 1 | AE68: 1 | AH68: =SUM(N68:AG68) -> 4 | AI68: =AH68/AH$9*100 -> 36.363636 | AK68: 1 | AM68: 1 | AP68: 1 | AR68: 1 | AT68: 1 | BE68: =SUM(AJ68:BD68) -> 5 | BF68: =BE68/BE$9*100 -> 41.666667 | BH68: 1 | BO68: 1 | BR68: 1 | CC68: =SUM(BG68:CB68) -> 3 | CD68: =CC68/CC$9*100 -> 21.428571 | CR68: =SUM(CE68:CQ68) -> 0 | CS68: =CR68/CR$9*100 -> 0 | DL68: =SUM(CT68:DK68) -> 0 | DM68: =DL68/DL$9*100 -> #DIV/0!
A69: 60 | B69: 0827CY241060 | C69: SANSKRATI YADAV | D69: =SUM(L69+AH69+BE69+CC69+CR69) -> 28 | E69: =(D69)/D$9*100 -> 68.292683 | F69: =IF(E69<50,E69, " ") | G69: =IF(E69<30,E69, " ") | H69: 1 | L69: =SUM(H69:K69) -> 1 | M69: =L69/L$9*100 -> 50 | V69: 1 | W69: 1 | X69: 1 | AB69: 1 | AF69: 1 | AH69: =SUM(N69:AG69) -> 5 | AI69: =AH69/AH$9*100 -> 45.454545 | AJ69: 1 | AK69: 1 | AL69: 1 | AM69: 1 | AN69: 1 | AO69: 1 | AP69: 1 | AR69: 1 | AS69: 1 | BE69: =SUM(AJ69:BD69) -> 9 | BF69: =BE69/BE$9*100 -> 75 | BG69: 1 | BH69: 1 | BI69: 1 | BJ69: 1 | BL69: 1 | BN69: 1 | BP69: 1 | BQ69: 1 | BR69: 1 | BS69: 1 | BT69: 1 | CC69: =SUM(BG69:CB69) -> 11 | CD69: =CC69/CC$9*100 -> 78.571429 | CE69: 1 | CF69: 1 | CR69: =SUM(CE69:CQ69) -> 2 | CS69: =CR69/CR$9*100 -> 100 | DL69: =SUM(CT69:DK69) -> 0 | DM69: =DL69/DL$9*100 -> #DIV/0!
A70: 61 | B70: 0827CY241061 | C70: SANYAM JAIN | D70: =SUM(L70+AH70+BE70+CC70+CR70) -> 17 | E70: =(D70)/D$9*100 -> 41.463415 | F70: =IF(E70<50,E70, " ") -> 41.463415 | G70: =IF(E70<30,E70, " ") | L70: =SUM(H70:K70) -> 0 | M70: =L70/L$9*100 -> 0 | W70: 1 | X70: 1 | Z70: 1 | AB70: 1 | AE70: 1 | AH70: =SUM(N70:AG70) -> 5 | AI70: =AH70/AH$9*100 -> 45.454545 | AJ70: 1 | AL70: 1 | AN70: 1 | AR70: 1 | AT70: 1 | BE70: =SUM(AJ70:BD70) -> 5 | BF70: =BE70/BE$9*100 -> 41.666667 | BG70: 1 | BI70: 1 | BJ70: 1 | BN70: 1 | BS70: 1 | BT70: 1 | CC70: =SUM(BG70:CB70) -> 6 | CD70: =CC70/CC$9*100 -> 42.857143 | CE70: 1 | CR70: =SUM(CE70:CQ70) -> 1 | CS70: =CR70/CR$9*100 -> 50 | DL70: =SUM(CT70:DK70) -> 0 | DM70: =DL70/DL$9*100 -> #DIV/0!
A71: 62 | B71: 0827CY241062 | C71: SHAMBHAVI PANDIT | D71: =SUM(L71+AH71+BE71+CC71+CR71) -> 22 | E71: =(D71)/D$9*100 -> 53.658537 | F71: =IF(E71<50,E71, " ") | G71: =IF(E71<30,E71, " ") | L71: =SUM(H71:K71) -> 0 | M71: =L71/L$9*100 -> 0 | V71: 1 | W71: 1 | X71: 1 | Y71: 1 | AA71: 1 | AB71: 1 | AE71: 1 | AH71: =SUM(N71:AG71) -> 7 | AI71: =AH71/AH$9*100 -> 63.636364 | AJ71: 1 | AK71: 1 | AL71: 1 | AN71: 1 | AS71: 1 | AU71: 1 | BE71: =SUM(AJ71:BD71) -> 6 | BF71: =BE71/BE$9*100 -> 50 | BH71: 1 | BL71: 1 | BM71: 1 | BN71: 1 | BP71: 1 | BQ71: 1 | BS71: 1 | CC71: =SUM(BG71:CB71) -> 7 | CD71: =CC71/CC$9*100 -> 50 | CE71: 1 | CF71: 1 | CR71: =SUM(CE71:CQ71) -> 2 | CS71: =CR71/CR$9*100 -> 100 | DL71: =SUM(CT71:DK71) -> 0 | DM71: =DL71/DL$9*100 -> #DIV/0!
A72: 63 | B72: 0827CY241063 | C72: SHREYANSH TIWARI | D72: =SUM(L72+AH72+BE72+CC72+CR72) -> 13 | E72: =(D72)/D$9*100 -> 31.707317 | F72: =IF(E72<50,E72, " ") -> 31.707317 | G72: =IF(E72<30,E72, " ") | L72: =SUM(H72:K72) -> 0 | M72: =L72/L$9*100 -> 0 | V72: 1 | W72: 1 | Z72: 1 | AB72: 1 | AF72: 1 | AH72: =SUM(N72:AG72) -> 5 | AI72: =AH72/AH$9*100 -> 45.454545 | AK72: 1 | AN72: 1 | BE72: =SUM(AJ72:BD72) -> 2 | BF72: =BE72/BE$9*100 -> 16.666667 | BH72: 1 | BI72: 1 | BL72: 1 | BM72: 1 | BP72: 1 | CC72: =SUM(BG72:CB72) -> 5 | CD72: =CC72/CC$9*100 -> 35.714286 | CF72: 1 | CR72: =SUM(CE72:CQ72) -> 1 | CS72: =CR72/CR$9*100 -> 50 | DL72: =SUM(CT72:DK72) -> 0 | DM72: =DL72/DL$9*100 -> #DIV/0!
A73: 64 | B73: 0827CY241064 | C73: SHUBH KHARE | D73: =SUM(L73+AH73+BE73+CC73+CR73) -> 5 | E73: =(D73)/D$9*100 -> 12.195122 | F73: =IF(E73<50,E73, " ") -> 12.195122 | G73: =IF(E73<30,E73, " ") -> 12.195122 | L73: =SUM(H73:K73) -> 0 | M73: =L73/L$9*100 -> 0 | AH73: =SUM(N73:AG73) -> 0 | AI73: =AH73/AH$9*100 -> 0 | AP73: 1 | BE73: =SUM(AJ73:BD73) -> 1 | BF73: =BE73/BE$9*100 -> 8.3333333 | BG73: 1 | BI73: 1 | BJ73: 1 | BN73: 1 | CC73: =SUM(BG73:CB73) -> 4 | CD73: =CC73/CC$9*100 -> 28.571429 | CR73: =SUM(CE73:CQ73) -> 0 | CS73: =CR73/CR$9*100 -> 0 | DL73: =SUM(CT73:DK73) -> 0 | DM73: =DL73/DL$9*100 -> #DIV/0!
A74: 65 | B74: 0827CY241065 | C74: SOMYA JAISWAL | D74: =SUM(L74+AH74+BE74+CC74+CR74) -> 16 | E74: =(D74)/D$9*100 -> 39.02439 | F74: =IF(E74<50,E74, " ") -> 39.02439 | G74: =IF(E74<30,E74, " ") | L74: =SUM(H74:K74) -> 0 | M74: =L74/L$9*100 -> 0 | V74: 1 | W74: 1 | X74: 1 | Y74: 1 | AA74: 1 | AH74: =SUM(N74:AG74) -> 5 | AI74: =AH74/AH$9*100 -> 45.454545 | AJ74: 1 | AL74: 1 | AO74: 1 | AP74: 1 | BE74: =SUM(AJ74:BD74) -> 4 | BF74: =BE74/BE$9*100 -> 33.333333 | BG74: 1 | BH74: 1 | BI74: 1 | BM74: 1 | BN74: 1 | BQ74: 1 | BS74: 1 | CC74: =SUM(BG74:CB74) -> 7 | CD74: =CC74/CC$9*100 -> 50 | CR74: =SUM(CE74:CQ74) -> 0 | CS74: =CR74/CR$9*100 -> 0 | DL74: =SUM(CT74:DK74) -> 0 | DM74: =DL74/DL$9*100 -> #DIV/0!
A75: 66 | B75: 0827CY241066 | C75: SPARSH SIGGA JAT | D75: =SUM(L75+AH75+BE75+CC75+CR75) -> 30 | E75: =(D75)/D$9*100 -> 73.170732 | F75: =IF(E75<50,E75, " ") | G75: =IF(E75<30,E75, " ") | H75: 1 | L75: =SUM(H75:K75) -> 1 | M75: =L75/L$9*100 -> 50 | V75: 1 | W75: 1 | X75: 1 | Y75: 1 | Z75: 1 | AA75: 1 | AB75: 1 | AF75: 1 | AH75: =SUM(N75:AG75) -> 8 | AI75: =AH75/AH$9*100 -> 72.727273 | AJ75: 1 | AK75: 1 | AL75: 1 | AN75: 1 | AO75: 1 | AR75: 1 | AS75: 1 | AU75: 1 | BE75: =SUM(AJ75:BD75) -> 8 | BF75: =BE75/BE$9*100 -> 66.666667 | BG75: 1 | BH75: 1 | BI75: 1 | BJ75: 1 | BK75: 1 | BL75: 1 | BM75: 1 | BO75: 1 | BP75: 1 | BS75: 1 | BT75: 1 | CC75: =SUM(BG75:CB75) -> 11 | CD75: =CC75/CC$9*100 -> 78.571429 | CE75: 1 | CF75: 1 | CR75: =SUM(CE75:CQ75) -> 2 | CS75: =CR75/CR$9*100 -> 100 | DL75: =SUM(CT75:DK75) -> 0 | DM75: =DL75/DL$9*100 -> #DIV/0!
A76: 67 | B76: 0827CY241067 | C76: TANISH JAISWAL | D76: =SUM(L76+AH76+BE76+CC76+CR76) -> 15 | E76: =(D76)/D$9*100 -> 36.585366 | F76: =IF(E76<50,E76, " ") -> 36.585366 | G76: =IF(E76<30,E76, " ") | L76: =SUM(H76:K76) -> 0 | M76: =L76/L$9*100 -> 0 | V76: 1 | W76: 1 | X76: 1 | Y76: 1 | AE76: 1 | AH76: =SUM(N76:AG76) -> 5 | AI76: =AH76/AH$9*100 -> 45.454545 | AJ76: 1 | BE76: =SUM(AJ76:BD76) -> 1 | BF76: =BE76/BE$9*100 -> 8.3333333 | BI76: 1 | BJ76: 1 | BM76: 1 | BN76: 1 | BO76: 1 | BP76: 1 | BQ76: 1 | BS76: 1 | BT76: 1 | CC76: =SUM(BG76:CB76) -> 9 | CD76: =CC76/CC$9*100 -> 64.285714 | CR76: =SUM(CE76:CQ76) -> 0 | CS76: =CR76/CR$9*100 -> 0 | DL76: =SUM(CT76:DK76) -> 0 | DM76: =DL76/DL$9*100 -> #DIV/0!
A77: 68 | B77: 0827CY241068 | C77: TANISHK MALVIYA | D77: =SUM(L77+AH77+BE77+CC77+CR77) -> 17 | E77: =(D77)/D$9*100 -> 41.463415 | F77: =IF(E77<50,E77, " ") -> 41.463415 | G77: =IF(E77<30,E77, " ") | L77: =SUM(H77:K77) -> 0 | M77: =L77/L$9*100 -> 0 | X77: 1 | Y77: 1 | Z77: 1 | AA77: 1 | AE77: 1 | AF77: 1 | AH77: =SUM(N77:AG77) -> 6 | AI77: =AH77/AH$9*100 -> 54.545455 | AJ77: 1 | AK77: 1 | AN77: 1 | AO77: 1 | BE77: =SUM(AJ77:BD77) -> 4 | BF77: =BE77/BE$9*100 -> 33.333333 | BI77: 1 | BJ77: 1 | BL77: 1 | BM77: 1 | BN77: 1 | BP77: 1 | CC77: =SUM(BG77:CB77) -> 6 | CD77: =CC77/CC$9*100 -> 42.857143 | CF77: 1 | CR77: =SUM(CE77:CQ77) -> 1 | CS77: =CR77/CR$9*100 -> 50 | DL77: =SUM(CT77:DK77) -> 0 | DM77: =DL77/DL$9*100 -> #DIV/0!
A78: 69 | B78: 0827CY241069 | C78: UNNATI RAMI | D78: =SUM(L78+AH78+BE78+CC78+CR78) -> 6 | E78: =(D78)/D$9*100 -> 14.634146 | F78: =IF(E78<50,E78, " ") -> 14.634146 | G78: =IF(E78<30,E78, " ") -> 14.634146 | L78: =SUM(H78:K78) -> 0 | M78: =L78/L$9*100 -> 0 | W78: 1 | X78: 1 | Y78: 1 | Z78: 1 | AC78: 1 | AH78: =SUM(N78:AG78) -> 5 | AI78: =AH78/AH$9*100 -> 45.454545 | BE78: =SUM(AJ78:BD78) -> 0 | BF78: =BE78/BE$9*100 -> 0 | CC78: =SUM(BG78:CB78) -> 0 | CD78: =CC78/CC$9*100 -> 0 | CF78: 1 | CR78: =SUM(CE78:CQ78) -> 1 | CS78: =CR78/CR$9*100 -> 50 | DL78: =SUM(CT78:DK78) -> 0 | DM78: =DL78/DL$9*100 -> #DIV/0!
A79: 70 | B79: 0827CY241070 | C79: URVASHI MISAL | D79: =SUM(L79+AH79+BE79+CC79+CR79) -> 21 | E79: =(D79)/D$9*100 -> 51.219512 | F79: =IF(E79<50,E79, " ") | G79: =IF(E79<30,E79, " ") | L79: =SUM(H79:K79) -> 0 | M79: =L79/L$9*100 -> 0 | V79: 1 | W79: 1 | X79: 1 | Y79: 1 | Z79: 1 | AA79: 1 | AB79: 1 | AE79: 1 | AF79: 1 | AH79: =SUM(N79:AG79) -> 9 | AI79: =AH79/AH$9*100 -> 81.818182 | AK79: 1 | AL79: 1 | AN79: 1 | BE79: =SUM(AJ79:BD79) -> 3 | BF79: =BE79/BE$9*100 -> 25 | BG79: 1 | BI79: 1 | BL79: 1 | BM79: 1 | BO79: 1 | BP79: 1 | BT79: 1 | CC79: =SUM(BG79:CB79) -> 7 | CD79: =CC79/CC$9*100 -> 50 | CE79: 1 | CF79: 1 | CR79: =SUM(CE79:CQ79) -> 2 | CS79: =CR79/CR$9*100 -> 100 | DL79: =SUM(CT79:DK79) -> 0 | DM79: =DL79/DL$9*100 -> #DIV/0!
A80: 71 | B80: 0827CY241071 | C80: VAGISHA GOYAL | D80: =SUM(L80+AH80+BE80+CC80+CR80) -> 23 | E80: =(D80)/D$9*100 -> 56.097561 | F80: =IF(E80<50,E80, " ") | G80: =IF(E80<30,E80, " ") | L80: =SUM(H80:K80) -> 0 | M80: =L80/L$9*100 -> 0 | V80: 1 | W80: 1 | X80: 1 | Y80: 1 | Z80: 1 | AA80: 1 | AB80: 1 | AD80: 1 | AF80: 1 | AH80: =SUM(N80:AG80) -> 9 | AI80: =AH80/AH$9*100 -> 81.818182 | AJ80: 1 | AK80: 1 | AN80: 1 | AP80: 1 | AU80: 1 | BE80: =SUM(AJ80:BD80) -> 5 | BF80: =BE80/BE$9*100 -> 41.666667 | BG80: 1 | BI80: 1 | BJ80: 1 | BL80: 1 | BM80: 1 | BQ80: 1 | BR80: 1 | BS80: 1 | CC80: =SUM(BG80:CB80) -> 8 | CD80: =CC80/CC$9*100 -> 57.142857 | CF80: 1 | CR80: =SUM(CE80:CQ80) -> 1 | CS80: =CR80/CR$9*100 -> 50 | DL80: =SUM(CT80:DK80) -> 0 | DM80: =DL80/DL$9*100 -> #DIV/0!
A81: 72 | B81: 0827CY241072 | C81: VAIDIKA RAI | D81: =SUM(L81+AH81+BE81+CC81+CR81) -> 11 | E81: =(D81)/D$9*100 -> 26.829268 | F81: =IF(E81<50,E81, " ") -> 26.829268 | G81: =IF(E81<30,E81, " ") -> 26.829268 | L81: =SUM(H81:K81) -> 0 | M81: =L81/L$9*100 -> 0 | Z81: 1 | AA81: 1 | AB81: 1 | AD81: 1 | AF81: 1 | AH81: =SUM(N81:AG81) -> 5 | AI81: =AH81/AH$9*100 -> 45.454545 | AK81: 1 | AN81: 1 | AU81: 1 | BE81: =SUM(AJ81:BD81) -> 3 | BF81: =BE81/BE$9*100 -> 25 | BJ81: 1 | BL81: 1 | BM81: 1 | CC81: =SUM(BG81:CB81) -> 3 | CD81: =CC81/CC$9*100 -> 21.428571 | CR81: =SUM(CE81:CQ81) -> 0 | CS81: =CR81/CR$9*100 -> 0 | DL81: =SUM(CT81:DK81) -> 0 | DM81: =DL81/DL$9*100 -> #DIV/0!
A82: 73 | B82: 0827CY241073 | C82: VANSHIKA CHOUDHARY | D82: =SUM(L82+AH82+BE82+CC82+CR82) -> 30 | E82: =(D82)/D$9*100 -> 73.170732 | F82: =IF(E82<50,E82, " ") | G82: =IF(E82<30,E82, " ") | L82: =SUM(H82:K82) -> 0 | M82: =L82/L$9*100 -> 0 | V82: 1 | W82: 1 | X82: 1 | Y82: 1 | AA82: 1 | AB82: 1 | AE82: 1 | AF82: 1 | AH82: =SUM(N82:AG82) -> 8 | AI82: =AH82/AH$9*100 -> 72.727273 | AJ82: 1 | AK82: 1 | AL82: 1 | AM82: 1 | AN82: 1 | AO82: 1 | AP82: 1 | AS82: 1 | AU82: 1 | BE82: =SUM(AJ82:BD82) -> 9 | BF82: =BE82/BE$9*100 -> 75 | BG82: 1 | BH82: 1 | BI82: 1 | BJ82: 1 | BL82: 1 | BM82: 1 | BN82: 1 | BP82: 1 | BQ82: 1 | BR82: 1 | BS82: 1 | CC82: =SUM(BG82:CB82) -> 11 | CD82: =CC82/CC$9*100 -> 78.571429 | CE82: 1 | CF82: 1 | CR82: =SUM(CE82:CQ82) -> 2 | CS82: =CR82/CR$9*100 -> 100 | DL82: =SUM(CT82:DK82) -> 0 | DM82: =DL82/DL$9*100 -> #DIV/0!
A83: 74 | B83: 0827CY241074 | C83: VESHWIK JAIN | D83: =SUM(L83+AH83+BE83+CC83+CR83) -> 5 | E83: =(D83)/D$9*100 -> 12.195122 | F83: =IF(E83<50,E83, " ") -> 12.195122 | G83: =IF(E83<30,E83, " ") -> 12.195122 | L83: =SUM(H83:K83) -> 0 | M83: =L83/L$9*100 -> 0 | V83: 1 | X83: 1 | AA83: 1 | AD83: 1 | AH83: =SUM(N83:AG83) -> 4 | AI83: =AH83/AH$9*100 -> 36.363636 | AN83: 1 | BE83: =SUM(AJ83:BD83) -> 1 | BF83: =BE83/BE$9*100 -> 8.3333333 | CC83: =SUM(BG83:CB83) -> 0 | CD83: =CC83/CC$9*100 -> 0 | CR83: =SUM(CE83:CQ83) -> 0 | CS83: =CR83/CR$9*100 -> 0 | DL83: =SUM(CT83:DK83) -> 0 | DM83: =DL83/DL$9*100 -> #DIV/0!
A84: 75 | B84: 0827CY241075 | C84: VISHAL JAWRIYA | D84: =SUM(L84+AH84+BE84+CC84+CR84) -> 0 | E84: =(D84)/D$9*100 -> 0 | F84: =IF(E84<50,E84, " ") -> 0 | G84: =IF(E84<30,E84, " ") -> 0 | L84: =SUM(H84:K84) -> 0 | M84: =L84/L$9*100 -> 0 | AH84: =SUM(N84:AG84) -> 0 | AI84: =AH84/AH$9*100 -> 0 | BE84: =SUM(AJ84:BD84) -> 0 | BF84: =BE84/BE$9*100 -> 0 | CC84: =SUM(BG84:CB84) -> 0 | CD84: =CC84/CC$9*100 -> 0 | CR84: =SUM(CE84:CQ84) -> 0 | CS84: =CR84/CR$9*100 -> 0 | DL84: =SUM(CT84:DK84) -> 0 | DM84: =DL84/DL$9*100 -> #DIV/0!
A85: 76 | B85: 0827CY241076 | C85: YASH LALWANI | D85: =SUM(L85+AH85+BE85+CC85+CR85) -> 21 | E85: =(D85)/D$9*100 -> 51.219512 | F85: =IF(E85<50,E85, " ") | G85: =IF(E85<30,E85, " ") | L85: =SUM(H85:K85) -> 0 | M85: =L85/L$9*100 -> 0 | W85: 1 | X85: 1 | Z85: 1 | AA85: 1 | AD85: 1 | AF85: 1 | AH85: =SUM(N85:AG85) -> 6 | AI85: =AH85/AH$9*100 -> 54.545455 | AJ85: 1 | AK85: 1 | AM85: 1 | AN85: 1 | AO85: 1 | AS85: 1 | BE85: =SUM(AJ85:BD85) -> 6 | BF85: =BE85/BE$9*100 -> 50 | BG85: 1 | BI85: 1 | BL85: 1 | BM85: 1 | BN85: 1 | BQ85: 1 | BS85: 1 | BT85: 1 | CC85: =SUM(BG85:CB85) -> 8 | CD85: =CC85/CC$9*100 -> 57.142857 | CE85: 1 | CR85: =SUM(CE85:CQ85) -> 1 | CS85: =CR85/CR$9*100 -> 50 | DL85: =SUM(CT85:DK85) -> 0 | DM85: =DL85/DL$9*100 -> #DIV/0!
A86: 77 | B86: 0827CY241077 | C86: YASH NAGAR | D86: =SUM(L86+AH86+BE86+CC86+CR86) -> 21 | E86: =(D86)/D$9*100 -> 51.219512 | F86: =IF(E86<50,E86, " ") | G86: =IF(E86<30,E86, " ") | L86: =SUM(H86:K86) -> 0 | M86: =L86/L$9*100 -> 0 | V86: 1 | W86: 1 | X86: 1 | Z86: 1 | AB86: 1 | AF86: 1 | AH86: =SUM(N86:AG86) -> 6 | AI86: =AH86/AH$9*100 -> 54.545455 | AJ86: 1 | AK86: 1 | AM86: 1 | AN86: 1 | AO86: 1 | AS86: 1 | BE86: =SUM(AJ86:BD86) -> 6 | BF86: =BE86/BE$9*100 -> 50 | BG86: 1 | BH86: 1 | BI86: 1 | BL86: 1 | BM86: 1 | BQ86: 1 | BS86: 1 | BT86: 1 | CC86: =SUM(BG86:CB86) -> 8 | CD86: =CC86/CC$9*100 -> 57.142857 | CE86: 1 | CR86: =SUM(CE86:CQ86) -> 1 | CS86: =CR86/CR$9*100 -> 50 | DL86: =SUM(CT86:DK86) -> 0 | DM86: =DL86/DL$9*100 -> #DIV/0!
A87: 78 | B87: 0827CY241078 | C87: ZAID SHAIKH | D87: =SUM(L87+AH87+BE87+CC87+CR87) -> 20 | E87: =(D87)/D$9*100 -> 48.780488 | F87: =IF(E87<50,E87, " ") -> 48.780488 | G87: =IF(E87<30,E87, " ") | L87: =SUM(H87:K87) -> 0 | M87: =L87/L$9*100 -> 0 | V87: 1 | W87: 1 | X87: 1 | AA87: 1 | AB87: 1 | AD87: 1 | AF87: 1 | AH87: =SUM(N87:AG87) -> 7 | AI87: =AH87/AH$9*100 -> 63.636364 | AJ87: 1 | AK87: 1 | AL87: 1 | AN87: 1 | AO87: 1 | BE87: =SUM(AJ87:BD87) -> 5 | BF87: =BE87/BE$9*100 -> 41.666667 | BH87: 1 | BI87: 1 | BL87: 1 | BM87: 1 | BN87: 1 | BQ87: 1 | BT87: 1 | CC87: =SUM(BG87:CB87) -> 7 | CD87: =CC87/CC$9*100 -> 50 | CE87: 1 | CR87: =SUM(CE87:CQ87) -> 1 | CS87: =CR87/CR$9*100 -> 50 | DL87: =SUM(CT87:DK87) -> 0 | DM87: =DL87/DL$9*100 -> #DIV/0!
A88: 79 | B88: 0827CY253D01 | C88: HRADAYANSH SINGH SENGAR | D88: =SUM(L88+AH88+BE88+CC88+CR88) -> 19 | E88: =(D88)/D$9*100 -> 46.341463 | F88: =IF(E88<50,E88, " ") -> 46.341463 | G88: =IF(E88<30,E88, " ") | L88: =SUM(H88:K88) -> 0 | M88: =L88/L$9*100 -> 0 | W88: 1 | Z88: 1 | AA88: 1 | AB88: 1 | AC88: 1 | AD88: 1 | AE88: 1 | AF88: 1 | AH88: =SUM(N88:AG88) -> 8 | AI88: =AH88/AH$9*100 -> 72.727273 | AJ88: 1 | AK88: 1 | AN88: 1 | AO88: 1 | AR88: 1 | BE88: =SUM(AJ88:BD88) -> 5 | BF88: =BE88/BE$9*100 -> 41.666667 | BH88: 1 | BI88: 1 | BL88: 1 | BQ88: 1 | BT88: 1 | CC88: =SUM(BG88:CB88) -> 5 | CD88: =CC88/CC$9*100 -> 35.714286 | CE88: 1 | CR88: =SUM(CE88:CQ88) -> 1 | CS88: =CR88/CR$9*100 -> 50 | DL88: =SUM(CT88:DK88) -> 0 | DM88: =DL88/DL$9*100 -> #DIV/0!
A89: 80 | B89: 0827CY253D02 | C89: JAYDEEP MOURYA | D89: =SUM(L89+AH89+BE89+CC89+CR89) -> 16 | E89: =(D89)/D$9*100 -> 39.02439 | F89: =IF(E89<50,E89, " ") -> 39.02439 | G89: =IF(E89<30,E89, " ") | L89: =SUM(H89:K89) -> 0 | M89: =L89/L$9*100 -> 0 | V89: 1 | W89: 1 | X89: 1 | Y89: 1 | AH89: =SUM(N89:AG89) -> 4 | AI89: =AH89/AH$9*100 -> 36.363636 | AK89: 1 | AL89: 1 | AN89: 1 | AO89: 1 | AQ89: 1 | BE89: =SUM(AJ89:BD89) -> 5 | BF89: =BE89/BE$9*100 -> 41.666667 | BH89: 1 | BI89: 1 | BJ89: 1 | BM89: 1 | BO89: 1 | BT89: 1 | CC89: =SUM(BG89:CB89) -> 6 | CD89: =CC89/CC$9*100 -> 42.857143 | CE89: 1 | CR89: =SUM(CE89:CQ89) -> 1 | CS89: =CR89/CR$9*100 -> 50 | DL89: =SUM(CT89:DK89) -> 0 | DM89: =DL89/DL$9*100 -> #DIV/0!

Sheet 402
A1: CY-402
A2: Faculty Name: | C2: Prof. Nidhi Nigam
A3: Subject Name : | C3: Fundamental of Cyber Security
A4: Subject Code : | C4: CY-402
A5: Start Date | C5: 46104
A6: End Date | Y6: MG | AG6: MG | AN6: AAG | AU6: SG | BC6: SG | BO6: Vacation
H7: 1 | I7: 2 | K7: 3 | L7: 4 | O7: 1 | P7: 2 | Q7: 3 | R7: 4 | S7: 5 | T7: 6 | U7: 7 | V7: 8 | W7: 9 | X7: 10 | Y7: 11 | Z7: 12 | AA7: 13 | AB7: 14 | AC7: 15 | AD7: 16 | AE7: 17 | AF7: 18 | AG7: 19 | AH7: 20 | AI7: 21 | AL7: 1 | AM7: 2 | AN7: 3 | AO7: 4 | AP7: 5 | AQ7: 6 | AR7: 7 | AS7: 8 | AT7: 9 | AU7: 10 | AV7: 11 | AW7: 12 | AX7: 13 | AY7: 14 | AZ7: 15 | BA7: 16 | BB7: 17 | BC7: 18 | BD7: 19 | BE7: 20 | BF7: 21 | BI7: 1 | BJ7: 2 | BK7: 3 | BL7: 4 | BM7: 5 | BN7: 6 | BO7: 7 | BP7: 8 | BQ7: 9 | BR7: 10 | BS7: 11 | BT7: 12 | BU7: 13 | BV7: 14 | BW7: 15 | BX7: 16 | BY7: 17 | BZ7: 18 | CA7: 19 | CB7: 20 | CC7: 21 | CD7: 22 | CE7: 23 | CF7: 24 | CG7: 25 | CH7: 26 | CI7: 27 | CL7: 1 | CM7: 2 | CN7: 3 | CO7: 4 | CP7: 5 | CQ7: 6 | CR7: 7 | CS7: 8 | CT7: 9 | CU7: 10 | CV7: 11
D8: Total Class | E8: OverAll Att. % | F8: Att. 50% | G8: Att. 30% | H8: 46104 | I8: 46105 | J8: 46106 | K8: 46107 | L8: 46111 | M8: MAR CLASS | N8: MAR % | O8: 46113 | P8: 46114 | Q8: 46115 | R8: 46118 | S8: 46119 | T8: 46120 | U8: 46121 | V8: 46122 | W8: 46125 | X8: 46127 | Y8: 46128 | Z8: 46129 | AA8: 46132 | AB8: 46133 | AC8: 46134 | AD8: 46135 | AE8: 46136 | AF8: 46139 | AG8: 46140 | AH8: 46141 | AI8: 46142 | AJ8: APRIL CLASS | AK8: APRIL % | AL8: 46143 | AM8: 46146 | AN8: 46147 | AO8: 46148 | AP8: 46149 | AQ8: 46150 | AR8: 46153 | AS8: 46154 | AT8: 46155 | AU8: 46155 | AV8: 46157 | AW8: 46160 | AX8: 46161 | AY8: 46162 | AZ8: 46163 | BA8: 46164 | BB8: 46167 | BC8: 46168 | BD8: 46169 | BE8: 46170 | BF8: 46171 | BG8: MAY CLASS | BH8: MAY % | BI8: 46174 | BJ8: 46175 | BK8: 46176 | BL8: 46177 | BM8: 46178 | BN8: 46181 | BO8: 46182 | BP8: 46183 | BQ8: 46184 | BR8: 46185 | BS8: 46188 | BT8: 46189 | BU8: 46190 | BV8: 46191 | BW8: 46192 | BX8: 46195 | BY8: 46195 | BZ8: 46196 | CA8: 46197 | CB8: 46197 | CC8: 46198 | CD8: 46198 | CE8: 46199 | CF8: 46199 | CG8: 46202 | CH8: 46202 | CI8: 46203 | CJ8: JUNE CLASS | CK8: JUNE % | CL8: 46204 | CM8: 46204 | CN8: 46206 | CO8: 46206 | CP8: 46208 | CQ8: 46209 | CR8: 46210 | CS8: 46211 | CT8: 46212 | CU8: 46213 | CV8: 46214 | CW8: 46215 | CX8: 46216 | CY8: JULY CLASS | CZ8: JULY% | DS8: JAN CLASS | DT8: JAN%
A9: s.no. | B9: Enrollment NO. | C9: Student Name | D9: =SUM(M9+AJ9+BG9+CJ9+CY9) -> 45 | H9: =SUM(H10:H89) -> 9 | I9: =SUM(I10:I89) -> 0 | J9: =SUM(J10:J89) -> 3 | K9: =SUM(K10:K89) -> 0 | L9: =SUM(L10:L89) -> 0 | M9: =COUNTIF(H9:L9,">0") -> 2 | N9: =COUNTIF(H9:L9,">0") -> 2 | O9: =SUM(O10:O89) -> 0 | P9: =SUM(P10:P89) -> 0 | Q9: =SUM(Q10:Q89) -> 0 | R9: =SUM(R10:R89) -> 0 | S9: =SUM(S10:S89) -> 0 | T9: =SUM(T10:T89) -> 0 | U9: =SUM(U10:U89) -> 0 | V9: =SUM(V10:V89) -> 0 | ... AI9: =SUM(AI10:AI89) -> 33 | AJ9: =COUNTIF(O9:AI9,">0") -> 13 | AK9: =SUM(M9+AJ9) -> 15 | AL9: =SUM(AL10:AL89) -> 33 | AM9: =SUM(AM10:AM89) -> 43 | AN9: =SUM(AN10:AN89) -> 43 | AO9: =SUM(AO10:AO89) -> 42 | AP9: =SUM(AP10:AP89) -> 42 | AQ9: =SUM(AQ10:AQ89) -> 19 | AR9: =SUM(AR10:AR89) -> 37 | AS9: =SUM(AS10:AS89) -> 0 | ... BF9: =SUM(BF10:BF89) -> 22 | BG9: =COUNTIF(AL9:BF9,">0") -> 14 | BH9: =SUM(AK9+BG9) -> 29 | BI9: =SUM(BI10:BI69) -> 0 | BJ9: =SUM(BJ10:BJ69) -> 0 | BK9: =SUM(BK10:BK69) -> 0 | BL9: =SUM(BL10:BL69) -> 17 | BM9: =SUM(BM10:BM69) -> 0 | BN9: =SUM(BN10:BN69) -> 0 | BO9: =SUM(BO10:BO69) -> 0 | BP9: =SUM(BP10:BP69) -> 0 | BR9: =SUM(BR10:BR69) -> 0 | BS9: =SUM(BS10:BS69) -> 0 | BT9: =SUM(BT10:BT69) -> 0 | BU9: =SUM(BU10:BU69) -> 0 | BV9: =SUM(BV10:BV69) -> 0 | BW9: =SUM(BW10:BW69) -> 0 | BX9: =SUM(BX10:BX69) -> 18 | BY9: =SUM(BY10:BY69) -> 18 | ... CI9: =SUM(CI10:CI69) -> 0 | CJ9: =COUNTIF(BI9:CI9,">0") -> 11 | CK9: =SUM(BH9+CJ9) -> 40 | CL9: =SUM(CL10:CL89) -> 32 | CM9: =SUM(CM10:CM89) -> 32 | CN9: =SUM(CN10:CN89) -> 42 | CO9: =SUM(CO10:CO89) -> 42 | CP9: =SUM(CP10:CP89) -> 0 | CQ9: =SUM(CQ10:CQ89) -> 44 | CR9: =SUM(CR10:CR89) -> 0 | CS9: =SUM(CS10:CS89) -> 0 | ... CX9: =SUM(CX10:CX89) -> 0 | CY9: =COUNTIF(CL9:CX9,">0") -> 5 | CZ9: =SUM(CK9+CY9) -> 45 | DA9: =SUM(DA10:DA89) -> 0 | DB9: =SUM(DB10:DB89) -> 0 | DC9: =SUM(DC10:DC89) -> 0 | DD9: =SUM(DD10:DD89) -> 0 | DE9: =SUM(DE10:DE89) -> 0 | DF9: =SUM(DF10:DF89) -> 0 | DG9: =SUM(DG10:DG89) -> 0 | DH9: =SUM(DH10:DH89) -> 0 | ... DR9: =SUM(DR10:DR89) -> 0 | DS9: =COUNTIF(DA9:DR9,">0") -> 0 | DT9: =SUM(DE9+DS9) -> 0
A10: 1 | B10: 0827CY241001 | C10: AASTHA RATHORE | D10: =SUM(M10+AJ10+BG10+CJ10+CY10) -> 37 | E10: =(D10)/D$9*100 -> 82.222222 | F10: =IF(E10<50,E10, " ") | G10: =IF(E10<30,E10, " ") | H10: 1 | M10: =SUM(H10:L10) -> 1 | N10: =M10/M$9*100 -> 50 | W10: 1 | X10: 1 | Y10: 1 | Z10: 1 | AA10: 1 | AB10: 1 | AC10: 1 | AD10: 1 | AE10: 1 | AF10: 1 | AH10: 1 | AI10: 1 | AJ10: =SUM(O10:AI10) -> 12 | AK10: =AJ10/AJ$9*100 -> 92.307692 | AL10: 1 | AN10: 1 | AO10: 1 | AP10: 1 | AQ10: 1 | AR10: 1 | AT10: 1 | AU10: 1 | BB10: 1 | BC10: 1 | BD10: 1 | BE10: 1 | BF10: 1 | BG10: =SUM(AL10:BF10) -> 13 | BH10: =BG10/BG$9*100 -> 92.857143 | BX10: 1 | BY10: 1 | CC10: 1 | CD10: 1 | CG10: 1 | CH10: 1 | CJ10: =SUM(BI10:CI10) -> 6 | CK10: =CJ10/CJ$9*100 -> 54.545455 | CL10: 1 | CM10: 1 | CN10: 1 | CO10: 1 | CQ10: 1 | CY10: =SUM(CL10:CX10) -> 5 | CZ10: =CY10/CY$9*100 -> 100 | DS10: =SUM(DA10:DR10) -> 0 | DT10: =DS10/DS$9*100 -> #DIV/0!
A11: 2 | B11: 0827CY241002 | C11: ABEER JOSHI | D11: =SUM(M11+AJ11+BG11+CJ11+CY11) -> 22 | E11: =(D11)/D$9*100 -> 48.888889 | F11: =IF(E11<50,E11, " ") -> 48.888889 | G11: =IF(E11<30,E11, " ") | M11: =SUM(H11:L11) -> 0 | N11: =M11/M$9*100 -> 0 | X11: 1 | Z11: 1 | AB11: 1 | AC11: 1 | AG11: 1 | AI11: 1 | AJ11: =SUM(O11:AI11) -> 6 | AK11: =AJ11/AJ$9*100 -> 46.153846 | AM11: 1 | AR11: 1 | BB11: 1 | BD11: 1 | BE11: 1 | BG11: =SUM(AL11:BF11) -> 5 | BH11: =BG11/BG$9*100 -> 35.714286 | BX11: 1 | BY11: 1 | CA11: 1 | CB11: 1 | CG11: 1 | CH11: 1 | CJ11: =SUM(BI11:CI11) -> 6 | CK11: =CJ11/CJ$9*100 -> 54.545455 | CL11: 1 | CM11: 1 | CN11: 1 | CO11: 1 | CQ11: 1 | CY11: =SUM(CL11:CX11) -> 5 | CZ11: =CY11/CY$9*100 -> 100 | DS11: =SUM(DA11:DR11) -> 0 | DT11: =DS11/DS$9*100 -> #DIV/0!
A12: 3 | B12: 0827CY241003 | C12: ABHIJEET SINGH | D12: =SUM(M12+AJ12+BG12+CJ12+CY12) -> 17 | E12: =(D12)/D$9*100 -> 37.777778 | F12: =IF(E12<50,E12, " ") -> 37.777778 | G12: =IF(E12<30,E12, " ") | M12: =SUM(H12:L12) -> 0 | N12: =M12/M$9*100 -> 0 | X12: 1 | AC12: 1 | AD12: 1 | AE12: 1 | AG12: 1 | AJ12: =SUM(O12:AI12) -> 5 | AK12: =AJ12/AJ$9*100 -> 38.461538 | AM12: 1 | AN12: 1 | AO12: 1 | AP12: 1 | AR12: 1 | AT12: 1 | AU12: 1 | BE12: 1 | BG12: =SUM(AL12:BF12) -> 8 | BH12: =BG12/BG$9*100 -> 57.142857 | BL12: 1 | CG12: 1 | CH12: 1 | CJ12: =SUM(BI12:CI12) -> 3 | CK12: =CJ12/CJ$9*100 -> 27.272727 | CQ12: 1 | CY12: =SUM(CL12:CX12) -> 1 | CZ12: =CY12/CY$9*100 -> 20 | DS12: =SUM(DA12:DR12) -> 0 | DT12: =DS12/DS$9*100 -> #DIV/0!
A13: 4 | B13: 0827CY241004 | C13: ADITI CHOUDHARY | D13: =SUM(M13+AJ13+BG13+CJ13+CY13) -> 22 | E13: =(D13)/D$9*100 -> 48.888889 | F13: =IF(E13<50,E13, " ") -> 48.888889 | G13: =IF(E13<30,E13, " ") | M13: =SUM(H13:L13) -> 0 | N13: =M13/M$9*100 -> 0 | W13: 1 | X13: 1 | Y13: 1 | Z13: 1 | AA13: 1 | AB13: 1 | AH13: 1 | AI13: 1 | AJ13: =SUM(O13:AI13) -> 8 | AK13: =AJ13/AJ$9*100 -> 61.538462 | AM13: 1 | AN13: 1 | AP13: 1 | AQ13: 1 | AT13: 1 | BF13: 1 | BG13: =SUM(AL13:BF13) -> 6 | BH13: =BG13/BG$9*100 -> 42.857143 | BL13: 1 | CA13: 1 | CB13: 1 | CE13: 1 | CF13: 1 | CG13: 1 | CH13: 1 | CJ13: =SUM(BI13:CI13) -> 7 | CK13: =CJ13/CJ$9*100 -> 63.636364 | CQ13: 1 | CY13: =SUM(CL13:CX13) -> 1 | CZ13: =CY13/CY$9*100 -> 20 | DS13: =SUM(DA13:DR13) -> 0 | DT13: =DS13/DS$9*100 -> #DIV/0!
A14: 5 | B14: 0827CY241005 | C14: ADITYA JAUNJAL | D14: =SUM(M14+AJ14+BG14+CJ14+CY14) -> 36 | E14: =(D14)/D$9*100 -> 80 | F14: =IF(E14<50,E14, " ") | G14: =IF(E14<30,E14, " ") | M14: =SUM(H14:L14) -> 0 | N14: =M14/M$9*100 -> 0 | W14: 1 | X14: 1 | Y14: 1 | Z14: 1 | AA14: 1 | AB14: 1 | AC14: 1 | AD14: 1 | AE14: 1 | AF14: 1 | AG14: 1 | AH14: 1 | AI14: 1 | AJ14: =SUM(O14:AI14) -> 13 | AK14: =AJ14/AJ$9*100 -> 100 | AL14: 1 | AM14: 1 | AN14: 1 | AO14: 1 | AP14: 1 | AR14: 1 | AT14: 1 | AU14: 1 | BB14: 1 | BC14: 1 | BG14: =SUM(AL14:BF14) -> 10 | BH14: =BG14/BG$9*100 -> 71.428571 | BX14: 1 | BY14: 1 | CA14: 1 | CB14: 1 | CC14: 1 | CD14: 1 | CG14: 1 | CH14: 1 | CJ14: =SUM(BI14:CI14) -> 8 | CK14: =CJ14/CJ$9*100 -> 72.727273 | CL14: 1 | CM14: 1 | CN14: 1 | CO14: 1 | CQ14: 1 | CY14: =SUM(CL14:CX14) -> 5 | CZ14: =CY14/CY$9*100 -> 100 | DS14: =SUM(DA14:DR14) -> 0 | DT14: =DS14/DS$9*100 -> #DIV/0!
A15: 6 | B15: 0827CY241006 | C15: AMAY NAMDEV | D15: =SUM(M15+AJ15+BG15+CJ15+CY15) -> 19 | E15: =(D15)/D$9*100 -> 42.222222 | F15: =IF(E15<50,E15, " ") -> 42.222222 | G15: =IF(E15<30,E15, " ") | M15: =SUM(H15:L15) -> 0 | N15: =M15/M$9*100 -> 0 | X15: 1 | Z15: 1 | AB15: 1 | AC15: 1 | AE15: 1 | AG15: 1 | AJ15: =SUM(O15:AI15) -> 6 | AK15: =AJ15/AJ$9*100 -> 46.153846 | AM15: 1 | AN15: 1 | AP15: 1 | BB15: 1 | BE15: 1 | BG15: =SUM(AL15:BF15) -> 5 | BH15: =BG15/BG$9*100 -> 35.714286 | BL15: 1 | CC15: 1 | CD15: 1 | CJ15: =SUM(BI15:CI15) -> 3 | CK15: =CJ15/CJ$9*100 -> 27.272727 | CL15: 1 | CM15: 1 | CN15: 1 | CO15: 1 | CQ15: 1 | CY15: =SUM(CL15:CX15) -> 5 | CZ15: =CY15/CY$9*100 -> 100 | DS15: =SUM(DA15:DR15) -> 0 | DT15: =DS15/DS$9*100 -> #DIV/0!
A16: 7 | B16: 0827CY241007 | C16: AMISHA SALVI | D16: =SUM(M16+AJ16+BG16+CJ16+CY16) -> 1 | E16: =(D16)/D$9*100 -> 2.2222222 | F16: =IF(E16<50,E16, " ") -> 2.2222222 | G16: =IF(E16<30,E16, " ") -> 2.2222222 | H16: 1 | M16: =SUM(H16:L16) -> 1 | N16: =M16/M$9*100 -> 50 | AJ16: =SUM(O16:AI16) -> 0 | AK16: =AJ16/AJ$9*100 -> 0 | BG16: =SUM(AL16:BF16) -> 0 | BH16: =BG16/BG$9*100 -> 0 | CJ16: =SUM(BI16:CI16) -> 0 | CK16: =CJ16/CJ$9*100 -> 0 | CY16: =SUM(CL16:CX16) -> 0 | CZ16: =CY16/CY$9*100 -> 0 | DS16: =SUM(DA16:DR16) -> 0 | DT16: =DS16/DS$9*100 -> #DIV/0!
A17: 8 | B17: 0827CY241008 | C17: AMIT GANGWAL | D17: =SUM(M17+AJ17+BG17+CJ17+CY17) -> 0 | E17: =(D17)/D$9*100 -> 0 | F17: =IF(E17<50,E17, " ") -> 0 | G17: =IF(E17<30,E17, " ") -> 0 | M17: =SUM(H17:L17) -> 0 | N17: =M17/M$9*100 -> 0 | AJ17: =SUM(O17:AI17) -> 0 | AK17: =AJ17/AJ$9*100 -> 0 | BG17: =SUM(AL17:BF17) -> 0 | BH17: =BG17/BG$9*100 -> 0 | CJ17: =SUM(BI17:CI17) -> 0 | CK17: =CJ17/CJ$9*100 -> 0 | CY17: =SUM(CL17:CX17) -> 0 | CZ17: =CY17/CY$9*100 -> 0 | DS17: =SUM(DA17:DR17) -> 0 | DT17: =DS17/DS$9*100 -> #DIV/0!
A18: 9 | B18: 0827CY241009 | C18: ANANYA SHARMA | D18: =SUM(M18+AJ18+BG18+CJ18+CY18) -> 30 | E18: =(D18)/D$9*100 -> 66.666667 | F18: =IF(E18<50,E18, " ") | G18: =IF(E18<30,E18, " ") | M18: =SUM(H18:L18) -> 0 | N18: =M18/M$9*100 -> 0 | W18: 1 | X18: 1 | AA18: 1 | AB18: 1 | AC18: 1 | AF18: 1 | AG18: 1 | AH18: 1 | AI18: 1 | AJ18: =SUM(O18:AI18) -> 9 | AK18: =AJ18/AJ$9*100 -> 69.230769 | AL18: 1 | AM18: 1 | AN18: 1 | AO18: 1 | AP18: 1 | AQ18: 1 | AR18: 1 | BB18: 1 | BC18: 1 | BD18: 1 | BF18: 1 | BG18: =SUM(AL18:BF18) -> 11 | BH18: =BG18/BG$9*100 -> 78.571429 | BL18: 1 | BX18: 1 | BY18: 1 | CA18: 1 | CB18: 1 | CE18: 1 | CF18: 1 | CJ18: =SUM(BI18:CI18) -> 7 | CK18: =CJ18/CJ$9*100 -> 63.636364 | CL18: 1 | CM18: 1 | CQ18: 1 | CY18: =SUM(CL18:CX18) -> 3 | CZ18: =CY18/CY$9*100 -> 60 | DS18: =SUM(DA18:DR18) -> 0 | DT18: =DS18/DS$9*100 -> #DIV/0!
A19: 10 | B19: 0827CY241010 | C19: ANIKET PATEL | D19: =SUM(M19+AJ19+BG19+CJ19+CY19) -> 0 | E19: =(D19)/D$9*100 -> 0 | F19: =IF(E19<50,E19, " ") -> 0 | G19: =IF(E19<30,E19, " ") -> 0 | M19: =SUM(H19:L19) -> 0 | N19: =M19/M$9*100 -> 0 | AJ19: =SUM(O19:AI19) -> 0 | AK19: =AJ19/AJ$9*100 -> 0 | BG19: =SUM(AL19:BF19) -> 0 | BH19: =BG19/BG$9*100 -> 0 | CJ19: =SUM(BI19:CI19) -> 0 | CK19: =CJ19/CJ$9*100 -> 0 | CY19: =SUM(CL19:CX19) -> 0 | CZ19: =CY19/CY$9*100 -> 0 | DS19: =SUM(DA19:DR19) -> 0 | DT19: =DS19/DS$9*100 -> #DIV/0!
A20: 11 | B20: 0827CY241011 | C20: ANISHA BAIRAGI | D20: =SUM(M20+AJ20+BG20+CJ20+CY20) -> 43 | E20: =(D20)/D$9*100 -> 95.555556 | F20: =IF(E20<50,E20, " ") | G20: =IF(E20<30,E20, " ") | H20: 1 | M20: =SUM(H20:L20) -> 1 | N20: =M20/M$9*100 -> 50 | W20: 1 | X20: 1 | Y20: 1 | Z20: 1 | AA20: 1 | AB20: 1 | AC20: 1 | AD20: 1 | AE20: 1 | AF20: 1 | AG20: 1 | AH20: 1 | AI20: 1 | AJ20: =SUM(O20:AI20) -> 13 | AK20: =AJ20/AJ$9*100 -> 100 | AL20: 1 | AM20: 1 | AN20: 1 | AO20: 1 | AP20: 1 | AQ20: 1 | AR20: 1 | AT20: 1 | AU20: 1 | BB20: 1 | BC20: 1 | BD20: 1 | BF20: 1 | BG20: =SUM(AL20:BF20) -> 13 | BH20: =BG20/BG$9*100 -> 92.857143 | BL20: 1 | BX20: 1 | BY20: 1 | CA20: 1 | CB20: 1 | CC20: 1 | CD20: 1 | CE20: 1 | CF20: 1 | CG20: 1 | CH20: 1 | CJ20: =SUM(BI20:CI20) -> 11 | CK20: =CJ20/CJ$9*100 -> 100 | CL20: 1 | CM20: 1 | CN20: 1 | CO20: 1 | CQ20: 1 | CY20: =SUM(CL20:CX20) -> 5 | CZ20: =CY20/CY$9*100 -> 100 | DS20: =SUM(DA20:DR20) -> 0 | DT20: =DS20/DS$9*100 -> #DIV/0!
A21: 12 | B21: 0827CY241012 | C21: ANKUSH BAMOTRIYA | D21: =SUM(M21+AJ21+BG21+CJ21+CY21) -> 2 | E21: =(D21)/D$9*100 -> 4.4444444 | F21: =IF(E21<50,E21, " ") -> 4.4444444 | G21: =IF(E21<30,E21, " ") -> 4.4444444 | M21: =SUM(H21:L21) -> 0 | N21: =M21/M$9*100 -> 0 | AJ21: =SUM(O21:AI21) -> 0 | AK21: =AJ21/AJ$9*100 -> 0 | BG21: =SUM(AL21:BF21) -> 0 | BH21: =BG21/BG$9*100 -> 0 | BX21: 1 | BY21: 1 | CJ21: =SUM(BI21:CI21) -> 2 | CK21: =CJ21/CJ$9*100 -> 18.181818 | CY21: =SUM(CL21:CX21) -> 0 | CZ21: =CY21/CY$9*100 -> 0 | DS21: =SUM(DA21:DR21) -> 0 | DT21: =DS21/DS$9*100 -> #DIV/0!
A22: 13 | B22: 0827CY241013 | C22: ANUSHKA SETHIYA | D22: =SUM(M22+AJ22+BG22+CJ22+CY22) -> 11 | E22: =(D22)/D$9*100 -> 24.444444 | F22: =IF(E22<50,E22, " ") -> 24.444444 | G22: =IF(E22<30,E22, " ") -> 24.444444 | M22: =SUM(H22:L22) -> 0 | N22: =M22/M$9*100 -> 0 | W22: 1 | X22: 1 | Y22: 1 | AA22: 1 | AB22: 1 | AC22: 1 | AD22: 1 | AG22: 1 | AI22: 1 | AJ22: =SUM(O22:AI22) -> 9 | AK22: =AJ22/AJ$9*100 -> 69.230769 | AO22: 1 | BB22: 1 | BG22: =SUM(AL22:BF22) -> 2 | BH22: =BG22/BG$9*100 -> 14.285714 | CJ22: =SUM(BI22:CI22) -> 0 | CK22: =CJ22/CJ$9*100 -> 0 | CY22: =SUM(CL22:CX22) -> 0 | CZ22: =CY22/CY$9*100 -> 0 | DS22: =SUM(DA22:DR22) -> 0 | DT22: =DS22/DS$9*100 -> #DIV/0!
A23: 14 | B23: 0827CY241014 | C23: APOORV JAIN | D23: =SUM(M23+AJ23+BG23+CJ23+CY23) -> 11 | E23: =(D23)/D$9*100 -> 24.444444 | F23: =IF(E23<50,E23, " ") -> 24.444444 | G23: =IF(E23<30,E23, " ") -> 24.444444 | M23: =SUM(H23:L23) -> 0 | N23: =M23/M$9*100 -> 0 | AB23: 1 | AG23: 1 | AH23: 1 | AJ23: =SUM(O23:AI23) -> 3 | AK23: =AJ23/AJ$9*100 -> 23.076923 | AO23: 1 | BC23: 1 | BD23: 1 | BF23: 1 | BG23: =SUM(AL23:BF23) -> 4 | BH23: =BG23/BG$9*100 -> 28.571429 | CA23: 1 | CB23: 1 | CE23: 1 | CF23: 1 | CJ23: =SUM(BI23:CI23) -> 4 | CK23: =CJ23/CJ$9*100 -> 36.363636 | CY23: =SUM(CL23:CX23) -> 0 | CZ23: =CY23/CY$9*100 -> 0 | DS23: =SUM(DA23:DR23) -> 0 | DT23: =DS23/DS$9*100 -> #DIV/0!
A24: 15 | B24: 0827CY241015 | C24: ASHMIT YADAV | D24: =SUM(M24+AJ24+BG24+CJ24+CY24) -> 22 | E24: =(D24)/D$9*100 -> 48.888889 | F24: =IF(E24<50,E24, " ") -> 48.888889 | G24: =IF(E24<30,E24, " ") | M24: =SUM(H24:L24) -> 0 | N24: =M24/M$9*100 -> 0 | X24: 1 | Z24: 1 | AC24: 1 | AD24: 1 | AE24: 1 | AJ24: =SUM(O24:AI24) -> 5 | AK24: =AJ24/AJ$9*100 -> 38.461538 | AN24: 1 | AO24: 1 | AP24: 1 | AR24: 1 | AT24: 1 | AU24: 1 | BG24: =SUM(AL24:BF24) -> 6 | BH24: =BG24/BG$9*100 -> 42.857143 | CA24: 1 | CB24: 1 | CC24: 1 | CD24: 1 | CG24: 1 | CH24: 1 | CJ24: =SUM(BI24:CI24) -> 6 | CK24: =CJ24/CJ$9*100 -> 54.545455 | CL24: 1 | CM24: 1 | CN24: 1 | CO24: 1 | CQ24: 1 | CY24: =SUM(CL24:CX24) -> 5 | CZ24: =CY24/CY$9*100 -> 100 | DS24: =SUM(DA24:DR24) -> 0 | DT24: =DS24/DS$9*100 -> #DIV/0!
A25: 16 | B25: 0827CY241016 | C25: ASHWIN PATEL | D25: =SUM(M25+AJ25+BG25+CJ25+CY25) -> 0 | E25: =(D25)/D$9*100 -> 0 | F25: =IF(E25<50,E25, " ") -> 0 | G25: =IF(E25<30,E25, " ") -> 0 | M25: =SUM(H25:L25) -> 0 | N25: =M25/M$9*100 -> 0 | AJ25: =SUM(O25:AI25) -> 0 | AK25: =AJ25/AJ$9*100 -> 0 | BG25: =SUM(AL25:BF25) -> 0 | BH25: =BG25/BG$9*100 -> 0 | CJ25: =SUM(BI25:CI25) -> 0 | CK25: =CJ25/CJ$9*100 -> 0 | CY25: =SUM(CL25:CX25) -> 0 | CZ25: =CY25/CY$9*100 -> 0 | DS25: =SUM(DA25:DR25) -> 0 | DT25: =DS25/DS$9*100 -> #DIV/0!
A26: 17 | B26: 0827CY241017 | C26: AYUSH SETHI | D26: =SUM(M26+AJ26+BG26+CJ26+CY26) -> 21 | E26: =(D26)/D$9*100 -> 46.666667 | F26: =IF(E26<50,E26, " ") -> 46.666667 | G26: =IF(E26<30,E26, " ") | M26: =SUM(H26:L26) -> 0 | N26: =M26/M$9*100 -> 0 | AI26: 1 | AJ26: =SUM(O26:AI26) -> 1 | AK26: =AJ26/AJ$9*100 -> 7.6923077 | AL26: 1 | AN26: 1 | AO26: 1 | AP26: 1 | AR26: 1 | BB26: 1 | BD26: 1 | BE26: 1 | BF26: 1 | BG26: =SUM(AL26:BF26) -> 9 | BH26: =BG26/BG$9*100 -> 64.285714 | BX26: 1 | BY26: 1 | CC26: 1 | CD26: 1 | CE26: 1 | CF26: 1 | CG26: 1 | CH26: 1 | CJ26: =SUM(BI26:CI26) -> 8 | CK26: =CJ26/CJ$9*100 -> 72.727273 | CN26: 1 | CO26: 1 | CQ26: 1 | CY26: =SUM(CL26:CX26) -> 3 | CZ26: =CY26/CY$9*100 -> 60 | DS26: =SUM(DA26:DR26) -> 0 | DT26: =DS26/DS$9*100 -> #DIV/0!
A27: 18 | B27: 0827CY241018 | C27: AYUSHI BAIRAGI | D27: =SUM(M27+AJ27+BG27+CJ27+CY27) -> 6 | E27: =(D27)/D$9*100 -> 13.333333 | F27: =IF(E27<50,E27, " ") -> 13.333333 | G27: =IF(E27<30,E27, " ") -> 13.333333 | H27: 1 | M27: =SUM(H27:L27) -> 1 | N27: =M27/M$9*100 -> 50 | X27: 1 | AJ27: =SUM(O27:AI27) -> 1 | AK27: =AJ27/AJ$9*100 -> 7.6923077 | AL27: 1 | AO27: 1 | BB27: 1 | BF27: 1 | BG27: =SUM(AL27:BF27) -> 4 | BH27: =BG27/BG$9*100 -> 28.571429 | CJ27: =SUM(BI27:CI27) -> 0 | CK27: =CJ27/CJ$9*100 -> 0 | CY27: =SUM(CL27:CX27) -> 0 | CZ27: =CY27/CY$9*100 -> 0 | DS27: =SUM(DA27:DR27) -> 0 | DT27: =DS27/DS$9*100 -> #DIV/0!
A28: 19 | B28: 0827CY241019 | C28: BHUMIKA AMIN | D28: =SUM(M28+AJ28+BG28+CJ28+CY28) -> 27 | E28: =(D28)/D$9*100 -> 60 | F28: =IF(E28<50,E28, " ") | G28: =IF(E28<30,E28, " ") | H28: 1 | M28: =SUM(H28:L28) -> 1 | N28: =M28/M$9*100 -> 50 | W28: 1 | X28: 1 | Z28: 1 | AB28: 1 | AC28: 1 | AD28: 1 | AE28: 1 | AJ28: =SUM(O28:AI28) -> 7 | AK28: =AJ28/AJ$9*100 -> 53.846154 | AL28: 1 | AM28: 1 | AN28: 1 | AO28: 1 | AP28: 1 | AQ28: 1 | AT28: 1 | AU28: 1 | BE28: 1 | BF28: 1 | BG28: =SUM(AL28:BF28) -> 10 | BH28: =BG28/BG$9*100 -> 71.428571 | CA28: 1 | CB28: 1 | CE28: 1 | CF28: 1 | CG28: 1 | CH28: 1 | CJ28: =SUM(BI28:CI28) -> 6 | CK28: =CJ28/CJ$9*100 -> 54.545455 | CL28: 1 | CM28: 1 | CQ28: 1 | CY28: =SUM(CL28:CX28) -> 3 | CZ28: =CY28/CY$9*100 -> 60 | DS28: =SUM(DA28:DR28) -> 0 | DT28: =DS28/DS$9*100 -> #DIV/0!
A29: 20 | B29: 0827CY241020 | C29: CHAITANYA PARKER | D29: =SUM(M29+AJ29+BG29+CJ29+CY29) -> 39 | E29: =(D29)/D$9*100 -> 86.666667 | F29: =IF(E29<50,E29, " ") | G29: =IF(E29<30,E29, " ") | J29: 1 | M29: =SUM(H29:L29) -> 1 | N29: =M29/M$9*100 -> 50 | W29: 1 | X29: 1 | Y29: 1 | AA29: 1 | AB29: 1 | AC29: 1 | AD29: 1 | AE29: 1 | AF29: 1 | AG29: 1 | AH29: 1 | AI29: 1 | AJ29: =SUM(O29:AI29) -> 12 | AK29: =AJ29/AJ$9*100 -> 92.307692 | AL29: 1 | AM29: 1 | AN29: 1 | AO29: 1 | AP29: 1 | AR29: 1 | AT29: 1 | AU29: 1 | BB29: 1 | BC29: 1 | BD29: 1 | BE29: 1 | BG29: =SUM(AL29:BF29) -> 12 | BH29: =BG29/BG$9*100 -> 85.714286 | BL29: 1 | BX29: 1 | BY29: 1 | CA29: 1 | CB29: 1 | CC29: 1 | CD29: 1 | CG29: 1 | CH29: 1 | CJ29: =SUM(BI29:CI29) -> 9 | CK29: =CJ29/CJ$9*100 -> 81.818182 | CL29: 1 | CM29: 1 | CN29: 1 | CO29: 1 | CQ29: 1 | CY29: =SUM(CL29:CX29) -> 5 | CZ29: =CY29/CY$9*100 -> 100 | DS29: =SUM(DA29:DR29) -> 0 | DT29: =DS29/DS$9*100 -> #DIV/0!
A30: 21 | B30: 0827CY241021 | C30: CHIRAG KAMARIYA | D30: =SUM(M30+AJ30+BG30+CJ30+CY30) -> 6 | E30: =(D30)/D$9*100 -> 13.333333 | F30: =IF(E30<50,E30, " ") -> 13.333333 | G30: =IF(E30<30,E30, " ") -> 13.333333 | M30: =SUM(H30:L30) -> 0 | N30: =M30/M$9*100 -> 0 | Y30: 1 | AA30: 1 | AC30: 1 | AG30: 1 | AJ30: =SUM(O30:AI30) -> 4 | AK30: =AJ30/AJ$9*100 -> 30.769231 | AO30: 1 | BD30: 1 | BG30: =SUM(AL30:BF30) -> 2 | BH30: =BG30/BG$9*100 -> 14.285714 | CJ30: =SUM(BI30:CI30) -> 0 | CK30: =CJ30/CJ$9*100 -> 0 | CY30: =SUM(CL30:CX30) -> 0 | CZ30: =CY30/CY$9*100 -> 0 | DS30: =SUM(DA30:DR30) -> 0 | DT30: =DS30/DS$9*100 -> #DIV/0!
A31: 22 | B31: 0827CY241022 | C31: CHIRAYU PATIDAR | D31: =SUM(M31+AJ31+BG31+CJ31+CY31) -> 26 | E31: =(D31)/D$9*100 -> 57.777778 | F31: =IF(E31<50,E31, " ") | G31: =IF(E31<30,E31, " ") | M31: =SUM(H31:L31) -> 0 | N31: =M31/M$9*100 -> 0 | W31: 1 | X31: 1 | Y31: 1 | AA31: 1 | AB31: 1 | AC31: 1 | AD31: 1 | AF31: 1 | AG31: 1 | AH31: 1 | AI31: 1 | AJ31: =SUM(O31:AI31) -> 11 | AK31: =AJ31/AJ$9*100 -> 84.615385 | AM31: 1 | AN31: 1 | AO31: 1 | AP31: 1 | AT31: 1 | AU31: 1 | BG31: =SUM(AL31:BF31) -> 6 | BH31: =BG31/BG$9*100 -> 42.857143 | CA31: 1 | CB31: 1 | CE31: 1 | CF31: 1 | CG31: 1 | CH31: 1 | CJ31: =SUM(BI31:CI31) -> 6 | CK31: =CJ31/CJ$9*100 -> 54.545455 | CN31: 1 | CO31: 1 | CQ31: 1 | CY31: =SUM(CL31:CX31) -> 3 | CZ31: =CY31/CY$9*100 -> 60 | DS31: =SUM(DA31:DR31) -> 0 | DT31: =DS31/DS$9*100 -> #DIV/0!
A32: 23 | B32: 0827CY241023 | C32: DARSH MUNDRA | D32: =SUM(M32+AJ32+BG32+CJ32+CY32) -> 32 | E32: =(D32)/D$9*100 -> 71.111111 | F32: =IF(E32<50,E32, " ") | G32: =IF(E32<30,E32, " ") | M32: =SUM(H32:L32) -> 0 | N32: =M32/M$9*100 -> 0 | W32: 1 | X32: 1 | Y32: 1 | Z32: 1 | AA32: 1 | AB32: 1 | AC32: 1 | AD32: 1 | AG32: 1 | AH32: 1 | AI32: 1 | AJ32: =SUM(O32:AI32) -> 11 | AK32: =AJ32/AJ$9*100 -> 84.615385 | AL32: 1 | AM32: 1 | AN32: 1 | AO32: 1 | AP32: 1 | AR32: 1 | AT32: 1 | BB32: 1 | BC32: 1 | BE32: 1 | BF32: 1 | BG32: =SUM(AL32:BF32) -> 11 | BH32: =BG32/BG$9*100 -> 78.571429 | BL32: 1 | CA32: 1 | CB32: 1 | CC32: 1 | CD32: 1 | CE32: 1 | CF32: 1 | CJ32: =SUM(BI32:CI32) -> 7 | CK32: =CJ32/CJ$9*100 -> 63.636364 | CN32: 1 | CO32: 1 | CQ32: 1 | CY32: =SUM(CL32:CX32) -> 3 | CZ32: =CY32/CY$9*100 -> 60 | DS32: =SUM(DA32:DR32) -> 0 | DT32: =DS32/DS$9*100 -> #DIV/0!
A33: 24 | B33: 0827CY241024 | C33: DIKSHARTH HARDIYA | D33: =SUM(M33+AJ33+BG33+CJ33+CY33) -> 4 | E33: =(D33)/D$9*100 -> 8.8888889 | F33: =IF(E33<50,E33, " ") -> 8.8888889 | G33: =IF(E33<30,E33, " ") -> 8.8888889 | M33: =SUM(H33:L33) -> 0 | N33: =M33/M$9*100 -> 0 | Y33: 1 | AA33: 1 | AJ33: =SUM(O33:AI33) -> 2 | AK33: =AJ33/AJ$9*100 -> 15.384615 | AN33: 1 | AP33: 1 | BG33: =SUM(AL33:BF33) -> 2 | BH33: =BG33/BG$9*100 -> 14.285714 | CJ33: =SUM(BI33:CI33) -> 0 | CK33: =CJ33/CJ$9*100 -> 0 | CY33: =SUM(CL33:CX33) -> 0 | CZ33: =CY33/CY$9*100 -> 0 | DS33: =SUM(DA33:DR33) -> 0 | DT33: =DS33/DS$9*100 -> #DIV/0!
A34: 25 | B34: 0827CY241025 | C34: FARAJ AHMED ANSARI | D34: =SUM(M34+AJ34+BG34+CJ34+CY34) -> 6 | E34: =(D34)/D$9*100 -> 13.333333 | F34: =IF(E34<50,E34, " ") -> 13.333333 | G34: =IF(E34<30,E34, " ") -> 13.333333 | M34: =SUM(H34:L34) -> 0 | N34: =M34/M$9*100 -> 0 | W34: 1 | Y34: 1 | AA34: 1 | AB34: 1 | AH34: 1 | AJ34: =SUM(O34:AI34) -> 5 | AK34: =AJ34/AJ$9*100 -> 38.461538 | AM34: 1 | BG34: =SUM(AL34:BF34) -> 1 | BH34: =BG34/BG$9*100 -> 7.1428571 | CJ34: =SUM(BI34:CI34) -> 0 | CK34: =CJ34/CJ$9*100 -> 0 | CY34: =SUM(CL34:CX34) -> 0 | CZ34: =CY34/CY$9*100 -> 0 | DS34: =SUM(DA34:DR34) -> 0 | DT34: =DS34/DS$9*100 -> #DIV/0!
A35: 26 | B35: 0827CY241026 | C35: HARSH BATHRI | D35: =SUM(M35+AJ35+BG35+CJ35+CY35) -> 24 | E35: =(D35)/D$9*100 -> 53.333333 | F35: =IF(E35<50,E35, " ") | G35: =IF(E35<30,E35, " ") | M35: =SUM(H35:L35) -> 0 | N35: =M35/M$9*100 -> 0 | W35: 1 | X35: 1 | Y35: 1 | Z35: 1 | AA35: 1 | AB35: 1 | AC35: 1 | AG35: 1 | AJ35: =SUM(O35:AI35) -> 8 | AK35: =AJ35/AJ$9*100 -> 61.538462 | AM35: 1 | AN35: 1 | AO35: 1 | AP35: 1 | AR35: 1 | AT35: 1 | BC35: 1 | BE35: 1 | BF35: 1 | BG35: =SUM(AL35:BF35) -> 9 | BH35: =BG35/BG$9*100 -> 64.285714 | BX35: 1 | BY35: 1 | CA35: 1 | CB35: 1 | CJ35: =SUM(BI35:CI35) -> 4 | CK35: =CJ35/CJ$9*100 -> 36.363636 | CN35: 1 | CO35: 1 | CQ35: 1 | CY35: =SUM(CL35:CX35) -> 3 | CZ35: =CY35/CY$9*100 -> 60 | DS35: =SUM(DA35:DR35) -> 0 | DT35: =DS35/DS$9*100 -> #DIV/0!
A36: 27 | B36: 0827CY241027 | C36: HARSH PALIWAL | D36: =SUM(M36+AJ36+BG36+CJ36+CY36) -> 6 | E36: =(D36)/D$9*100 -> 13.333333 | F36: =IF(E36<50,E36, " ") -> 13.333333 | G36: =IF(E36<30,E36, " ") -> 13.333333 | M36: =SUM(H36:L36) -> 0 | N36: =M36/M$9*100 -> 0 | AJ36: =SUM(O36:AI36) -> 0 | AK36: =AJ36/AJ$9*100 -> 0 | AT36: 1 | AU36: 1 | BC36: 1 | BD36: 1 | BG36: =SUM(AL36:BF36) -> 4 | BH36: =BG36/BG$9*100 -> 28.571429 | CG36: 1 | CH36: 1 | CJ36: =SUM(BI36:CI36) -> 2 | CK36: =CJ36/CJ$9*100 -> 18.181818 | CY36: =SUM(CL36:CX36) -> 0 | CZ36: =CY36/CY$9*100 -> 0 | DS36: =SUM(DA36:DR36) -> 0 | DT36: =DS36/DS$9*100 -> #DIV/0!
A37: 28 | B37: 0827CY241028 | C37: HEMANT KUMAR PATIL | D37: =SUM(M37+AJ37+BG37+CJ37+CY37) -> 30 | E37: =(D37)/D$9*100 -> 66.666667 | F37: =IF(E37<50,E37, " ") | G37: =IF(E37<30,E37, " ") | M37: =SUM(H37:L37) -> 0 | N37: =M37/M$9*100 -> 0 | W37: 1 | X37: 1 | Y37: 1 | AA37: 1 | AB37: 1 | AC37: 1 | AD37: 1 | AF37: 1 | AG37: 1 | AH37: 1 | AI37: 1 | AJ37: =SUM(O37:AI37) -> 11 | AK37: =AJ37/AJ$9*100 -> 84.615385 | AM37: 1 | AN37: 1 | AO37: 1 | AP37: 1 | AR37: 1 | AT37: 1 | AU37: 1 | BB37: 1 | BC37: 1 | BF37: 1 | BG37: =SUM(AL37:BF37) -> 10 | BH37: =BG37/BG$9*100 -> 71.428571 | BX37: 1 | BY37: 1 | CC37: 1 | CD37: 1 | CG37: 1 | CH37: 1 | CJ37: =SUM(BI37:CI37) -> 6 | CK37: =CJ37/CJ$9*100 -> 54.545455 | CN37: 1 | CO37: 1 | CQ37: 1 | CY37: =SUM(CL37:CX37) -> 3 | CZ37: =CY37/CY$9*100 -> 60 | DS37: =SUM(DA37:DR37) -> 0 | DT37: =DS37/DS$9*100 -> #DIV/0!
A38: 29 | B38: 0827CY241029 | C38: JANHAVI SINGH | D38: =SUM(M38+AJ38+BG38+CJ38+CY38) -> 17 | E38: =(D38)/D$9*100 -> 37.777778 | F38: =IF(E38<50,E38, " ") -> 37.777778 | G38: =IF(E38<30,E38, " ") | M38: =SUM(H38:L38) -> 0 | N38: =M38/M$9*100 -> 0 | X38: 1 | AB38: 1 | AF38: 1 | AJ38: =SUM(O38:AI38) -> 3 | AK38: =AJ38/AJ$9*100 -> 23.076923 | AM38: 1 | AR38: 1 | AT38: 1 | AU38: 1 | BG38: =SUM(AL38:BF38) -> 4 | BH38: =BG38/BG$9*100 -> 28.571429 | BL38: 1 | BX38: 1 | BY38: 1 | CA38: 1 | CB38: 1 | CJ38: =SUM(BI38:CI38) -> 5 | CK38: =CJ38/CJ$9*100 -> 45.454545 | CL38: 1 | CM38: 1 | CN38: 1 | CO38: 1 | CQ38: 1 | CY38: =SUM(CL38:CX38) -> 5 | CZ38: =CY38/CY$9*100 -> 100 | DS38: =SUM(DA38:DR38) -> 0 | DT38: =DS38/DS$9*100 -> #DIV/0!
A39: 30 | B39: 0827CY241030 | C39: JATIN PAL | D39: =SUM(M39+AJ39+BG39+CJ39+CY39) -> 14 | E39: =(D39)/D$9*100 -> 31.111111 | F39: =IF(E39<50,E39, " ") -> 31.111111 | G39: =IF(E39<30,E39, " ") | M39: =SUM(H39:L39) -> 0 | N39: =M39/M$9*100 -> 0 | W39: 1 | Y39: 1 | AA39: 1 | AB39: 1 | AD39: 1 | AE39: 1 | AF39: 1 | AH39: 1 | AJ39: =SUM(O39:AI39) -> 8 | AK39: =AJ39/AJ$9*100 -> 61.538462 | AM39: 1 | AN39: 1 | AP39: 1 | BG39: =SUM(AL39:BF39) -> 3 | BH39: =BG39/BG$9*100 -> 21.428571 | CE39: 1 | CF39: 1 | CJ39: =SUM(BI39:CI39) -> 2 | CK39: =CJ39/CJ$9*100 -> 18.181818 | CQ39: 1 | CY39: =SUM(CL39:CX39) -> 1 | CZ39: =CY39/CY$9*100 -> 20 | DS39: =SUM(DA39:DR39) -> 0 | DT39: =DS39/DS$9*100 -> #DIV/0!
A40: 31 | B40: 0827CY241031 | C40: JAYSHREE CHOUHAN | D40: =SUM(M40+AJ40+BG40+CJ40+CY40) -> 22 | E40: =(D40)/D$9*100 -> 48.888889 | F40: =IF(E40<50,E40, " ") -> 48.888889 | G40: =IF(E40<30,E40, " ") | M40: =SUM(H40:L40) -> 0 | N40: =M40/M$9*100 -> 0 | AB40: 1 | AC40: 1 | AD40: 1 | AE40: 1 | AF40: 1 | AG40: 1 | AI40: 1 | AJ40: =SUM(O40:AI40) -> 7 | AK40: =AJ40/AJ$9*100 -> 53.846154 | AL40: 1 | AM40: 1 | AN40: 1 | AQ40: 1 | AR40: 1 | AT40: 1 | AU40: 1 | BB40: 1 | BC40: 1 | BE40: 1 | BG40: =SUM(AL40:BF40) -> 10 | BH40: =BG40/BG$9*100 -> 71.428571 | CJ40: =SUM(BI40:CI40) -> 0 | CK40: =CJ40/CJ$9*100 -> 0 | CL40: 1 | CM40: 1 | CN40: 1 | CO40: 1 | CQ40: 1 | CY40: =SUM(CL40:CX40) -> 5 | CZ40: =CY40/CY$9*100 -> 100 | DS40: =SUM(DA40:DR40) -> 0 | DT40: =DS40/DS$9*100 -> #DIV/0!
A41: 32 | B41: 0827CY241032 | C41: JIVAN PARMAR | D41: =SUM(M41+AJ41+BG41+CJ41+CY41) -> 22 | E41: =(D41)/D$9*100 -> 48.888889 | F41: =IF(E41<50,E41, " ") -> 48.888889 | G41: =IF(E41<30,E41, " ") | M41: =SUM(H41:L41) -> 0 | N41: =M41/M$9*100 -> 0 | W41: 1 | AC41: 1 | AD41: 1 | AE41: 1 | AF41: 1 | AG41: 1 | AI41: 1 | AJ41: =SUM(O41:AI41) -> 7 | AK41: =AJ41/AJ$9*100 -> 53.846154 | AL41: 1 | AM41: 1 | AN41: 1 | AP41: 1 | AT41: 1 | AU41: 1 | BE41: 1 | BF41: 1 | BG41: =SUM(AL41:BF41) -> 8 | BH41: =BG41/BG$9*100 -> 57.142857 | BL41: 1 | CA41: 1 | CB41: 1 | CG41: 1 | CH41: 1 | CJ41: =SUM(BI41:CI41) -> 5 | CK41: =CJ41/CJ$9*100 -> 45.454545 | CL41: 1 | CM41: 1 | CY41: =SUM(CL41:CX41) -> 2 | CZ41: =CY41/CY$9*100 -> 40 | DS41: =SUM(DA41:DR41) -> 0 | DT41: =DS41/DS$9*100 -> #DIV/0!
A42: 33 | B42: 0827CY241033 | C42: KALIM NAGORI | D42: =SUM(M42+AJ42+BG42+CJ42+CY42) -> 0 | E42: =(D42)/D$9*100 -> 0 | F42: =IF(E42<50,E42, " ") -> 0 | G42: =IF(E42<30,E42, " ") -> 0 | M42: =SUM(H42:L42) -> 0 | N42: =M42/M$9*100 -> 0 | AJ42: =SUM(O42:AI42) -> 0 | AK42: =AJ42/AJ$9*100 -> 0 | BG42: =SUM(AL42:BF42) -> 0 | BH42: =BG42/BG$9*100 -> 0 | CJ42: =SUM(BI42:CI42) -> 0 | CK42: =CJ42/CJ$9*100 -> 0 | CY42: =SUM(CL42:CX42) -> 0 | CZ42: =CY42/CY$9*100 -> 0 | DS42: =SUM(DA42:DR42) -> 0 | DT42: =DS42/DS$9*100 -> #DIV/0!
A43: 34 | B43: 0827CY241034 | C43: KAVYA SHARMA | D43: =SUM(M43+AJ43+BG43+CJ43+CY43) -> 23 | E43: =(D43)/D$9*100 -> 51.111111 | F43: =IF(E43<50,E43, " ") | G43: =IF(E43<30,E43, " ") | M43: =SUM(H43:L43) -> 0 | N43: =M43/M$9*100 -> 0 | X43: 1 | Z43: 1 | AF43: 1 | AI43: 1 | AJ43: =SUM(O43:AI43) -> 4 | AK43: =AJ43/AJ$9*100 -> 30.769231 | AL43: 1 | AN43: 1 | AO43: 1 | AP43: 1 | AQ43: 1 | AT43: 1 | AU43: 1 | BD43: 1 | BE43: 1 | BG43: =SUM(AL43:BF43) -> 9 | BH43: =BG43/BG$9*100 -> 64.285714 | BL43: 1 | CA43: 1 | CB43: 1 | CE43: 1 | CF43: 1 | CG43: 1 | CH43: 1 | CJ43: =SUM(BI43:CI43) -> 7 | CK43: =CJ43/CJ$9*100 -> 63.636364 | CN43: 1 | CO43: 1 | CQ43: 1 | CY43: =SUM(CL43:CX43) -> 3 | CZ43: =CY43/CY$9*100 -> 60 | DS43: =SUM(DA43:DR43) -> 0 | DT43: =DS43/DS$9*100 -> #DIV/0!
A44: 35 | B44: 0827CY241035 | C44: KHUSHI CHOUHAN | D44: =SUM(M44+AJ44+BG44+CJ44+CY44) -> 26 | E44: =(D44)/D$9*100 -> 57.777778 | F44: =IF(E44<50,E44, " ") | G44: =IF(E44<30,E44, " ") | M44: =SUM(H44:L44) -> 0 | N44: =M44/M$9*100 -> 0 | W44: 1 | X44: 1 | Z44: 1 | AD44: 1 | AE44: 1 | AI44: 1 | AJ44: =SUM(O44:AI44) -> 6 | AK44: =AJ44/AJ$9*100 -> 46.153846 | AL44: 1 | AM44: 1 | AN44: 1 | AO44: 1 | AP44: 1 | AQ44: 1 | AT44: 1 | AU44: 1 | BC44: 1 | BD44: 1 | BF44: 1 | BG44: =SUM(AL44:BF44) -> 11 | BH44: =BG44/BG$9*100 -> 78.571429 | CE44: 1 | CF44: 1 | CG44: 1 | CH44: 1 | CJ44: =SUM(BI44:CI44) -> 4 | CK44: =CJ44/CJ$9*100 -> 36.363636 | CL44: 1 | CM44: 1 | CN44: 1 | CO44: 1 | CQ44: 1 | CY44: =SUM(CL44:CX44) -> 5 | CZ44: =CY44/CY$9*100 -> 100 | DS44: =SUM(DA44:DR44) -> 0 | DT44: =DS44/DS$9*100 -> #DIV/0!
A45: 36 | B45: 0827CY241036 | C45: LAKSHYA BHATODRA | D45: =SUM(M45+AJ45+BG45+CJ45+CY45) -> 20 | E45: =(D45)/D$9*100 -> 44.444444 | F45: =IF(E45<50,E45, " ") -> 44.444444 | G45: =IF(E45<30,E45, " ") | M45: =SUM(H45:L45) -> 0 | N45: =M45/M$9*100 -> 0 | X45: 1 | Z45: 1 | AJ45: =SUM(O45:AI45) -> 2 | AK45: =AJ45/AJ$9*100 -> 15.384615 | AM45: 1 | AN45: 1 | AO45: 1 | AP45: 1 | AR45: 1 | AT45: 1 | AU45: 1 | BG45: =SUM(AL45:BF45) -> 7 | BH45: =BG45/BG$9*100 -> 50 | CA45: 1 | CB45: 1 | CC45: 1 | CD45: 1 | CG45: 1 | CH45: 1 | CJ45: =SUM(BI45:CI45) -> 6 | CK45: =CJ45/CJ$9*100 -> 54.545455 | CL45: 1 | CM45: 1 | CN45: 1 | CO45: 1 | CQ45: 1 | CY45: =SUM(CL45:CX45) -> 5 | CZ45: =CY45/CY$9*100 -> 100 | DS45: =SUM(DA45:DR45) -> 0 | DT45: =DS45/DS$9*100 -> #DIV/0!
A46: 37 | B46: 0827CY241037 | C46: MAHI RATHORE | D46: =SUM(M46+AJ46+BG46+CJ46+CY46) -> 20 | E46: =(D46)/D$9*100 -> 44.444444 | F46: =IF(E46<50,E46, " ") -> 44.444444 | G46: =IF(E46<30,E46, " ") | M46: =SUM(H46:L46) -> 0 | N46: =M46/M$9*100 -> 0 | AB46: 1 | AC46: 1 | AE46: 1 | AF46: 1 | AG46: 1 | AJ46: =SUM(O46:AI46) -> 5 | AK46: =AJ46/AJ$9*100 -> 38.461538 | AL46: 1 | AQ46: 1 | AR46: 1 | AT46: 1 | AU46: 1 | BB46: 1 | BE46: 1 | BG46: =SUM(AL46:BF46) -> 7 | BH46: =BG46/BG$9*100 -> 50 | CC46: 1 | CD46: 1 | CH46: 1 | CJ46: =SUM(BI46:CI46) -> 3 | CK46: =CJ46/CJ$9*100 -> 27.272727 | CL46: 1 | CM46: 1 | CN46: 1 | CO46: 1 | CQ46: 1 | CY46: =SUM(CL46:CX46) -> 5 | CZ46: =CY46/CY$9*100 -> 100 | DS46: =SUM(DA46:DR46) -> 0 | DT46: =DS46/DS$9*100 -> #DIV/0!
A47: 38 | B47: 0827CY241038 | C47: MAHIKA DADHEECH | D47: =SUM(M47+AJ47+BG47+CJ47+CY47) -> 35 | E47: =(D47)/D$9*100 -> 77.777778 | F47: =IF(E47<50,E47, " ") | G47: =IF(E47<30,E47, " ") | H47: 1 | J47: 1 | M47: =SUM(H47:L47) -> 2 | N47: =M47/M$9*100 -> 100 | W47: 1 | X47: 1 | Y47: 1 | Z47: 1 | AA47: 1 | AC47: 1 | AD47: 1 | AG47: 1 | AH47: 1 | AI47: 1 | AJ47: =SUM(O47:AI47) -> 10 | AK47: =AJ47/AJ$9*100 -> 76.923077 | AL47: 1 | AM47: 1 | AN47: 1 | AO47: 1 | AP47: 1 | AQ47: 1 | BB47: 1 | BC47: 1 | BD47: 1 | BE47: 1 | BF47: 1 | BG47: =SUM(AL47:BF47) -> 11 | BH47: =BG47/BG$9*100 -> 78.571429 | BL47: 1 | BX47: 1 | BY47: 1 | CC47: 1 | CD47: 1 | CE47: 1 | CF47: 1 | CJ47: =SUM(BI47:CI47) -> 7 | CK47: =CJ47/CJ$9*100 -> 63.636364 | CL47: 1 | CM47: 1 | CN47: 1 | CO47: 1 | CQ47: 1 | CY47: =SUM(CL47:CX47) -> 5 | CZ47: =CY47/CY$9*100 -> 100 | DS47: =SUM(DA47:DR47) -> 0 | DT47: =DS47/DS$9*100 -> #DIV/0!
A48: 39 | B48: 0827CY241039 | C48: MOHIT GUPTA | D48: =SUM(M48+AJ48+BG48+CJ48+CY48) -> 0 | E48: =(D48)/D$9*100 -> 0 | F48: =IF(E48<50,E48, " ") -> 0 | G48: =IF(E48<30,E48, " ") -> 0 | M48: =SUM(H48:L48) -> 0 | N48: =M48/M$9*100 -> 0 | AJ48: =SUM(O48:AI48) -> 0 | AK48: =AJ48/AJ$9*100 -> 0 | BG48: =SUM(AL48:BF48) -> 0 | BH48: =BG48/BG$9*100 -> 0 | CJ48: =SUM(BI48:CI48) -> 0 | CK48: =CJ48/CJ$9*100 -> 0 | CY48: =SUM(CL48:CX48) -> 0 | CZ48: =CY48/CY$9*100 -> 0 | DS48: =SUM(DA48:DR48) -> 0 | DT48: =DS48/DS$9*100 -> #DIV/0!
A49: 40 | B49: 0827CY241040 | C49: MOHIT SOLANKI | D49: =SUM(M49+AJ49+BG49+CJ49+CY49) -> 6 | E49: =(D49)/D$9*100 -> 13.333333 | F49: =IF(E49<50,E49, " ") -> 13.333333 | G49: =IF(E49<30,E49, " ") -> 13.333333 | M49: =SUM(H49:L49) -> 0 | N49: =M49/M$9*100 -> 0 | AD49: 1 | AE49: 1 | AH49: 1 | AI49: 1 | AJ49: =SUM(O49:AI49) -> 4 | AK49: =AJ49/AJ$9*100 -> 30.769231 | BG49: =SUM(AL49:BF49) -> 0 | BH49: =BG49/BG$9*100 -> 0 | CJ49: =SUM(BI49:CI49) -> 0 | CK49: =CJ49/CJ$9*100 -> 0 | CL49: 1 | CM49: 1 | CY49: =SUM(CL49:CX49) -> 2 | CZ49: =CY49/CY$9*100 -> 40 | DS49: =SUM(DA49:DR49) -> 0 | DT49: =DS49/DS$9*100 -> #DIV/0!
A50: 41 | B50: 0827CY241041 | C50: NAITIK SINGH NARWARIA | D50: =SUM(M50+AJ50+BG50+CJ50+CY50) -> 3 | E50: =(D50)/D$9*100 -> 6.6666667 | F50: =IF(E50<50,E50, " ") -> 6.6666667 | G50: =IF(E50<30,E50, " ") -> 6.6666667 | M50: =SUM(H50:L50) -> 0 | N50: =M50/M$9*100 -> 0 | W50: 1 | AJ50: =SUM(O50:AI50) -> 1 | AK50: =AJ50/AJ$9*100 -> 7.6923077 | AM50: 1 | AO50: 1 | BG50: =SUM(AL50:BF50) -> 2 | BH50: =BG50/BG$9*100 -> 14.285714 | CJ50: =SUM(BI50:CI50) -> 0 | CK50: =CJ50/CJ$9*100 -> 0 | CY50: =SUM(CL50:CX50) -> 0 | CZ50: =CY50/CY$9*100 -> 0 | DS50: =SUM(DA50:DR50) -> 0 | DT50: =DS50/DS$9*100 -> #DIV/0!
A51: 42 | B51: 0827CY241042 | C51: NAKSHATRA GOYAL | D51: =SUM(M51+AJ51+BG51+CJ51+CY51) -> 0 | E51: =(D51)/D$9*100 -> 0 | F51: =IF(E51<50,E51, " ") -> 0 | G51: =IF(E51<30,E51, " ") -> 0 | M51: =SUM(H51:L51) -> 0 | N51: =M51/M$9*100 -> 0 | AJ51: =SUM(O51:AI51) -> 0 | AK51: =AJ51/AJ$9*100 -> 0 | BG51: =SUM(AL51:BF51) -> 0 | BH51: =BG51/BG$9*100 -> 0 | CJ51: =SUM(BI51:CI51) -> 0 | CK51: =CJ51/CJ$9*100 -> 0 | CY51: =SUM(CL51:CX51) -> 0 | CZ51: =CY51/CY$9*100 -> 0 | DS51: =SUM(DA51:DR51) -> 0 | DT51: =DS51/DS$9*100 -> #DIV/0!
A52: 43 | B52: 0827CY241043 | C52: NARAYANI SHARMA | D52: =SUM(M52+AJ52+BG52+CJ52+CY52) -> 0 | E52: =(D52)/D$9*100 -> 0 | F52: =IF(E52<50,E52, " ") -> 0 | G52: =IF(E52<30,E52, " ") -> 0 | M52: =SUM(H52:L52) -> 0 | N52: =M52/M$9*100 -> 0 | AJ52: =SUM(O52:AI52) -> 0 | AK52: =AJ52/AJ$9*100 -> 0 | BG52: =SUM(AL52:BF52) -> 0 | BH52: =BG52/BG$9*100 -> 0 | CJ52: =SUM(BI52:CI52) -> 0 | CK52: =CJ52/CJ$9*100 -> 0 | CY52: =SUM(CL52:CX52) -> 0 | CZ52: =CY52/CY$9*100 -> 0 | DS52: =SUM(DA52:DR52) -> 0 | DT52: =DS52/DS$9*100 -> #DIV/0!
A53: 44 | B53: 0827CY241044 | C53: NEERAJ DAYMA | D53: =SUM(M53+AJ53+BG53+CJ53+CY53) -> 2 | E53: =(D53)/D$9*100 -> 4.4444444 | F53: =IF(E53<50,E53, " ") -> 4.4444444 | G53: =IF(E53<30,E53, " ") -> 4.4444444 | M53: =SUM(H53:L53) -> 0 | N53: =M53/M$9*100 -> 0 | AJ53: =SUM(O53:AI53) -> 0 | AK53: =AJ53/AJ$9*100 -> 0 | BG53: =SUM(AL53:BF53) -> 0 | BH53: =BG53/BG$9*100 -> 0 | BX53: 1 | BY53: 1 | CJ53: =SUM(BI53:CI53) -> 2 | CK53: =CJ53/CJ$9*100 -> 18.181818 | CY53: =SUM(CL53:CX53) -> 0 | CZ53: =CY53/CY$9*100 -> 0 | DS53: =SUM(DA53:DR53) -> 0 | DT53: =DS53/DS$9*100 -> #DIV/0!
A54: 45 | B54: 0827CY241045 | C54: NIKHIL CHOUDHARY | D54: =SUM(M54+AJ54+BG54+CJ54+CY54) -> 13 | E54: =(D54)/D$9*100 -> 28.888889 | F54: =IF(E54<50,E54, " ") -> 28.888889 | G54: =IF(E54<30,E54, " ") -> 28.888889 | M54: =SUM(H54:L54) -> 0 | N54: =M54/M$9*100 -> 0 | W54: 1 | X54: 1 | AH54: 1 | AJ54: =SUM(O54:AI54) -> 3 | AK54: =AJ54/AJ$9*100 -> 23.076923 | AL54: 1 | AO54: 1 | BG54: =SUM(AL54:BF54) -> 2 | BH54: =BG54/BG$9*100 -> 14.285714 | BX54: 1 | BY54: 1 | CC54: 1 | CD54: 1 | CE54: 1 | CF54: 1 | CG54: 1 | CH54: 1 | CJ54: =SUM(BI54:CI54) -> 8 | CK54: =CJ54/CJ$9*100 -> 72.727273 | CY54: =SUM(CL54:CX54) -> 0 | CZ54: =CY54/CY$9*100 -> 0 | DS54: =SUM(DA54:DR54) -> 0 | DT54: =DS54/DS$9*100 -> #DIV/0!
A55: 46 | B55: 0827CY241046 | C55: NITIN PATIDAR | D55: =SUM(M55+AJ55+BG55+CJ55+CY55) -> 0 | E55: =(D55)/D$9*100 -> 0 | F55: =IF(E55<50,E55, " ") -> 0 | G55: =IF(E55<30,E55, " ") -> 0 | M55: =SUM(H55:L55) -> 0 | N55: =M55/M$9*100 -> 0 | AJ55: =SUM(O55:AI55) -> 0 | AK55: =AJ55/AJ$9*100 -> 0 | BG55: =SUM(AL55:BF55) -> 0 | BH55: =BG55/BG$9*100 -> 0 | CJ55: =SUM(BI55:CI55) -> 0 | CK55: =CJ55/CJ$9*100 -> 0 | CY55: =SUM(CL55:CX55) -> 0 | CZ55: =CY55/CY$9*100 -> 0 | DS55: =SUM(DA55:DR55) -> 0 | DT55: =DS55/DS$9*100 -> #DIV/0!
A56: 47 | B56: 0827CY241047 | C56: NITIN SINGH RAGHUWANSHI | D56: =SUM(M56+AJ56+BG56+CJ56+CY56) -> 17 | E56: =(D56)/D$9*100 -> 37.777778 | F56: =IF(E56<50,E56, " ") -> 37.777778 | G56: =IF(E56<30,E56, " ") | M56: =SUM(H56:L56) -> 0 | N56: =M56/M$9*100 -> 0 | Y56: 1 | AA56: 1 | AB56: 1 | AD56: 1 | AE56: 1 | AF56: 1 | AH56: 1 | AI56: 1 | AJ56: =SUM(O56:AI56) -> 8 | AK56: =AJ56/AJ$9*100 -> 61.538462 | AM56: 1 | AN56: 1 | AO56: 1 | AP56: 1 | BG56: =SUM(AL56:BF56) -> 4 | BH56: =BG56/BG$9*100 -> 28.571429 | CE56: 1 | CF56: 1 | CG56: 1 | CH56: 1 | CJ56: =SUM(BI56:CI56) -> 4 | CK56: =CJ56/CJ$9*100 -> 36.363636 | CQ56: 1 | CY56: =SUM(CL56:CX56) -> 1 | CZ56: =CY56/CY$9*100 -> 20 | DS56: =SUM(DA56:DR56) -> 0 | DT56: =DS56/DS$9*100 -> #DIV/0!
A57: 48 | B57: 0827CY241048 | C57: PRANAY GOYAL | D57: =SUM(M57+AJ57+BG57+CJ57+CY57) -> 41 | E57: =(D57)/D$9*100 -> 91.111111 | F57: =IF(E57<50,E57, " ") | G57: =IF(E57<30,E57, " ") | M57: =SUM(H57:L57) -> 0 | N57: =M57/M$9*100 -> 0 | W57: 1 | X57: 1 | Y57: 1 | Z57: 1 | AA57: 1 | AB57: 1 | AC57: 1 | AD57: 1 | AE57: 1 | AF57: 1 | AG57: 1 | AH57: 1 | AJ57: =SUM(O57:AI57) -> 12 | AK57: =AJ57/AJ$9*100 -> 92.307692 | AL57: 1 | AM57: 1 | AN57: 1 | AO57: 1 | AP57: 1 | AQ57: 1 | AR57: 1 | AT57: 1 | AU57: 1 | BB57: 1 | BC57: 1 | BD57: 1 | BF57: 1 | BG57: =SUM(AL57:BF57) -> 13 | BH57: =BG57/BG$9*100 -> 92.857143 | BL57: 1 | BX57: 1 | BY57: 1 | CA57: 1 | CB57: 1 | CC57: 1 | CD57: 1 | CE57: 1 | CF57: 1 | CG57: 1 | CH57: 1 | CJ57: =SUM(BI57:CI57) -> 11 | CK57: =CJ57/CJ$9*100 -> 100 | CL57: 1 | CM57: 1 | CN57: 1 | CO57: 1 | CQ57: 1 | CY57: =SUM(CL57:CX57) -> 5 | CZ57: =CY57/CY$9*100 -> 100 | DS57: =SUM(DA57:DR57) -> 0 | DT57: =DS57/DS$9*100 -> #DIV/0!
A58: 49 | B58: 0827CY241049 | C58: PRAYANSH DIXIT | D58: =SUM(M58+AJ58+BG58+CJ58+CY58) -> 13 | E58: =(D58)/D$9*100 -> 28.888889 | F58: =IF(E58<50,E58, " ") -> 28.888889 | G58: =IF(E58<30,E58, " ") -> 28.888889 | M58: =SUM(H58:L58) -> 0 | N58: =M58/M$9*100 -> 0 | X58: 1 | Z58: 1 | AC58: 1 | AG58: 1 | AJ58: =SUM(O58:AI58) -> 4 | AK58: =AJ58/AJ$9*100 -> 30.769231 | AL58: 1 | AM58: 1 | AN58: 1 | AO58: 1 | AP58: 1 | AQ58: 1 | AT58: 1 | AU58: 1 | BD58: 1 | BG58: =SUM(AL58:BF58) -> 9 | BH58: =BG58/BG$9*100 -> 64.285714 | CJ58: =SUM(BI58:CI58) -> 0 | CK58: =CJ58/CJ$9*100 -> 0 | CY58: =SUM(CL58:CX58) -> 0 | CZ58: =CY58/CY$9*100 -> 0 | DS58: =SUM(DA58:DR58) -> 0 | DT58: =DS58/DS$9*100 -> #DIV/0!
A59: 50 | B59: 0827CY241050 | C59: PRIYANSH SONI | D59: =SUM(M59+AJ59+BG59+CJ59+CY59) -> 7 | E59: =(D59)/D$9*100 -> 15.555556 | F59: =IF(E59<50,E59, " ") -> 15.555556 | G59: =IF(E59<30,E59, " ") -> 15.555556 | M59: =SUM(H59:L59) -> 0 | N59: =M59/M$9*100 -> 0 | X59: 1 | Z59: 1 | AC59: 1 | AG59: 1 | AJ59: =SUM(O59:AI59) -> 4 | AK59: =AJ59/AJ$9*100 -> 30.769231 | BD59: 1 | BG59: =SUM(AL59:BF59) -> 1 | BH59: =BG59/BG$9*100 -> 7.1428571 | CC59: 1 | CD59: 1 | CJ59: =SUM(BI59:CI59) -> 2 | CK59: =CJ59/CJ$9*100 -> 18.181818 | CY59: =SUM(CL59:CX59) -> 0 | CZ59: =CY59/CY$9*100 -> 0 | DS59: =SUM(DA59:DR59) -> 0 | DT59: =DS59/DS$9*100 -> #DIV/0!
A60: 51 | B60: 0827CY241051 | C60: RAGHAV AGRAWAL | D60: =SUM(M60+AJ60+BG60+CJ60+CY60) -> 13 | E60: =(D60)/D$9*100 -> 28.888889 | F60: =IF(E60<50,E60, " ") -> 28.888889 | G60: =IF(E60<30,E60, " ") -> 28.888889 | M60: =SUM(H60:L60) -> 0 | N60: =M60/M$9*100 -> 0 | X60: 1 | AB60: 1 | AH60: 1 | AJ60: =SUM(O60:AI60) -> 3 | AK60: =AJ60/AJ$9*100 -> 23.076923 | AO60: 1 | AR60: 1 | BG60: =SUM(AL60:BF60) -> 2 | BH60: =BG60/BG$9*100 -> 14.285714 | BX60: 1 | BY60: 1 | CA60: 1 | CB60: 1 | CG60: 1 | CH60: 1 | CJ60: =SUM(BI60:CI60) -> 6 | CK60: =CJ60/CJ$9*100 -> 54.545455 | CN60: 1 | CO60: 1 | CY60: =SUM(CL60:CX60) -> 2 | CZ60: =CY60/CY$9*100 -> 40 | DS60: =SUM(DA60:DR60) -> 0 | DT60: =DS60/DS$9*100 -> #DIV/0!
A61: 52 | B61: 0827CY241052 | C61: RAJ AICH | D61: =SUM(M61+AJ61+BG61+CJ61+CY61) -> 13 | E61: =(D61)/D$9*100 -> 28.888889 | F61: =IF(E61<50,E61, " ") -> 28.888889 | G61: =IF(E61<30,E61, " ") -> 28.888889 | M61: =SUM(H61:L61) -> 0 | N61: =M61/M$9*100 -> 0 | Y61: 1 | AA61: 1 | AC61: 1 | AF61: 1 | AG61: 1 | AH61: 1 | AJ61: =SUM(O61:AI61) -> 6 | AK61: =AJ61/AJ$9*100 -> 46.153846 | AM61: 1 | BB61: 1 | BF61: 1 | BG61: =SUM(AL61:BF61) -> 3 | BH61: =BG61/BG$9*100 -> 21.428571 | CA61: 1 | CB61: 1 | CJ61: =SUM(BI61:CI61) -> 2 | CK61: =CJ61/CJ$9*100 -> 18.181818 | CN61: 1 | CO61: 1 | CY61: =SUM(CL61:CX61) -> 2 | CZ61: =CY61/CY$9*100 -> 40 | DS61: =SUM(DA61:DR61) -> 0 | DT61: =DS61/DS$9*100 -> #DIV/0!
A62: 53 | B62: 0827CY241053 | C62: RAJ PADIYAR | D62: =SUM(M62+AJ62+BG62+CJ62+CY62) -> 30 | E62: =(D62)/D$9*100 -> 66.666667 | F62: =IF(E62<50,E62, " ") | G62: =IF(E62<30,E62, " ") | H62: 1 | J62: 1 | M62: =SUM(H62:L62) -> 2 | N62: =M62/M$9*100 -> 100 | W62: 1 | X62: 1 | Y62: 1 | Z62: 1 | AA62: 1 | AC62: 1 | AD62: 1 | AG62: 1 | AH62: 1 | AJ62: =SUM(O62:AI62) -> 9 | AK62: =AJ62/AJ$9*100 -> 69.230769 | AM62: 1 | AN62: 1 | AO62: 1 | AP62: 1 | AQ62: 1 | AR62: 1 | BB62: 1 | BC62: 1 | BD62: 1 | BE62: 1 | BF62: 1 | BG62: =SUM(AL62:BF62) -> 11 | BH62: =BG62/BG$9*100 -> 78.571429 | BL62: 1 | CE62: 1 | CF62: 1 | CJ62: =SUM(BI62:CI62) -> 3 | CK62: =CJ62/CJ$9*100 -> 27.272727 | CL62: 1 | CM62: 1 | CN62: 1 | CO62: 1 | CQ62: 1 | CY62: =SUM(CL62:CX62) -> 5 | CZ62: =CY62/CY$9*100 -> 100 | DS62: =SUM(DA62:DR62) -> 0 | DT62: =DS62/DS$9*100 -> #DIV/0!
A63: 54 | B63: 0827CY241054 | C63: RAJDEEP SINGH KELWA | D63: =SUM(M63+AJ63+BG63+CJ63+CY63) -> 14 | E63: =(D63)/D$9*100 -> 31.111111 | F63: =IF(E63<50,E63, " ") -> 31.111111 | G63: =IF(E63<30,E63, " ") | M63: =SUM(H63:L63) -> 0 | N63: =M63/M$9*100 -> 0 | AJ63: =SUM(O63:AI63) -> 0 | AK63: =AJ63/AJ$9*100 -> 0 | AT63: 1 | AU63: 1 | BB63: 1 | BD63: 1 | BE63: 1 | BF63: 1 | BG63: =SUM(AL63:BF63) -> 6 | BH63: =BG63/BG$9*100 -> 42.857143 | BL63: 1 | CA63: 1 | CB63: 1 | CC63: 1 | CD63: 1 | CJ63: =SUM(BI63:CI63) -> 5 | CK63: =CJ63/CJ$9*100 -> 45.454545 | CN63: 1 | CO63: 1 | CQ63: 1 | CY63: =SUM(CL63:CX63) -> 3 | CZ63: =CY63/CY$9*100 -> 60 | DS63: =SUM(DA63:DR63) -> 0 | DT63: =DS63/DS$9*100 -> #DIV/0!
A64: 55 | B64: 0827CY241055 | C64: RAJKARAN | D64: =SUM(M64+AJ64+BG64+CJ64+CY64) -> 6 | E64: =(D64)/D$9*100 -> 13.333333 | F64: =IF(E64<50,E64, " ") -> 13.333333 | G64: =IF(E64<30,E64, " ") -> 13.333333 | M64: =SUM(H64:L64) -> 0 | N64: =M64/M$9*100 -> 0 | AB64: 1 | AC64: 1 | AG64: 1 | AJ64: =SUM(O64:AI64) -> 3 | AK64: =AJ64/AJ$9*100 -> 23.076923 | AO64: 1 | BC64: 1 | BD64: 1 | BG64: =SUM(AL64:BF64) -> 3 | BH64: =BG64/BG$9*100 -> 21.428571 | CJ64: =SUM(BI64:CI64) -> 0 | CK64: =CJ64/CJ$9*100 -> 0 | CY64: =SUM(CL64:CX64) -> 0 | CZ64: =CY64/CY$9*100 -> 0 | DS64: =SUM(DA64:DR64) -> 0 | DT64: =DS64/DS$9*100 -> #DIV/0!
A65: 56 | B65: 0827CY241056 | C65: RISHIKA JOSHI | D65: =SUM(M65+AJ65+BG65+CJ65+CY65) -> 19 | E65: =(D65)/D$9*100 -> 42.222222 | F65: =IF(E65<50,E65, " ") -> 42.222222 | G65: =IF(E65<30,E65, " ") | M65: =SUM(H65:L65) -> 0 | N65: =M65/M$9*100 -> 0 | X65: 1 | Z65: 1 | AF65: 1 | AJ65: =SUM(O65:AI65) -> 3 | AK65: =AJ65/AJ$9*100 -> 23.076923 | AM65: 1 | AR65: 1 | AT65: 1 | AU65: 1 | BG65: =SUM(AL65:BF65) -> 4 | BH65: =BG65/BG$9*100 -> 28.571429 | BL65: 1 | BX65: 1 | BY65: 1 | CA65: 1 | CB65: 1 | CG65: 1 | CH65: 1 | CJ65: =SUM(BI65:CI65) -> 7 | CK65: =CJ65/CJ$9*100 -> 63.636364 | CL65: 1 | CM65: 1 | CN65: 1 | CO65: 1 | CQ65: 1 | CY65: =SUM(CL65:CX65) -> 5 | CZ65: =CY65/CY$9*100 -> 100 | DS65: =SUM(DA65:DR65) -> 0 | DT65: =DS65/DS$9*100 -> #DIV/0!
A66: 57 | B66: 0827CY241057 | C66: ROHIT PATEL | D66: =SUM(M66+AJ66+BG66+CJ66+CY66) -> 7 | E66: =(D66)/D$9*100 -> 15.555556 | F66: =IF(E66<50,E66, " ") -> 15.555556 | G66: =IF(E66<30,E66, " ") -> 15.555556 | M66: =SUM(H66:L66) -> 0 | N66: =M66/M$9*100 -> 0 | AF66: 1 | AH66: 1 | AI66: 1 | AJ66: =SUM(O66:AI66) -> 3 | AK66: =AJ66/AJ$9*100 -> 23.076923 | AL66: 1 | AO66: 1 | AT66: 1 | AU66: 1 | BG66: =SUM(AL66:BF66) -> 4 | BH66: =BG66/BG$9*100 -> 28.571429 | CJ66: =SUM(BI66:CI66) -> 0 | CK66: =CJ66/CJ$9*100 -> 0 | CY66: =SUM(CL66:CX66) -> 0 | CZ66: =CY66/CY$9*100 -> 0 | DS66: =SUM(DA66:DR66) -> 0 | DT66: =DS66/DS$9*100 -> #DIV/0!
A67: 58 | B67: 0827CY241058 | C67: SALONI CHOUHAN | D67: =SUM(M67+AJ67+BG67+CJ67+CY67) -> 31 | E67: =(D67)/D$9*100 -> 68.888889 | F67: =IF(E67<50,E67, " ") | G67: =IF(E67<30,E67, " ") | M67: =SUM(H67:L67) -> 0 | N67: =M67/M$9*100 -> 0 | W67: 1 | X67: 1 | Y67: 1 | AA67: 1 | AB67: 1 | AC67: 1 | AD67: 1 | AG67: 1 | AI67: 1 | AJ67: =SUM(O67:AI67) -> 9 | AK67: =AJ67/AJ$9*100 -> 69.230769 | AL67: 1 | AN67: 1 | AO67: 1 | AP67: 1 | AQ67: 1 | AR67: 1 | AT67: 1 | AU67: 1 | BC67: 1 | BD67: 1 | BE67: 1 | BG67: =SUM(AL67:BF67) -> 11 | BH67: =BG67/BG$9*100 -> 78.571429 | CA67: 1 | CB67: 1 | CC67: 1 | CD67: 1 | CG67: 1 | CH67: 1 | CJ67: =SUM(BI67:CI67) -> 6 | CK67: =CJ67/CJ$9*100 -> 54.545455 | CL67: 1 | CM67: 1 | CN67: 1 | CO67: 1 | CQ67: 1 | CY67: =SUM(CL67:CX67) -> 5 | CZ67: =CY67/CY$9*100 -> 100 | DS67: =SUM(DA67:DR67) -> 0 | DT67: =DS67/DS$9*100 -> #DIV/0!
A68: 59 | B68: 0827CY241059 | C68: SAMRIDHI JHAVER | D68: =SUM(M68+AJ68+BG68+CJ68+CY68) -> 17 | E68: =(D68)/D$9*100 -> 37.777778 | F68: =IF(E68<50,E68, " ") -> 37.777778 | G68: =IF(E68<30,E68, " ") | M68: =SUM(H68:L68) -> 0 | N68: =M68/M$9*100 -> 0 | Y68: 1 | AA68: 1 | AF68: 1 | AH68: 1 | AJ68: =SUM(O68:AI68) -> 4 | AK68: =AJ68/AJ$9*100 -> 30.769231 | AM68: 1 | AN68: 1 | AP68: 1 | AQ68: 1 | BB68: 1 | BC68: 1 | BE68: 1 | BG68: =SUM(AL68:BF68) -> 7 | BH68: =BG68/BG$9*100 -> 50 | BL68: 1 | CC68: 1 | CD68: 1 | CJ68: =SUM(BI68:CI68) -> 3 | CK68: =CJ68/CJ$9*100 -> 27.272727 | CN68: 1 | CO68: 1 | CQ68: 1 | CY68: =SUM(CL68:CX68) -> 3 | CZ68: =CY68/CY$9*100 -> 60 | DS68: =SUM(DA68:DR68) -> 0 | DT68: =DS68/DS$9*100 -> #DIV/0!
A69: 60 | B69: 0827CY241060 | C69: SANSKRATI YADAV | D69: =SUM(M69+AJ69+BG69+CJ69+CY69) -> 33 | E69: =(D69)/D$9*100 -> 73.333333 | F69: =IF(E69<50,E69, " ") | G69: =IF(E69<30,E69, " ") | H69: 1 | M69: =SUM(H69:L69) -> 1 | N69: =M69/M$9*100 -> 50 | W69: 1 | X69: 1 | AB69: 1 | AD69: 1 | AI69: 1 | AJ69: =SUM(O69:AI69) -> 5 | AK69: =AJ69/AJ$9*100 -> 38.461538 | AL69: 1 | AM69: 1 | AN69: 1 | AO69: 1 | AP69: 1 | AQ69: 1 | AR69: 1 | AT69: 1 | AU69: 1 | BB69: 1 | BD69: 1 | BG69: =SUM(AL69:BF69) -> 11 | BH69: =BG69/BG$9*100 -> 78.571429 | BL69: 1 | BX69: 1 | BY69: 1 | CA69: 1 | CB69: 1 | CC69: 1 | CD69: 1 | CE69: 1 | CF69: 1 | CG69: 1 | CH69: 1 | CJ69: =SUM(BI69:CI69) -> 11 | CK69: =CJ69/CJ$9*100 -> 100 | CL69: 1 | CM69: 1 | CN69: 1 | CO69: 1 | CQ69: 1 | CY69: =SUM(CL69:CX69) -> 5 | CZ69: =CY69/CY$9*100 -> 100 | DS69: =SUM(DA69:DR69) -> 0 | DT69: =DS69/DS$9*100 -> #DIV/0!
A70: 61 | B70: 0827CY241061 | C70: SANYAM JAIN | D70: =SUM(M70+AJ70+BG70+CJ70+CY70) -> 22 | E70: =(D70)/D$9*100 -> 48.888889 | F70: =IF(E70<50,E70, " ") -> 48.888889 | G70: =IF(E70<30,E70, " ") | M70: =SUM(H70:L70) -> 0 | N70: =M70/M$9*100 -> 0 | X70: 1 | Y70: 1 | AA70: 1 | AB70: 1 | AD70: 1 | AH70: 1 | AJ70: =SUM(O70:AI70) -> 6 | AK70: =AJ70/AJ$9*100 -> 46.153846 | AL70: 1 | AN70: 1 | AO70: 1 | AP70: 1 | AR70: 1 | BB70: 1 | BE70: 1 | BG70: =SUM(AL70:BF70) -> 7 | BH70: =BG70/BG$9*100 -> 50 | CE70: 1 | CF70: 1 | CG70: 1 | CH70: 1 | CJ70: =SUM(BI70:CI70) -> 4 | CK70: =CJ70/CJ$9*100 -> 36.363636 | CL70: 1 | CM70: 1 | CN70: 1 | CO70: 1 | CQ70: 1 | CY70: =SUM(CL70:CX70) -> 5 | CZ70: =CY70/CY$9*100 -> 100 | DS70: =SUM(DA70:DR70) -> 0 | DT70: =DS70/DS$9*100 -> #DIV/0!
A71: 62 | B71: 0827CY241062 | C71: SHAMBHAVI PANDIT | D71: =SUM(M71+AJ71+BG71+CJ71+CY71) -> 25 | E71: =(D71)/D$9*100 -> 55.555556 | F71: =IF(E71<50,E71, " ") | G71: =IF(E71<30,E71, " ") | M71: =SUM(H71:L71) -> 0 | N71: =M71/M$9*100 -> 0 | W71: 1 | X71: 1 | Z71: 1 | AC71: 1 | AD71: 1 | AG71: 1 | AH71: 1 | AJ71: =SUM(O71:AI71) -> 7 | AK71: =AJ71/AJ$9*100 -> 53.846154 | AL71: 1 | AM71: 1 | AO71: 1 | AR71: 1 | BD71: 1 | BF71: 1 | BG71: =SUM(AL71:BF71) -> 6 | BH71: =BG71/BG$9*100 -> 42.857143 | BL71: 1 | BX71: 1 | BY71: 1 | CA71: 1 | CB71: 1 | CE71: 1 | CF71: 1 | CJ71: =SUM(BI71:CI71) -> 7 | CK71: =CJ71/CJ$9*100 -> 63.636364 | CL71: 1 | CM71: 1 | CN71: 1 | CO71: 1 | CQ71: 1 | CY71: =SUM(CL71:CX71) -> 5 | CZ71: =CY71/CY$9*100 -> 100 | DS71: =SUM(DA71:DR71) -> 0 | DT71: =DS71/DS$9*100 -> #DIV/0!
A72: 63 | B72: 0827CY241063 | C72: SHREYANSH TIWARI | D72: =SUM(M72+AJ72+BG72+CJ72+CY72) -> 14 | E72: =(D72)/D$9*100 -> 31.111111 | F72: =IF(E72<50,E72, " ") -> 31.111111 | G72: =IF(E72<30,E72, " ") | M72: =SUM(H72:L72) -> 0 | N72: =M72/M$9*100 -> 0 | W72: 1 | X72: 1 | Y72: 1 | AA72: 1 | AB72: 1 | AD72: 1 | AI72: 1 | AJ72: =SUM(O72:AI72) -> 7 | AK72: =AJ72/AJ$9*100 -> 53.846154 | AM72: 1 | AR72: 1 | BG72: =SUM(AL72:BF72) -> 2 | BH72: =BG72/BG$9*100 -> 14.285714 | BL72: 1 | BX72: 1 | BY72: 1 | CJ72: =SUM(BI72:CI72) -> 3 | CK72: =CJ72/CJ$9*100 -> 27.272727 | CN72: 1 | CO72: 1 | CY72: =SUM(CL72:CX72) -> 2 | CZ72: =CY72/CY$9*100 -> 40 | DS72: =SUM(DA72:DR72) -> 0 | DT72: =DS72/DS$9*100 -> #DIV/0!
A73: 64 | B73: 0827CY241064 | C73: SHUBH KHARE | D73: =SUM(M73+AJ73+BG73+CJ73+CY73) -> 0 | E73: =(D73)/D$9*100 -> 0 | F73: =IF(E73<50,E73, " ") -> 0 | G73: =IF(E73<30,E73, " ") -> 0 | M73: =SUM(H73:L73) -> 0 | N73: =M73/M$9*100 -> 0 | AJ73: =SUM(O73:AI73) -> 0 | AK73: =AJ73/AJ$9*100 -> 0 | BG73: =SUM(AL73:BF73) -> 0 | BH73: =BG73/BG$9*100 -> 0 | CJ73: =SUM(BI73:CI73) -> 0 | CK73: =CJ73/CJ$9*100 -> 0 | CY73: =SUM(CL73:CX73) -> 0 | CZ73: =CY73/CY$9*100 -> 0 | DS73: =SUM(DA73:DR73) -> 0 | DT73: =DS73/DS$9*100 -> #DIV/0!
A74: 65 | B74: 0827CY241065 | C74: SOMYA JAISWAL | D74: =SUM(M74+AJ74+BG74+CJ74+CY74) -> 19 | E74: =(D74)/D$9*100 -> 42.222222 | F74: =IF(E74<50,E74, " ") -> 42.222222 | G74: =IF(E74<30,E74, " ") | M74: =SUM(H74:L74) -> 0 | N74: =M74/M$9*100 -> 0 | W74: 1 | X74: 1 | Z74: 1 | AB74: 1 | AC74: 1 | AG74: 1 | AJ74: =SUM(O74:AI74) -> 6 | AK74: =AJ74/AJ$9*100 -> 46.153846 | AL74: 1 | AN74: 1 | AO74: 1 | AP74: 1 | AT74: 1 | AU74: 1 | BG74: =SUM(AL74:BF74) -> 6 | BH74: =BG74/BG$9*100 -> 42.857143 | BL74: 1 | CA74: 1 | CB74: 1 | CE74: 1 | CF74: 1 | CJ74: =SUM(BI74:CI74) -> 5 | CK74: =CJ74/CJ$9*100 -> 45.454545 | CN74: 1 | CO74: 1 | CY74: =SUM(CL74:CX74) -> 2 | CZ74: =CY74/CY$9*100 -> 40 | DS74: =SUM(DA74:DR74) -> 0 | DT74: =DS74/DS$9*100 -> #DIV/0!
A75: 66 | B75: 0827CY241066 | C75: SPARSH SIGGA JAT | D75: =SUM(M75+AJ75+BG75+CJ75+CY75) -> 33 | E75: =(D75)/D$9*100 -> 73.333333 | F75: =IF(E75<50,E75, " ") | G75: =IF(E75<30,E75, " ") | H75: 1 | M75: =SUM(H75:L75) -> 1 | N75: =M75/M$9*100 -> 50 | W75: 1 | X75: 1 | Y75: 1 | Z75: 1 | AA75: 1 | AC75: 1 | AD75: 1 | AG75: 1 | AI75: 1 | AJ75: =SUM(O75:AI75) -> 9 | AK75: =AJ75/AJ$9*100 -> 69.230769 | AL75: 1 | AM75: 1 | AO75: 1 | AR75: 1 | AT75: 1 | AU75: 1 | BB75: 1 | BC75: 1 | BD75: 1 | BG75: =SUM(AL75:BF75) -> 9 | BH75: =BG75/BG$9*100 -> 64.285714 | BL75: 1 | BX75: 1 | BY75: 1 | CC75: 1 | CD75: 1 | CE75: 1 | CF75: 1 | CG75: 1 | CH75: 1 | CJ75: =SUM(BI75:CI75) -> 9 | CK75: =CJ75/CJ$9*100 -> 81.818182 | CL75: 1 | CM75: 1 | CN75: 1 | CO75: 1 | CQ75: 1 | CY75: =SUM(CL75:CX75) -> 5 | CZ75: =CY75/CY$9*100 -> 100 | DS75: =SUM(DA75:DR75) -> 0 | DT75: =DS75/DS$9*100 -> #DIV/0!
A76: 67 | B76: 0827CY241067 | C76: TANISH JAISWAL | D76: =SUM(M76+AJ76+BG76+CJ76+CY76) -> 21 | E76: =(D76)/D$9*100 -> 46.666667 | F76: =IF(E76<50,E76, " ") -> 46.666667 | G76: =IF(E76<30,E76, " ") | M76: =SUM(H76:L76) -> 0 | N76: =M76/M$9*100 -> 0 | W76: 1 | X76: 1 | Z76: 1 | AB76: 1 | AH76: 1 | AJ76: =SUM(O76:AI76) -> 5 | AK76: =AJ76/AJ$9*100 -> 38.461538 | AL76: 1 | AN76: 1 | AO76: 1 | AP76: 1 | BG76: =SUM(AL76:BF76) -> 4 | BH76: =BG76/BG$9*100 -> 28.571429 | BX76: 1 | BY76: 1 | CA76: 1 | CB76: 1 | CC76: 1 | CD76: 1 | CE76: 1 | CF76: 1 | CG76: 1 | CH76: 1 | CJ76: =SUM(BI76:CI76) -> 10 | CK76: =CJ76/CJ$9*100 -> 90.909091 | CN76: 1 | CO76: 1 | CY76: =SUM(CL76:CX76) -> 2 | CZ76: =CY76/CY$9*100 -> 40 | DS76: =SUM(DA76:DR76) -> 0 | DT76: =DS76/DS$9*100 -> #DIV/0!
A77: 68 | B77: 0827CY241068 | C77: TANISHK MALVIYA | D77: =SUM(M77+AJ77+BG77+CJ77+CY77) -> 21 | E77: =(D77)/D$9*100 -> 46.666667 | F77: =IF(E77<50,E77, " ") -> 46.666667 | G77: =IF(E77<30,E77, " ") | M77: =SUM(H77:L77) -> 0 | N77: =M77/M$9*100 -> 0 | Y77: 1 | Z77: 1 | AA77: 1 | AB77: 1 | AC77: 1 | AG77: 1 | AH77: 1 | AI77: 1 | AJ77: =SUM(O77:AI77) -> 8 | AK77: =AJ77/AJ$9*100 -> 61.538462 | AL77: 1 | AM77: 1 | AN77: 1 | AP77: 1 | AR77: 1 | AT77: 1 | AU77: 1 | BC77: 1 | BG77: =SUM(AL77:BF77) -> 8 | BH77: =BG77/BG$9*100 -> 57.142857 | BX77: 1 | BY77: 1 | CJ77: =SUM(BI77:CI77) -> 2 | CK77: =CJ77/CJ$9*100 -> 18.181818 | CN77: 1 | CO77: 1 | CQ77: 1 | CY77: =SUM(CL77:CX77) -> 3 | CZ77: =CY77/CY$9*100 -> 60 | DS77: =SUM(DA77:DR77) -> 0 | DT77: =DS77/DS$9*100 -> #DIV/0!
A78: 69 | B78: 0827CY241069 | C78: UNNATI RAMI | D78: =SUM(M78+AJ78+BG78+CJ78+CY78) -> 7 | E78: =(D78)/D$9*100 -> 15.555556 | F78: =IF(E78<50,E78, " ") -> 15.555556 | G78: =IF(E78<30,E78, " ") -> 15.555556 | M78: =SUM(H78:L78) -> 0 | N78: =M78/M$9*100 -> 0 | X78: 1 | Y78: 1 | Z78: 1 | AA78: 1 | AB78: 1 | AE78: 1 | AJ78: =SUM(O78:AI78) -> 6 | AK78: =AJ78/AJ$9*100 -> 46.153846 | BG78: =SUM(AL78:BF78) -> 0 | BH78: =BG78/BG$9*100 -> 0 | CJ78: =SUM(BI78:CI78) -> 0 | CK78: =CJ78/CJ$9*100 -> 0 | CQ78: 1 | CY78: =SUM(CL78:CX78) -> 1 | CZ78: =CY78/CY$9*100 -> 20 | DS78: =SUM(DA78:DR78) -> 0 | DT78: =DS78/DS$9*100 -> #DIV/0!
A79: 70 | B79: 0827CY241070 | C79: URVASHI MISAL | D79: =SUM(M79+AJ79+BG79+CJ79+CY79) -> 25 | E79: =(D79)/D$9*100 -> 55.555556 | F79: =IF(E79<50,E79, " ") | G79: =IF(E79<30,E79, " ") | M79: =SUM(H79:L79) -> 0 | N79: =M79/M$9*100 -> 0 | W79: 1 | X79: 1 | Y79: 1 | Z79: 1 | AA79: 1 | AC79: 1 | AD79: 1 | AG79: 1 | AH79: 1 | AI79: 1 | AJ79: =SUM(O79:AI79) -> 10 | AK79: =AJ79/AJ$9*100 -> 76.923077 | AM79: 1 | AN79: 1 | AO79: 1 | AP79: 1 | AR79: 1 | BC79: 1 | BG79: =SUM(AL79:BF79) -> 6 | BH79: =BG79/BG$9*100 -> 42.857143 | BX79: 1 | BY79: 1 | CG79: 1 | CH79: 1 | CJ79: =SUM(BI79:CI79) -> 4 | CK79: =CJ79/CJ$9*100 -> 36.363636 | CL79: 1 | CM79: 1 | CN79: 1 | CO79: 1 | CQ79: 1 | CY79: =SUM(CL79:CX79) -> 5 | CZ79: =CY79/CY$9*100 -> 100 | DS79: =SUM(DA79:DR79) -> 0 | DT79: =DS79/DS$9*100 -> #DIV/0!
A80: 71 | B80: 0827CY241071 | C80: VAGISHA GOYAL | D80: =SUM(M80+AJ80+BG80+CJ80+CY80) -> 27 | E80: =(D80)/D$9*100 -> 60 | F80: =IF(E80<50,E80, " ") | G80: =IF(E80<30,E80, " ") | M80: =SUM(H80:L80) -> 0 | N80: =M80/M$9*100 -> 0 | W80: 1 | X80: 1 | Y80: 1 | Z80: 1 | AA80: 1 | AB80: 1 | AC80: 1 | AD80: 1 | AF80: 1 | AG80: 1 | AI80: 1 | AJ80: =SUM(O80:AI80) -> 11 | AK80: =AJ80/AJ$9*100 -> 84.615385 | AL80: 1 | AM80: 1 | AN80: 1 | AP80: 1 | AR80: 1 | BC80: 1 | BF80: 1 | BG80: =SUM(AL80:BF80) -> 7 | BH80: =BG80/BG$9*100 -> 50 | CA80: 1 | CB80: 1 | CC80: 1 | CD80: 1 | CE80: 1 | CF80: 1 | CJ80: =SUM(BI80:CI80) -> 6 | CK80: =CJ80/CJ$9*100 -> 54.545455 | CN80: 1 | CO80: 1 | CQ80: 1 | CY80: =SUM(CL80:CX80) -> 3 | CZ80: =CY80/CY$9*100 -> 60 | DS80: =SUM(DA80:DR80) -> 0 | DT80: =DS80/DS$9*100 -> #DIV/0!
A81: 72 | B81: 0827CY241072 | C81: VAIDIKA RAI | D81: =SUM(M81+AJ81+BG81+CJ81+CY81) -> 13 | E81: =(D81)/D$9*100 -> 28.888889 | F81: =IF(E81<50,E81, " ") -> 28.888889 | G81: =IF(E81<30,E81, " ") -> 28.888889 | M81: =SUM(H81:L81) -> 0 | N81: =M81/M$9*100 -> 0 | Y81: 1 | AA81: 1 | AB81: 1 | AD81: 1 | AF81: 1 | AG81: 1 | AI81: 1 | AJ81: =SUM(O81:AI81) -> 7 | AK81: =AJ81/AJ$9*100 -> 53.846154 | AM81: 1 | AN81: 1 | AP81: 1 | AR81: 1 | BC81: 1 | BF81: 1 | BG81: =SUM(AL81:BF81) -> 6 | BH81: =BG81/BG$9*100 -> 42.857143 | CJ81: =SUM(BI81:CI81) -> 0 | CK81: =CJ81/CJ$9*100 -> 0 | CY81: =SUM(CL81:CX81) -> 0 | CZ81: =CY81/CY$9*100 -> 0 | DS81: =SUM(DA81:DR81) -> 0 | DT81: =DS81/DS$9*100 -> #DIV/0!
A82: 73 | B82: 0827CY241073 | C82: VANSHIKA CHOUDHARY | D82: =SUM(M82+AJ82+BG82+CJ82+CY82) -> 35 | E82: =(D82)/D$9*100 -> 77.777778 | F82: =IF(E82<50,E82, " ") | G82: =IF(E82<30,E82, " ") | M82: =SUM(H82:L82) -> 0 | N82: =M82/M$9*100 -> 0 | W82: 1 | X82: 1 | Z82: 1 | AB82: 1 | AC82: 1 | AD82: 1 | AG82: 1 | AH82: 1 | AI82: 1 | AJ82: =SUM(O82:AI82) -> 9 | AK82: =AJ82/AJ$9*100 -> 69.230769 | AL82: 1 | AM82: 1 | AN82: 1 | AO82: 1 | AP82: 1 | AQ82: 1 | AR82: 1 | AT82: 1 | AU82: 1 | BC82: 1 | BD82: 1 | BF82: 1 | BG82: =SUM(AL82:BF82) -> 12 | BH82: =BG82/BG$9*100 -> 85.714286 | BL82: 1 | BX82: 1 | BY82: 1 | CA82: 1 | CB82: 1 | CC82: 1 | CD82: 1 | CE82: 1 | CF82: 1 | CJ82: =SUM(BI82:CI82) -> 9 | CK82: =CJ82/CJ$9*100 -> 81.818182 | CL82: 1 | CM82: 1 | CN82: 1 | CO82: 1 | CQ82: 1 | CY82: =SUM(CL82:CX82) -> 5 | CZ82: =CY82/CY$9*100 -> 100 | DS82: =SUM(DA82:DR82) -> 0 | DT82: =DS82/DS$9*100 -> #DIV/0!
A83: 74 | B83: 0827CY241074 | C83: VESHWIK JAIN | D83: =SUM(M83+AJ83+BG83+CJ83+CY83) -> 6 | E83: =(D83)/D$9*100 -> 13.333333 | F83: =IF(E83<50,E83, " ") -> 13.333333 | G83: =IF(E83<30,E83, " ") -> 13.333333 | M83: =SUM(H83:L83) -> 0 | N83: =M83/M$9*100 -> 0 | W83: 1 | AB83: 1 | AC83: 1 | AF83: 1 | AG83: 1 | AJ83: =SUM(O83:AI83) -> 5 | AK83: =AJ83/AJ$9*100 -> 38.461538 | AR83: 1 | BG83: =SUM(AL83:BF83) -> 1 | BH83: =BG83/BG$9*100 -> 7.1428571 | CJ83: =SUM(BI83:CI83) -> 0 | CK83: =CJ83/CJ$9*100 -> 0 | CY83: =SUM(CL83:CX83) -> 0 | CZ83: =CY83/CY$9*100 -> 0 | DS83: =SUM(DA83:DR83) -> 0 | DT83: =DS83/DS$9*100 -> #DIV/0!
A84: 75 | B84: 0827CY241075 | C84: VISHAL JAWRIYA | D84: =SUM(M84+AJ84+BG84+CJ84+CY84) -> 0 | E84: =(D84)/D$9*100 -> 0 | F84: =IF(E84<50,E84, " ") -> 0 | G84: =IF(E84<30,E84, " ") -> 0 | M84: =SUM(H84:L84) -> 0 | N84: =M84/M$9*100 -> 0 | AJ84: =SUM(O84:AI84) -> 0 | AK84: =AJ84/AJ$9*100 -> 0 | BG84: =SUM(AL84:BF84) -> 0 | BH84: =BG84/BG$9*100 -> 0 | CJ84: =SUM(BI84:CI84) -> 0 | CK84: =CJ84/CJ$9*100 -> 0 | CY84: =SUM(CL84:CX84) -> 0 | CZ84: =CY84/CY$9*100 -> 0 | DS84: =SUM(DA84:DR84) -> 0 | DT84: =DS84/DS$9*100 -> #DIV/0!
A85: 76 | B85: 0827CY241076 | C85: YASH LALWANI | D85: =SUM(M85+AJ85+BG85+CJ85+CY85) -> 29 | E85: =(D85)/D$9*100 -> 64.444444 | F85: =IF(E85<50,E85, " ") | G85: =IF(E85<30,E85, " ") | M85: =SUM(H85:L85) -> 0 | N85: =M85/M$9*100 -> 0 | X85: 1 | Y85: 1 | AA85: 1 | AB85: 1 | AC85: 1 | AF85: 1 | AG85: 1 | AI85: 1 | AJ85: =SUM(O85:AI85) -> 8 | AK85: =AJ85/AJ$9*100 -> 61.538462 | AL85: 1 | AM85: 1 | AN85: 1 | AP85: 1 | AQ85: 1 | AR85: 1 | AT85: 1 | AU85: 1 | BC85: 1 | BD85: 1 | BG85: =SUM(AL85:BF85) -> 10 | BH85: =BG85/BG$9*100 -> 71.428571 | CA85: 1 | CB85: 1 | CE85: 1 | CF85: 1 | CG85: 1 | CH85: 1 | CJ85: =SUM(BI85:CI85) -> 6 | CK85: =CJ85/CJ$9*100 -> 54.545455 | CL85: 1 | CM85: 1 | CN85: 1 | CO85: 1 | CQ85: 1 | CY85: =SUM(CL85:CX85) -> 5 | CZ85: =CY85/CY$9*100 -> 100 | DS85: =SUM(DA85:DR85) -> 0 | DT85: =DS85/DS$9*100 -> #DIV/0!
A86: 77 | B86: 0827CY241077 | C86: YASH NAGAR | D86: =SUM(M86+AJ86+BG86+CJ86+CY86) -> 28 | E86: =(D86)/D$9*100 -> 62.222222 | F86: =IF(E86<50,E86, " ") | G86: =IF(E86<30,E86, " ") | M86: =SUM(H86:L86) -> 0 | N86: =M86/M$9*100 -> 0 | W86: 1 | X86: 1 | Y86: 1 | AA86: 1 | AB86: 1 | AD86: 1 | AI86: 1 | AJ86: =SUM(O86:AI86) -> 7 | AK86: =AJ86/AJ$9*100 -> 53.846154 | AL86: 1 | AM86: 1 | AN86: 1 | AP86: 1 | AQ86: 1 | AR86: 1 | AT86: 1 | AU86: 1 | BD86: 1 | BG86: =SUM(AL86:BF86) -> 9 | BH86: =BG86/BG$9*100 -> 64.285714 | BL86: 1 | CA86: 1 | CB86: 1 | CE86: 1 | CF86: 1 | CG86: 1 | CH86: 1 | CJ86: =SUM(BI86:CI86) -> 7 | CK86: =CJ86/CJ$9*100 -> 63.636364 | CL86: 1 | CM86: 1 | CN86: 1 | CO86: 1 | CQ86: 1 | CY86: =SUM(CL86:CX86) -> 5 | CZ86: =CY86/CY$9*100 -> 100 | DS86: =SUM(DA86:DR86) -> 0 | DT86: =DS86/DS$9*100 -> #DIV/0!
A87: 78 | B87: 0827CY241078 | C87: ZAID SHAIKH | D87: =SUM(M87+AJ87+BG87+CJ87+CY87) -> 27 | E87: =(D87)/D$9*100 -> 60 | F87: =IF(E87<50,E87, " ") | G87: =IF(E87<30,E87, " ") | M87: =SUM(H87:L87) -> 0 | N87: =M87/M$9*100 -> 0 | W87: 1 | X87: 1 | AB87: 1 | AC87: 1 | AD87: 1 | AF87: 1 | AG87: 1 | AI87: 1 | AJ87: =SUM(O87:AI87) -> 8 | AK87: =AJ87/AJ$9*100 -> 61.538462 | AL87: 1 | AM87: 1 | AN87: 1 | AO87: 1 | AP87: 1 | AR87: 1 | AT87: 1 | AU87: 1 | BC87: 1 | BG87: =SUM(AL87:BF87) -> 9 | BH87: =BG87/BG$9*100 -> 64.285714 | BL87: 1 | CA87: 1 | CB87: 1 | CG87: 1 | CH87: 1 | CJ87: =SUM(BI87:CI87) -> 5 | CK87: =CJ87/CJ$9*100 -> 45.454545 | CL87: 1 | CM87: 1 | CN87: 1 | CO87: 1 | CQ87: 1 | CY87: =SUM(CL87:CX87) -> 5 | CZ87: =CY87/CY$9*100 -> 100 | DS87: =SUM(DA87:DR87) -> 0 | DT87: =DS87/DS$9*100 -> #DIV/0!
A88: 79 | B88: 0827CY253D01 | C88: HRADAYANSH SINGH SENGAR | D88: =SUM(M88+AJ88+BG88+CJ88+CY88) -> 32 | E88: =(D88)/D$9*100 -> 71.111111 | F88: =IF(E88<50,E88, " ") | G88: =IF(E88<30,E88, " ") | M88: =SUM(H88:L88) -> 0 | N88: =M88/M$9*100 -> 0 | X88: 1 | Y88: 1 | AA88: 1 | AB88: 1 | AD88: 1 | AE88: 1 | AF88: 1 | AG88: 1 | AH88: 1 | AI88: 1 | AJ88: =SUM(O88:AI88) -> 10 | AK88: =AJ88/AJ$9*100 -> 76.923077 | AL88: 1 | AM88: 1 | AN88: 1 | AO88: 1 | AP88: 1 | AR88: 1 | AT88: 1 | AU88: 1 | BB88: 1 | BC88: 1 | BG88: =SUM(AL88:BF88) -> 10 | BH88: =BG88/BG$9*100 -> 71.428571 | BL88: 1 | CA88: 1 | CB88: 1 | CE88: 1 | CF88: 1 | CG88: 1 | CH88: 1 | CJ88: =SUM(BI88:CI88) -> 7 | CK88: =CJ88/CJ$9*100 -> 63.636364 | CL88: 1 | CM88: 1 | CN88: 1 | CO88: 1 | CQ88: 1 | CY88: =SUM(CL88:CX88) -> 5 | CZ88: =CY88/CY$9*100 -> 100 | DS88: =SUM(DA88:DR88) -> 0 | DT88: =DS88/DS$9*100 -> #DIV/0!
A89: 80 | B89: 0827CY253D02 | C89: JAYDEEP MOURYA | D89: =SUM(M89+AJ89+BG89+CJ89+CY89) -> 14 | E89: =(D89)/D$9*100 -> 31.111111 | F89: =IF(E89<50,E89, " ") -> 31.111111 | G89: =IF(E89<30,E89, " ") | M89: =SUM(H89:L89) -> 0 | N89: =M89/M$9*100 -> 0 | W89: 1 | X89: 1 | Z89: 1 | AJ89: =SUM(O89:AI89) -> 3 | AK89: =AJ89/AJ$9*100 -> 23.076923 | AM89: 1 | AN89: 1 | AO89: 1 | AP89: 1 | AR89: 1 | AT89: 1 | AU89: 1 | BG89: =SUM(AL89:BF89) -> 7 | BH89: =BG89/BG$9*100 -> 50 | CG89: 1 | CH89: 1 | CJ89: =SUM(BI89:CI89) -> 2 | CK89: =CJ89/CJ$9*100 -> 18.181818 | CL89: 1 | CM89: 1 | CY89: =SUM(CL89:CX89) -> 2 | CZ89: =CY89/CY$9*100 -> 40 | DS89: =SUM(DA89:DR89) -> 0 | DT89: =DS89/DS$9*100 -> #DIV/0!

Sheet 402 L
A1: CY-402 L
A2: Faculty Name: | C2: Prof. Nidhi Nigam
A3: Subject Name : | C3: Fundamental of Cyber Security
A4: Subject Code : | C4: CY-402
A5: Start Date | C5: 46104
A6: End Date
H7: 1 | I7: 2 | J7: 3 | L7: 4 | O7: 1 | P7: 2 | Q7: 3 | R7: 4 | S7: 5 | T7: 6 | U7: 7 | V7: 8 | W7: 9 | X7: 10 | Y7: 11 | Z7: 12 | AA7: 13 | AB7: 14 | AC7: 15 | AD7: 16 | AE7: 17 | AF7: 18 | AG7: 19 | AH7: 20 | AI7: 21 | AL7: 1 | AM7: 2 | AN7: 3 | AO7: 4 | AP7: 5 | AQ7: 6 | AR7: 7 | AS7: 8 | AT7: 9 | AU7: 10 | AV7: 11 | AW7: 12 | AX7: 13 | AY7: 14 | AZ7: 15 | BA7: 16 | BB7: 17 | BC7: 18 | BD7: 19 | BE7: 20 | BF7: 21 | BI7: 1 | BJ7: 2 | BK7: 3 | BL7: 4 | BM7: 5 | BN7: 6 | BO7: 7 | BP7: 8 | BQ7: 9 | BR7: 10 | BS7: 11 | BT7: 12 | BU7: 13 | BV7: 14 | BW7: 15 | BX7: 16 | BY7: 17 | BZ7: 18 | CA7: 19 | CB7: 20 | CC7: 21 | CD7: 22 | CG7: 1 | CH7: 2 | CI7: 3 | CJ7: 4 | CK7: 5 | CL7: 6 | CM7: 7 | CN7: 8 | CO7: 9 | CP7: 10 | CQ7: 11 | CT7: 1 | CU7: 2 | CV7: 3 | CW7: 4 | CX7: 5
D8: Total Class | E8: OverAll Att. % | F8: Att. 50% | G8: Att. 30% | H8: 46104 | I8: 46105 | J8: 46106 | K8: 46107 | L8: 46111 | M8: MAR CLASS | N8: MAR % | O8: 46113 | P8: 46114 | Q8: 46115 | R8: 46118 | S8: 46119 | T8: 46120 | U8: 46121 | V8: 46122 | W8: 46125 | X8: 46127 | Y8: 46128 | Z8: 46129 | AA8: 46132 | AB8: 46133 | AC8: 46134 | AD8: 46135 | AE8: 46136 | AF8: 46139 | AG8: 46140 | AH8: 46141 | AI8: 46142 | AJ8: APRIL CLASS | AK8: APRIL % | AL8: 46143 | AM8: 46146 | AN8: 46147 | AO8: 46148 | AP8: 46149 | AQ8: 46150 | AR8: 46153 | AS8: 46154 | AT8: 46155 | AU8: 46156 | AV8: 46157 | AW8: 46160 | AX8: 46161 | AY8: 46162 | AZ8: 46163 | BA8: 46164 | BB8: 46167 | BC8: 46168 | BD8: 46169 | BE8: 46170 | BF8: 46171 | BG8: MAY CLASS | BH8: MAY % | BI8: 46174 | BJ8: 46175 | BK8: 46176 | BL8: 46177 | BM8: 46178 | BN8: 46181 | BO8: 46182 | BP8: 46183 | BQ8: 46184 | BR8: 46185 | BS8: 46188 | BT8: 46189 | BU8: 46190 | BV8: 46191 | BW8: 46192 | BX8: 46195 | BY8: 46196 | BZ8: 46197 | CA8: 46198 | CB8: 46199 | CC8: 46202 | CD8: 46203 | CE8: JUNE CLASS | CF8: JUNE % | CG8: 46209 | CH8: 46210 | CR8: JULY CLASS | CS8: JULY % | CZ8: JAN CLASS | DA8: JAN %
A9: S.No. | B9: Enrollment No. | C9: Student Name | D9: =SUM(M9+AJ9+BG9+CE9+CR9) -> 15 | H9: =SUM(H10:H49) -> 5 | I9: =SUM(I10:I49) -> 6 | J9: =SUM(J10:J49) -> 0 | K9: =SUM(K10:K49) -> 0 | L9: =SUM(L10:L49) -> 0 | M9: =COUNTIF(H9:L9,">0") -> 2 | N9: =COUNTIF(H9:L9,">0") -> 2 | O9: =SUM(O10:O49) -> 0 | P9: =SUM(P10:P49) -> 0 | Q9: =SUM(Q10:Q49) -> 0 | R9: =SUM(R10:R49) -> 0 | S9: =SUM(S10:S49) -> 0 | T9: =SUM(T10:T49) -> 0 | U9: =SUM(U10:U49) -> 0 | V9: =SUM(V10:V49) -> 0 | ... AI9: =SUM(AI10:AI49) -> 0 | AJ9: =COUNTIF(O9:AI9,">0") -> 2 | AK9: =SUM(M9+AJ9) -> 4 | AL9: =SUM(AL10:AL49) -> 0 | AM9: =SUM(AM10:AM49) -> 20 | AN9: =SUM(AN10:AN49) -> 18 | AO9: =SUM(AO10:AO49) -> 0 | AP9: =SUM(AP10:AP49) -> 0 | AQ9: =SUM(AQ10:AQ49) -> 0 | AR9: =SUM(AR10:AR49) -> 0 | AS9: =SUM(AS10:AS49) -> 20 | ... BF9: =SUM(BF10:BF49) -> 0 | BG9: =COUNTIF(AL9:BF9,">0") -> 6 | BH9: =SUM(AK9+BG9) -> 10 | BI9: =SUM(BI10:BI49) -> 0 | BJ9: =SUM(BJ10:BJ49) -> 19 | BK9: =SUM(BK10:BK49) -> 0 | BL9: =SUM(BL10:BL49) -> 0 | BM9: =SUM(BM10:BM49) -> 0 | BN9: =SUM(BN10:BN49) -> 0 | BO9: =SUM(BO10:BO49) -> 0 | BP9: =SUM(BP10:BP49) -> 0 | ... CD9: =SUM(CD10:CD49) -> 19 | CE9: =COUNTIF(BI9:CD9,">0") -> 4 | CF9: =SUM(BH9+CE9) -> 14 | CG9: =sum(CG10:CG49) -> 24 | CH9: =SUM(CH10:CH49) -> 7 | CI9: =SUM(CI10:CI49) -> 0 | CJ9: =SUM(CJ10:CJ49) -> 0 | CK9: =SUM(CK10:CK49) -> 0 | CL9: =SUM(CL10:CL49) -> 0 | CM9: =SUM(CM10:CM49) -> 0 | CN9: =SUM(CN10:CN49) -> 0 | CO9: =SUM(CO10:CO49) -> 0 | ... CQ9: =SUM(CQ10:CQ49) -> 0 | CR9: =COUNTIF(CH9:CQ9,">0") -> 1 | CS9: =SUM(CF9+CR9) -> 15 | CT9: =SUM(CT10:CT49) -> 0 | CU9: =SUM(CU10:CU49) -> 0 | CV9: =SUM(CV10:CV49) -> 0 | CW9: =SUM(CW10:CW49) -> 0 | CX9: =SUM(CX10:CX49) -> 0 | CY9: =SUM(CY10:CY49) -> 0 | CZ9: =COUNTIF(CP9:CY9,">0") -> 2 | DA9: =SUM(CO9+CZ9) -> 2
A10: 1 | B10: 0827CY241001 | C10: AASTHA RATHORE | D10: =SUM(M10+AJ10+BG10+CE10+CR10) -> 13 | E10: =(D10)/D$9*100 -> 86.666667 | F10: =IF(E10<50,E10, " ") | G10: =IF(E10<30,E10, " ") | H10: 1 | I10: 1 | M10: =SUM(H10:L10) -> 2 | N10: =M10/M$9*100 -> 100 | AB10: 1 | AF10: 1 | AJ10: =SUM(O10:AI10) -> 2 | AK10: =AJ10/AJ$9*100 -> 100 | AN10: 1 | AS10: 1 | AV10: 1 | AX10: 1 | BC10: 1 | BG10: =SUM(AL10:BF10) -> 5 | BH10: =BG10/BG$9*100 -> 83.333333 | BJ10: 1 | BX10: 1 | BY10: 1 | CD10: 1 | CE10: =SUM(BI10:CD10) -> 4 | CF10: =CE10/CE$9*100 -> 100 | CG10: 1 | CR10: =SUM(CH10:CQ10) -> 0 | CS10: =CR10/CR$9*100 -> 0 | CZ10: =SUM(CP10:CY10) -> 0 | DA10: =CZ10/CZ$9*100 -> 0
A11: 2 | B11: 0827CY241002 | C11: ABEER JOSHI | D11: =SUM(M11+AJ11+BG11+CE11+CR11) -> 7 | E11: =(D11)/D$9*100 -> 46.666667 | F11: =IF(E11<50,E11, " ") -> 46.666667 | G11: =IF(E11<30,E11, " ") | M11: =SUM(H11:L11) -> 0 | N11: =M11/M$9*100 -> 0 | AB11: 1 | AJ11: =SUM(O11:AI11) -> 1 | AK11: =AJ11/AJ$9*100 -> 50 | AM11: 1 | AN11: 1 | AS11: 1 | AX11: 1 | BG11: =SUM(AL11:BF11) -> 4 | BH11: =BG11/BG$9*100 -> 66.666667 | BX11: 1 | BY11: 1 | CE11: =SUM(BI11:CD11) -> 2 | CF11: =CE11/CE$9*100 -> 50 | CG11: 1 | CR11: =SUM(CH11:CQ11) -> 0 | CS11: =CR11/CR$9*100 -> 0 | CZ11: =SUM(CP11:CY11) -> 0 | DA11: =CZ11/CZ$9*100 -> 0
A12: 3 | B12: 0827CY241003 | C12: ABHIJEET SINGH | D12: =SUM(M12+AJ12+BG12+CE12+CR12) -> 7 | E12: =(D12)/D$9*100 -> 46.666667 | F12: =IF(E12<50,E12, " ") -> 46.666667 | G12: =IF(E12<30,E12, " ") | M12: =SUM(H12:L12) -> 0 | N12: =M12/M$9*100 -> 0 | AJ12: =SUM(O12:AI12) -> 0 | AK12: =AJ12/AJ$9*100 -> 0 | AM12: 1 | AN12: 1 | AS12: 1 | AX12: 1 | BG12: =SUM(AL12:BF12) -> 4 | BH12: =BG12/BG$9*100 -> 66.666667 | BJ12: 1 | BY12: 1 | CD12: 1 | CE12: =SUM(BI12:CD12) -> 3 | CF12: =CE12/CE$9*100 -> 75 | CG12: 1 | CR12: =SUM(CH12:CQ12) -> 0 | CS12: =CR12/CR$9*100 -> 0 | CZ12: =SUM(CP12:CY12) -> 0 | DA12: =CZ12/CZ$9*100 -> 0
A13: 4 | B13: 0827CY241004 | C13: ADITI CHOUDHARY | D13: =SUM(M13+AJ13+BG13+CE13+CR13) -> 6 | E13: =(D13)/D$9*100 -> 40 | F13: =IF(E13<50,E13, " ") -> 40 | G13: =IF(E13<30,E13, " ") | M13: =SUM(H13:L13) -> 0 | N13: =M13/M$9*100 -> 0 | AB13: 1 | AJ13: =SUM(O13:AI13) -> 1 | AK13: =AJ13/AJ$9*100 -> 50 | AM13: 1 | AX13: 1 | BG13: =SUM(AL13:BF13) -> 2 | BH13: =BG13/BG$9*100 -> 33.333333 | BJ13: 1 | BY13: 1 | CD13: 1 | CE13: =SUM(BI13:CD13) -> 3 | CF13: =CE13/CE$9*100 -> 75 | CG13: 1 | CR13: =SUM(CH13:CQ13) -> 0 | CS13: =CR13/CR$9*100 -> 0 | CZ13: =SUM(CP13:CY13) -> 0 | DA13: =CZ13/CZ$9*100 -> 0
A14: 5 | B14: 0827CY241005 | C14: ADITYA JAUNJAL | D14: =SUM(M14+AJ14+BG14+CE14+CR14) -> 11 | E14: =(D14)/D$9*100 -> 73.333333 | F14: =IF(E14<50,E14, " ") | G14: =IF(E14<30,E14, " ") | M14: =SUM(H14:L14) -> 0 | N14: =M14/M$9*100 -> 0 | AB14: 1 | AF14: 1 | AJ14: =SUM(O14:AI14) -> 2 | AK14: =AJ14/AJ$9*100 -> 100 | AM14: 1 | AN14: 1 | AS14: 1 | AV14: 1 | AX14: 1 | BC14: 1 | BG14: =SUM(AL14:BF14) -> 6 | BH14: =BG14/BG$9*100 -> 100 | BX14: 1 | BY14: 1 | CD14: 1 | CE14: =SUM(BI14:CD14) -> 3 | CF14: =CE14/CE$9*100 -> 75 | CG14: 1 | CR14: =SUM(CH14:CQ14) -> 0 | CS14: =CR14/CR$9*100 -> 0 | CZ14: =SUM(CP14:CY14) -> 0 | DA14: =CZ14/CZ$9*100 -> 0
A15: 6 | B15: 0827CY241006 | C15: AMAY NAMDEV | D15: =SUM(M15+AJ15+BG15+CE15+CR15) -> 7 | E15: =(D15)/D$9*100 -> 46.666667 | F15: =IF(E15<50,E15, " ") -> 46.666667 | G15: =IF(E15<30,E15, " ") | M15: =SUM(H15:L15) -> 0 | N15: =M15/M$9*100 -> 0 | AB15: 1 | AJ15: =SUM(O15:AI15) -> 1 | AK15: =AJ15/AJ$9*100 -> 50 | AM15: 1 | AN15: 1 | AX15: 1 | BG15: =SUM(AL15:BF15) -> 3 | BH15: =BG15/BG$9*100 -> 50 | BJ15: 1 | BY15: 1 | CD15: 1 | CE15: =SUM(BI15:CD15) -> 3 | CF15: =CE15/CE$9*100 -> 75 | CG15: 1 | CR15: =SUM(CH15:CQ15) -> 0 | CS15: =CR15/CR$9*100 -> 0 | CZ15: =SUM(CP15:CY15) -> 0 | DA15: =CZ15/CZ$9*100 -> 0
A16: 7 | B16: 0827CY241007 | C16: AMISHA SALVI | D16: =SUM(M16+AJ16+BG16+CE16+CR16) -> 2 | E16: =(D16)/D$9*100 -> 13.333333 | F16: =IF(E16<50,E16, " ") -> 13.333333 | G16: =IF(E16<30,E16, " ") -> 13.333333 | H16: 1 | M16: =SUM(H16:L16) -> 1 | N16: =M16/M$9*100 -> 50 | AJ16: =SUM(O16:AI16) -> 0 | AK16: =AJ16/AJ$9*100 -> 0 | AX16: 1 | BG16: =SUM(AL16:BF16) -> 1 | BH16: =BG16/BG$9*100 -> 16.666667 | CE16: =SUM(BI16:CD16) -> 0 | CF16: =CE16/CE$9*100 -> 0 | CR16: =SUM(CH16:CQ16) -> 0 | CS16: =CR16/CR$9*100 -> 0 | CZ16: =SUM(CP16:CY16) -> 0 | DA16: =CZ16/CZ$9*100 -> 0
A17: 8 | B17: 0827CY241008 | C17: AMIT GANGWAL | D17: =SUM(M17+AJ17+BG17+CE17+CR17) -> 0 | E17: =(D17)/D$9*100 -> 0 | F17: =IF(E17<50,E17, " ") -> 0 | G17: =IF(E17<30,E17, " ") -> 0 | M17: =SUM(H17:L17) -> 0 | N17: =M17/M$9*100 -> 0 | AJ17: =SUM(O17:AI17) -> 0 | AK17: =AJ17/AJ$9*100 -> 0 | BG17: =SUM(AL17:BF17) -> 0 | BH17: =BG17/BG$9*100 -> 0 | CE17: =SUM(BI17:CD17) -> 0 | CF17: =CE17/CE$9*100 -> 0 | CR17: =SUM(CH17:CQ17) -> 0 | CS17: =CR17/CR$9*100 -> 0 | CZ17: =SUM(CP17:CY17) -> 0 | DA17: =CZ17/CZ$9*100 -> 0
A18: 9 | B18: 0827CY241009 | C18: ANANYA SHARMA | D18: =SUM(M18+AJ18+BG18+CE18+CR18) -> 10 | E18: =(D18)/D$9*100 -> 66.666667 | F18: =IF(E18<50,E18, " ") | G18: =IF(E18<30,E18, " ") | I18: 1 | M18: =SUM(H18:L18) -> 1 | N18: =M18/M$9*100 -> 50 | AB18: 1 | AJ18: =SUM(O18:AI18) -> 1 | AK18: =AJ18/AJ$9*100 -> 50 | AM18: 1 | AN18: 1 | AS18: 1 | AX18: 1 | BC18: 1 | BG18: =SUM(AL18:BF18) -> 5 | BH18: =BG18/BG$9*100 -> 83.333333 | BX18: 1 | CD18: 1 | CE18: =SUM(BI18:CD18) -> 2 | CF18: =CE18/CE$9*100 -> 50 | CG18: 1 | CH18: 1 | CR18: =SUM(CH18:CQ18) -> 1 | CS18: =CR18/CR$9*100 -> 100 | CZ18: =SUM(CP18:CY18) -> 101 | DA18: =CZ18/CZ$9*100 -> 5050
A19: 10 | B19: 0827CY241010 | C19: ANIKET PATEL | D19: =SUM(M19+AJ19+BG19+CE19+CR19) -> 0 | E19: =(D19)/D$9*100 -> 0 | F19: =IF(E19<50,E19, " ") -> 0 | G19: =IF(E19<30,E19, " ") -> 0 | M19: =SUM(H19:L19) -> 0 | N19: =M19/M$9*100 -> 0 | AJ19: =SUM(O19:AI19) -> 0 | AK19: =AJ19/AJ$9*100 -> 0 | BG19: =SUM(AL19:BF19) -> 0 | BH19: =BG19/BG$9*100 -> 0 | CE19: =SUM(BI19:CD19) -> 0 | CF19: =CE19/CE$9*100 -> 0 | CR19: =SUM(CH19:CQ19) -> 0 | CS19: =CR19/CR$9*100 -> 0 | CZ19: =SUM(CP19:CY19) -> 0 | DA19: =CZ19/CZ$9*100 -> 0
A20: 11 | B20: 0827CY241011 | C20: ANISHA BAIRAGI | D20: =SUM(M20+AJ20+BG20+CE20+CR20) -> 14 | E20: =(D20)/D$9*100 -> 93.333333 | F20: =IF(E20<50,E20, " ") | G20: =IF(E20<30,E20, " ") | H20: 1 | I20: 1 | M20: =SUM(H20:L20) -> 2 | N20: =M20/M$9*100 -> 100 | AB20: 1 | AF20: 1 | AJ20: =SUM(O20:AI20) -> 2 | AK20: =AJ20/AJ$9*100 -> 100 | AM20: 1 | AN20: 1 | AS20: 1 | AV20: 1 | AX20: 1 | BC20: 1 | BG20: =SUM(AL20:BF20) -> 6 | BH20: =BG20/BG$9*100 -> 100 | BJ20: 1 | BX20: 1 | BY20: 1 | CD20: 1 | CE20: =SUM(BI20:CD20) -> 4 | CF20: =CE20/CE$9*100 -> 100 | CG20: 1 | CR20: =SUM(CH20:CQ20) -> 0 | CS20: =CR20/CR$9*100 -> 0 | CZ20: =SUM(CP20:CY20) -> 0 | DA20: =CZ20/CZ$9*100 -> 0
A21: 12 | B21: 0827CY241012 | C21: ANKUSH BAMOTRIYA | D21: =SUM(M21+AJ21+BG21+CE21+CR21) -> 1 | E21: =(D21)/D$9*100 -> 6.6666667 | F21: =IF(E21<50,E21, " ") -> 6.6666667 | G21: =IF(E21<30,E21, " ") -> 6.6666667 | M21: =SUM(H21:L21) -> 0 | N21: =M21/M$9*100 -> 0 | AJ21: =SUM(O21:AI21) -> 0 | AK21: =AJ21/AJ$9*100 -> 0 | BG21: =SUM(AL21:BF21) -> 0 | BH21: =BG21/BG$9*100 -> 0 | BX21: 1 | CE21: =SUM(BI21:CD21) -> 1 | CF21: =CE21/CE$9*100 -> 25 | CR21: =SUM(CH21:CQ21) -> 0 | CS21: =CR21/CR$9*100 -> 0 | CZ21: =SUM(CP21:CY21) -> 0 | DA21: =CZ21/CZ$9*100 -> 0
A22: 13 | B22: 0827CY241013 | C22: ANUSHKA SETHIYA | D22: =SUM(M22+AJ22+BG22+CE22+CR22) -> 2 | E22: =(D22)/D$9*100 -> 13.333333 | F22: =IF(E22<50,E22, " ") -> 13.333333 | G22: =IF(E22<30,E22, " ") -> 13.333333 | M22: =SUM(H22:L22) -> 0 | N22: =M22/M$9*100 -> 0 | AB22: 1 | AJ22: =SUM(O22:AI22) -> 1 | AK22: =AJ22/AJ$9*100 -> 50 | AS22: 1 | BG22: =SUM(AL22:BF22) -> 1 | BH22: =BG22/BG$9*100 -> 16.666667 | CE22: =SUM(BI22:CD22) -> 0 | CF22: =CE22/CE$9*100 -> 0 | CR22: =SUM(CH22:CQ22) -> 0 | CS22: =CR22/CR$9*100 -> 0 | CZ22: =SUM(CP22:CY22) -> 0 | DA22: =CZ22/CZ$9*100 -> 0
A23: 14 | B23: 0827CY241014 | C23: APOORV JAIN | D23: =SUM(M23+AJ23+BG23+CE23+CR23) -> 6 | E23: =(D23)/D$9*100 -> 40 | F23: =IF(E23<50,E23, " ") -> 40 | G23: =IF(E23<30,E23, " ") | M23: =SUM(H23:L23) -> 0 | N23: =M23/M$9*100 -> 0 | AB23: 1 | AJ23: =SUM(O23:AI23) -> 1 | AK23: =AJ23/AJ$9*100 -> 50 | AN23: 1 | AS23: 1 | AX23: 1 | BC23: 1 | BG23: =SUM(AL23:BF23) -> 4 | BH23: =BG23/BG$9*100 -> 66.666667 | BJ23: 1 | CE23: =SUM(BI23:CD23) -> 1 | CF23: =CE23/CE$9*100 -> 25 | CR23: =SUM(CH23:CQ23) -> 0 | CS23: =CR23/CR$9*100 -> 0 | CZ23: =SUM(CP23:CY23) -> 0 | DA23: =CZ23/CZ$9*100 -> 0
A24: 15 | B24: 0827CY241015 | C24: ASHMIT YADAV | D24: =SUM(M24+AJ24+BG24+CE24+CR24) -> 4 | E24: =(D24)/D$9*100 -> 26.666667 | F24: =IF(E24<50,E24, " ") -> 26.666667 | G24: =IF(E24<30,E24, " ") -> 26.666667 | M24: =SUM(H24:L24) -> 0 | N24: =M24/M$9*100 -> 0 | AJ24: =SUM(O24:AI24) -> 0 | AK24: =AJ24/AJ$9*100 -> 0 | AN24: 1 | BG24: =SUM(AL24:BF24) -> 1 | BH24: =BG24/BG$9*100 -> 16.666667 | BY24: 1 | CD24: 1 | CE24: =SUM(BI24:CD24) -> 2 | CF24: =CE24/CE$9*100 -> 50 | CG24: 1 | CH24: 1 | CR24: =SUM(CH24:CQ24) -> 1 | CS24: =CR24/CR$9*100 -> 100 | CZ24: =SUM(CP24:CY24) -> 101 | DA24: =CZ24/CZ$9*100 -> 5050
A25: 16 | B25: 0827CY241016 | C25: ASHWIN PATEL | D25: =SUM(M25+AJ25+BG25+CE25+CR25) -> 0 | E25: =(D25)/D$9*100 -> 0 | F25: =IF(E25<50,E25, " ") -> 0 | G25: =IF(E25<30,E25, " ") -> 0 | M25: =SUM(H25:L25) -> 0 | N25: =M25/M$9*100 -> 0 | AJ25: =SUM(O25:AI25) -> 0 | AK25: =AJ25/AJ$9*100 -> 0 | BG25: =SUM(AL25:BF25) -> 0 | BH25: =BG25/BG$9*100 -> 0 | CE25: =SUM(BI25:CD25) -> 0 | CF25: =CE25/CE$9*100 -> 0 | CR25: =SUM(CH25:CQ25) -> 0 | CS25: =CR25/CR$9*100 -> 0 | CZ25: =SUM(CP25:CY25) -> 0 | DA25: =CZ25/CZ$9*100 -> 0
A26: 17 | B26: 0827CY241017 | C26: AYUSH SETHI | D26: =SUM(M26+AJ26+BG26+CE26+CR26) -> 8 | E26: =(D26)/D$9*100 -> 53.333333 | F26: =IF(E26<50,E26, " ") | G26: =IF(E26<30,E26, " ") | M26: =SUM(H26:L26) -> 0 | N26: =M26/M$9*100 -> 0 | AJ26: =SUM(O26:AI26) -> 0 | AK26: =AJ26/AJ$9*100 -> 0 | AN26: 1 | AS26: 1 | AV26: 1 | AX26: 1 | BG26: =SUM(AL26:BF26) -> 4 | BH26: =BG26/BG$9*100 -> 66.666667 | BJ26: 1 | BX26: 1 | CD26: 1 | CE26: =SUM(BI26:CD26) -> 3 | CF26: =CE26/CE$9*100 -> 75 | CG26: 1 | CH26: 1 | CR26: =SUM(CH26:CQ26) -> 1 | CS26: =CR26/CR$9*100 -> 100 | CZ26: =SUM(CP26:CY26) -> 101 | DA26: =CZ26/CZ$9*100 -> 5050
A27: 18 | B27: 0827CY241018 | C27: AYUSHI BAIRAGI | D27: =SUM(M27+AJ27+BG27+CE27+CR27) -> 1 | E27: =(D27)/D$9*100 -> 6.6666667 | F27: =IF(E27<50,E27, " ") -> 6.6666667 | G27: =IF(E27<30,E27, " ") -> 6.6666667 | M27: =SUM(H27:L27) -> 0 | N27: =M27/M$9*100 -> 0 | AJ27: =SUM(O27:AI27) -> 0 | AK27: =AJ27/AJ$9*100 -> 0 | BG27: =SUM(AL27:BF27) -> 0 | BH27: =BG27/BG$9*100 -> 0 | BY27: 1 | CE27: =SUM(BI27:CD27) -> 1 | CF27: =CE27/CE$9*100 -> 25 | CR27: =SUM(CH27:CQ27) -> 0 | CS27: =CR27/CR$9*100 -> 0 | CZ27: =SUM(CP27:CY27) -> 0 | DA27: =CZ27/CZ$9*100 -> 0
A28: 19 | B28: 0827CY241019 | C28: BHUMIKA AMIN | D28: =SUM(M28+AJ28+BG28+CE28+CR28) -> 10 | E28: =(D28)/D$9*100 -> 66.666667 | F28: =IF(E28<50,E28, " ") | G28: =IF(E28<30,E28, " ") | H28: 1 | I28: 1 | M28: =SUM(H28:L28) -> 2 | N28: =M28/M$9*100 -> 100 | AB28: 1 | AJ28: =SUM(O28:AI28) -> 1 | AK28: =AJ28/AJ$9*100 -> 50 | AM28: 1 | AN28: 1 | AS28: 1 | AX28: 1 | BG28: =SUM(AL28:BF28) -> 4 | BH28: =BG28/BG$9*100 -> 66.666667 | BJ28: 1 | BY28: 1 | CD28: 1 | CE28: =SUM(BI28:CD28) -> 3 | CF28: =CE28/CE$9*100 -> 75 | CG28: 1 | CR28: =SUM(CH28:CQ28) -> 0 | CS28: =CR28/CR$9*100 -> 0 | CZ28: =SUM(CP28:CY28) -> 0 | DA28: =CZ28/CZ$9*100 -> 0
A29: 20 | B29: 0827CY241020 | C29: CHAITANYA PARKER | D29: =SUM(M29+AJ29+BG29+CE29+CR29) -> 12 | E29: =(D29)/D$9*100 -> 80 | F29: =IF(E29<50,E29, " ") | G29: =IF(E29<30,E29, " ") | I29: 1 | M29: =SUM(H29:L29) -> 1 | N29: =M29/M$9*100 -> 50 | AB29: 1 | AF29: 1 | AJ29: =SUM(O29:AI29) -> 2 | AK29: =AJ29/AJ$9*100 -> 100 | AM29: 1 | AN29: 1 | AS29: 1 | AV29: 1 | AX29: 1 | BC29: 1 | BG29: =SUM(AL29:BF29) -> 6 | BH29: =BG29/BG$9*100 -> 100 | BX29: 1 | BY29: 1 | CD29: 1 | CE29: =SUM(BI29:CD29) -> 3 | CF29: =CE29/CE$9*100 -> 75 | CG29: 1 | CR29: =SUM(CH29:CQ29) -> 0 | CS29: =CR29/CR$9*100 -> 0 | CZ29: =SUM(CP29:CY29) -> 0 | DA29: =CZ29/CZ$9*100 -> 0
A30: 21 | B30: 0827CY241021 | C30: CHIRAG KAMARIYA | D30: =SUM(M30+AJ30+BG30+CE30+CR30) -> 3 | E30: =(D30)/D$9*100 -> 20 | F30: =IF(E30<50,E30, " ") -> 20 | G30: =IF(E30<30,E30, " ") -> 20 | M30: =SUM(H30:L30) -> 0 | N30: =M30/M$9*100 -> 0 | AJ30: =SUM(O30:AI30) -> 0 | AK30: =AJ30/AJ$9*100 -> 0 | AN30: 1 | AX30: 1 | BG30: =SUM(AL30:BF30) -> 2 | BH30: =BG30/BG$9*100 -> 33.333333 | BJ30: 1 | CE30: =SUM(BI30:CD30) -> 1 | CF30: =CE30/CE$9*100 -> 25 | CR30: =SUM(CH30:CQ30) -> 0 | CS30: =CR30/CR$9*100 -> 0 | CZ30: =SUM(CP30:CY30) -> 0 | DA30: =CZ30/CZ$9*100 -> 0
A31: 22 | B31: 0827CY241022 | C31: CHIRAYU PATIDAR | D31: =SUM(M31+AJ31+BG31+CE31+CR31) -> 7 | E31: =(D31)/D$9*100 -> 46.666667 | F31: =IF(E31<50,E31, " ") -> 46.666667 | G31: =IF(E31<30,E31, " ") | M31: =SUM(H31:L31) -> 0 | N31: =M31/M$9*100 -> 0 | AB31: 1 | AF31: 1 | AJ31: =SUM(O31:AI31) -> 2 | AK31: =AJ31/AJ$9*100 -> 100 | AM31: 1 | AN31: 1 | AS31: 1 | AX31: 1 | BG31: =SUM(AL31:BF31) -> 4 | BH31: =BG31/BG$9*100 -> 66.666667 | CD31: 1 | CE31: =SUM(BI31:CD31) -> 1 | CF31: =CE31/CE$9*100 -> 25 | CG31: 1 | CR31: =SUM(CH31:CQ31) -> 0 | CS31: =CR31/CR$9*100 -> 0 | CZ31: =SUM(CP31:CY31) -> 0 | DA31: =CZ31/CZ$9*100 -> 0
A32: 23 | B32: 0827CY241023 | C32: DARSH MUNDRA | D32: =SUM(M32+AJ32+BG32+CE32+CR32) -> 8 | E32: =(D32)/D$9*100 -> 53.333333 | F32: =IF(E32<50,E32, " ") | G32: =IF(E32<30,E32, " ") | M32: =SUM(H32:L32) -> 0 | N32: =M32/M$9*100 -> 0 | AB32: 1 | AJ32: =SUM(O32:AI32) -> 1 | AK32: =AJ32/AJ$9*100 -> 50 | AM32: 1 | AX32: 1 | BC32: 1 | BG32: =SUM(AL32:BF32) -> 3 | BH32: =BG32/BG$9*100 -> 50 | BJ32: 1 | BY32: 1 | CD32: 1 | CE32: =SUM(BI32:CD32) -> 3 | CF32: =CE32/CE$9*100 -> 75 | CG32: 1 | CH32: 1 | CR32: =SUM(CH32:CQ32) -> 1 | CS32: =CR32/CR$9*100 -> 100 | CZ32: =SUM(CP32:CY32) -> 101 | DA32: =CZ32/CZ$9*100 -> 5050
A33: 24 | B33: 0827CY241024 | C33: DIKSHARTH HARDIYA | D33: =SUM(M33+AJ33+BG33+CE33+CR33) -> 0 | E33: =(D33)/D$9*100 -> 0 | F33: =IF(E33<50,E33, " ") -> 0 | G33: =IF(E33<30,E33, " ") -> 0 | M33: =SUM(H33:L33) -> 0 | N33: =M33/M$9*100 -> 0 | AJ33: =SUM(O33:AI33) -> 0 | AK33: =AJ33/AJ$9*100 -> 0 | BG33: =SUM(AL33:BF33) -> 0 | BH33: =BG33/BG$9*100 -> 0 | CE33: =SUM(BI33:CD33) -> 0 | CF33: =CE33/CE$9*100 -> 0 | CR33: =SUM(CH33:CQ33) -> 0 | CS33: =CR33/CR$9*100 -> 0 | CZ33: =SUM(CP33:CY33) -> 0 | DA33: =CZ33/CZ$9*100 -> 0
A34: 25 | B34: 0827CY241025 | C34: FARAJ AHMED ANSARI | D34: =SUM(M34+AJ34+BG34+CE34+CR34) -> 3 | E34: =(D34)/D$9*100 -> 20 | F34: =IF(E34<50,E34, " ") -> 20 | G34: =IF(E34<30,E34, " ") -> 20 | M34: =SUM(H34:L34) -> 0 | N34: =M34/M$9*100 -> 0 | AB34: 1 | AJ34: =SUM(O34:AI34) -> 1 | AK34: =AJ34/AJ$9*100 -> 50 | AM34: 1 | BG34: =SUM(AL34:BF34) -> 1 | BH34: =BG34/BG$9*100 -> 16.666667 | BY34: 1 | CE34: =SUM(BI34:CD34) -> 1 | CF34: =CE34/CE$9*100 -> 25 | CR34: =SUM(CH34:CQ34) -> 0 | CS34: =CR34/CR$9*100 -> 0 | CZ34: =SUM(CP34:CY34) -> 0 | DA34: =CZ34/CZ$9*100 -> 0
A35: 26 | B35: 0827CY241026 | C35: HARSH BATHRI | D35: =SUM(M35+AJ35+BG35+CE35+CR35) -> 9 | E35: =(D35)/D$9*100 -> 60 | F35: =IF(E35<50,E35, " ") | G35: =IF(E35<30,E35, " ") | M35: =SUM(H35:L35) -> 0 | N35: =M35/M$9*100 -> 0 | AB35: 1 | AJ35: =SUM(O35:AI35) -> 1 | AK35: =AJ35/AJ$9*100 -> 50 | AM35: 1 | AS35: 1 | AX35: 1 | BC35: 1 | BG35: =SUM(AL35:BF35) -> 4 | BH35: =BG35/BG$9*100 -> 66.666667 | BJ35: 1 | BX35: 1 | BY35: 1 | CD35: 1 | CE35: =SUM(BI35:CD35) -> 4 | CF35: =CE35/CE$9*100 -> 100 | CG35: 1 | CR35: =SUM(CH35:CQ35) -> 0 | CS35: =CR35/CR$9*100 -> 0 | CZ35: =SUM(CP35:CY35) -> 0 | DA35: =CZ35/CZ$9*100 -> 0
A36: 27 | B36: 0827CY241027 | C36: HARSH PALIWAL | D36: =SUM(M36+AJ36+BG36+CE36+CR36) -> 3 | E36: =(D36)/D$9*100 -> 20 | F36: =IF(E36<50,E36, " ") -> 20 | G36: =IF(E36<30,E36, " ") -> 20 | M36: =SUM(H36:L36) -> 0 | N36: =M36/M$9*100 -> 0 | AJ36: =SUM(O36:AI36) -> 0 | AK36: =AJ36/AJ$9*100 -> 0 | AS36: 1 | AX36: 1 | BC36: 1 | BG36: =SUM(AL36:BF36) -> 3 | BH36: =BG36/BG$9*100 -> 50 | CE36: =SUM(BI36:CD36) -> 0 | CF36: =CE36/CE$9*100 -> 0 | CR36: =SUM(CH36:CQ36) -> 0 | CS36: =CR36/CR$9*100 -> 0 | CZ36: =SUM(CP36:CY36) -> 0 | DA36: =CZ36/CZ$9*100 -> 0
A37: 28 | B37: 0827CY241028 | C37: HEMANT KUMAR PATIL | D37: =SUM(M37+AJ37+BG37+CE37+CR37) -> 9 | E37: =(D37)/D$9*100 -> 60 | F37: =IF(E37<50,E37, " ") | G37: =IF(E37<30,E37, " ") | M37: =SUM(H37:L37) -> 0 | N37: =M37/M$9*100 -> 0 | AB37: 1 | AF37: 1 | AJ37: =SUM(O37:AI37) -> 2 | AK37: =AJ37/AJ$9*100 -> 100 | AM37: 1 | AN37: 1 | AS37: 1 | AX37: 1 | BC37: 1 | BG37: =SUM(AL37:BF37) -> 5 | BH37: =BG37/BG$9*100 -> 83.333333 | BJ37: 1 | CD37: 1 | CE37: =SUM(BI37:CD37) -> 2 | CF37: =CE37/CE$9*100 -> 50 | CG37: 1 | CR37: =SUM(CH37:CQ37) -> 0 | CS37: =CR37/CR$9*100 -> 0 | CZ37: =SUM(CP37:CY37) -> 0 | DA37: =CZ37/CZ$9*100 -> 0
A38: 29 | B38: 0827CY241029 | C38: JANHAVI SINGH | D38: =SUM(M38+AJ38+BG38+CE38+CR38) -> 8 | E38: =(D38)/D$9*100 -> 53.333333 | F38: =IF(E38<50,E38, " ") | G38: =IF(E38<30,E38, " ") | M38: =SUM(H38:L38) -> 0 | N38: =M38/M$9*100 -> 0 | AB38: 1 | AF38: 1 | AJ38: =SUM(O38:AI38) -> 2 | AK38: =AJ38/AJ$9*100 -> 100 | AM38: 1 | AX38: 1 | BG38: =SUM(AL38:BF38) -> 2 | BH38: =BG38/BG$9*100 -> 33.333333 | BJ38: 1 | BX38: 1 | BY38: 1 | CD38: 1 | CE38: =SUM(BI38:CD38) -> 4 | CF38: =CE38/CE$9*100 -> 100 | CG38: 1 | CR38: =SUM(CH38:CQ38) -> 0 | CS38: =CR38/CR$9*100 -> 0 | CZ38: =SUM(CP38:CY38) -> 0 | DA38: =CZ38/CZ$9*100 -> 0
A39: 30 | B39: 0827CY241030 | C39: JATIN PAL | D39: =SUM(M39+AJ39+BG39+CE39+CR39) -> 7 | E39: =(D39)/D$9*100 -> 46.666667 | F39: =IF(E39<50,E39, " ") -> 46.666667 | G39: =IF(E39<30,E39, " ") | M39: =SUM(H39:L39) -> 0 | N39: =M39/M$9*100 -> 0 | AB39: 1 | AF39: 1 | AJ39: =SUM(O39:AI39) -> 2 | AK39: =AJ39/AJ$9*100 -> 100 | AM39: 1 | AN39: 1 | AV39: 1 | BG39: =SUM(AL39:BF39) -> 3 | BH39: =BG39/BG$9*100 -> 50 | BY39: 1 | CE39: =SUM(BI39:CD39) -> 1 | CF39: =CE39/CE$9*100 -> 25 | CG39: 1 | CH39: 1 | CR39: =SUM(CH39:CQ39) -> 1 | CS39: =CR39/CR$9*100 -> 100 | CZ39: =SUM(CP39:CY39) -> 101 | DA39: =CZ39/CZ$9*100 -> 5050
A40: 31 | B40: 0827CY241031 | C40: JAYSHREE CHOUHAN | D40: =SUM(M40+AJ40+BG40+CE40+CR40) -> 7 | E40: =(D40)/D$9*100 -> 46.666667 | F40: =IF(E40<50,E40, " ") -> 46.666667 | G40: =IF(E40<30,E40, " ") | M40: =SUM(H40:L40) -> 0 | N40: =M40/M$9*100 -> 0 | AB40: 1 | AF40: 1 | AJ40: =SUM(O40:AI40) -> 2 | AK40: =AJ40/AJ$9*100 -> 100 | AS40: 1 | AX40: 1 | BC40: 1 | BG40: =SUM(AL40:BF40) -> 3 | BH40: =BG40/BG$9*100 -> 50 | BJ40: 1 | CD40: 1 | CE40: =SUM(BI40:CD40) -> 2 | CF40: =CE40/CE$9*100 -> 50 | CG40: 1 | CR40: =SUM(CH40:CQ40) -> 0 | CS40: =CR40/CR$9*100 -> 0 | CZ40: =SUM(CP40:CY40) -> 0 | DA40: =CZ40/CZ$9*100 -> 0
A41: 32 | B41: 0827CY241032 | C41: JIVAN PARMAR | D41: =SUM(M41+AJ41+BG41+CE41+CR41) -> 7 | E41: =(D41)/D$9*100 -> 46.666667 | F41: =IF(E41<50,E41, " ") -> 46.666667 | G41: =IF(E41<30,E41, " ") | M41: =SUM(H41:L41) -> 0 | N41: =M41/M$9*100 -> 0 | AF41: 1 | AJ41: =SUM(O41:AI41) -> 1 | AK41: =AJ41/AJ$9*100 -> 50 | AM41: 1 | AN41: 1 | AV41: 1 | AX41: 1 | BG41: =SUM(AL41:BF41) -> 4 | BH41: =BG41/BG$9*100 -> 66.666667 | BJ41: 1 | CE41: =SUM(BI41:CD41) -> 1 | CF41: =CE41/CE$9*100 -> 25 | CH41: 1 | CR41: =SUM(CH41:CQ41) -> 1 | CS41: =CR41/CR$9*100 -> 100 | CZ41: =SUM(CP41:CY41) -> 101 | DA41: =CZ41/CZ$9*100 -> 5050
A42: 33 | B42: 0827CY241033 | C42: KALIM NAGORI | D42: =SUM(M42+AJ42+BG42+CE42+CR42) -> 0 | E42: =(D42)/D$9*100 -> 0 | F42: =IF(E42<50,E42, " ") -> 0 | G42: =IF(E42<30,E42, " ") -> 0 | M42: =SUM(H42:L42) -> 0 | N42: =M42/M$9*100 -> 0 | AJ42: =SUM(O42:AI42) -> 0 | AK42: =AJ42/AJ$9*100 -> 0 | BG42: =SUM(AL42:BF42) -> 0 | BH42: =BG42/BG$9*100 -> 0 | CE42: =SUM(BI42:CD42) -> 0 | CF42: =CE42/CE$9*100 -> 0 | CR42: =SUM(CH42:CQ42) -> 0 | CS42: =CR42/CR$9*100 -> 0 | CZ42: =SUM(CP42:CY42) -> 0 | DA42: =CZ42/CZ$9*100 -> 0
A43: 34 | B43: 0827CY241034 | C43: KAVYA SHARMA | D43: =SUM(M43+AJ43+BG43+CE43+CR43) -> 6 | E43: =(D43)/D$9*100 -> 40 | F43: =IF(E43<50,E43, " ") -> 40 | G43: =IF(E43<30,E43, " ") | M43: =SUM(H43:L43) -> 0 | N43: =M43/M$9*100 -> 0 | AF43: 1 | AJ43: =SUM(O43:AI43) -> 1 | AK43: =AJ43/AJ$9*100 -> 50 | AS43: 1 | AV43: 1 | BG43: =SUM(AL43:BF43) -> 2 | BH43: =BG43/BG$9*100 -> 33.333333 | BJ43: 1 | BY43: 1 | CD43: 1 | CE43: =SUM(BI43:CD43) -> 3 | CF43: =CE43/CE$9*100 -> 75 | CG43: 1 | CR43: =SUM(CH43:CQ43) -> 0 | CS43: =CR43/CR$9*100 -> 0 | CZ43: =SUM(CP43:CY43) -> 0 | DA43: =CZ43/CZ$9*100 -> 0
A44: 35 | B44: 0827CY241035 | C44: KHUSHI CHOUHAN | D44: =SUM(M44+AJ44+BG44+CE44+CR44) -> 4 | E44: =(D44)/D$9*100 -> 26.666667 | F44: =IF(E44<50,E44, " ") -> 26.666667 | G44: =IF(E44<30,E44, " ") -> 26.666667 | M44: =SUM(H44:L44) -> 0 | N44: =M44/M$9*100 -> 0 | AJ44: =SUM(O44:AI44) -> 0 | AK44: =AJ44/AJ$9*100 -> 0 | AM44: 1 | AX44: 1 | BC44: 1 | BG44: =SUM(AL44:BF44) -> 3 | BH44: =BG44/BG$9*100 -> 50 | BJ44: 1 | CE44: =SUM(BI44:CD44) -> 1 | CF44: =CE44/CE$9*100 -> 25 | CG44: 1 | CR44: =SUM(CH44:CQ44) -> 0 | CS44: =CR44/CR$9*100 -> 0 | CZ44: =SUM(CP44:CY44) -> 0 | DA44: =CZ44/CZ$9*100 -> 0
A45: 36 | B45: 0827CY241036 | C45: LAKSHYA BHATODRA | D45: =SUM(M45+AJ45+BG45+CE45+CR45) -> 4 | E45: =(D45)/D$9*100 -> 26.666667 | F45: =IF(E45<50,E45, " ") -> 26.666667 | G45: =IF(E45<30,E45, " ") -> 26.666667 | M45: =SUM(H45:L45) -> 0 | N45: =M45/M$9*100 -> 0 | AJ45: =SUM(O45:AI45) -> 0 | AK45: =AJ45/AJ$9*100 -> 0 | AM45: 1 | AX45: 1 | BG45: =SUM(AL45:BF45) -> 2 | BH45: =BG45/BG$9*100 -> 33.333333 | BJ45: 1 | BY45: 1 | CE45: =SUM(BI45:CD45) -> 2 | CF45: =CE45/CE$9*100 -> 50 | CG45: 1 | CR45: =SUM(CH45:CQ45) -> 0 | CS45: =CR45/CR$9*100 -> 0 | CZ45: =SUM(CP45:CY45) -> 0 | DA45: =CZ45/CZ$9*100 -> 0
A46: 37 | B46: 0827CY241037 | C46: MAHI RATHORE | D46: =SUM(M46+AJ46+BG46+CE46+CR46) -> 5 | E46: =(D46)/D$9*100 -> 33.333333 | F46: =IF(E46<50,E46, " ") -> 33.333333 | G46: =IF(E46<30,E46, " ") | M46: =SUM(H46:L46) -> 0 | N46: =M46/M$46*100 -> #DIV/0! | AB46: 1 | AF46: 1 | AJ46: =SUM(O46:AI46) -> 2 | AK46: =AJ46/AJ$9*100 -> 100 | AS46: 1 | AV46: 1 | AX46: 1 | BG46: =SUM(AL46:BF46) -> 3 | BH46: =BG46/BG$9*100 -> 50 | CE46: =SUM(BI46:CD46) -> 0 | CF46: =CE46/CE$9*100 -> 0 | CG46: 1 | CR46: =SUM(CH46:CQ46) -> 0 | CS46: =CR46/CR$9*100 -> 0 | CZ46: =SUM(CP46:CY46) -> 0 | DA46: =CZ46/CZ$9*100 -> 0
A47: 38 | B47: 0827CY241038 | C47: MAHIKA DADHEECH | D47: =SUM(M47+AJ47+BG47+CE47+CR47) -> 12 | E47: =(D47)/D$9*100 -> 80 | F47: =IF(E47<50,E47, " ") | G47: =IF(E47<30,E47, " ") | H47: 1 | I47: 1 | M47: =SUM(H47:L47) -> 2 | N47: =M47/M$46*100 -> #DIV/0! | AJ47: =SUM(O47:AI47) -> 0 | AK47: =AJ47/AJ$9*100 -> 0 | AM47: 1 | AN47: 1 | AS47: 1 | AX47: 1 | BC47: 1 | BG47: =SUM(AL47:BF47) -> 5 | BH47: =BG47/BG$9*100 -> 83.333333 | BJ47: 1 | BX47: 1 | BY47: 1 | CD47: 1 | CE47: =SUM(BI47:CD47) -> 4 | CF47: =CE47/CE$9*100 -> 100 | CG47: 1 | CH47: 1 | CR47: =SUM(CH47:CQ47) -> 1 | CS47: =CR47/CR$9*100 -> 100 | CZ47: =SUM(CP47:CY47) -> 101 | DA47: =CZ47/CZ$9*100 -> 5050
A48: 39 | B48: 0827CY241039 | C48: MOHIT GUPTA | D48: =SUM(M48+AJ48+BG48+CE48+CR48) -> 0 | E48: =(D48)/D$9*100 -> 0 | F48: =IF(E48<50,E48, " ") -> 0 | G48: =IF(E48<30,E48, " ") -> 0 | M48: =SUM(H48:L48) -> 0 | N48: =M48/M$46*100 -> #DIV/0! | AJ48: =SUM(O48:AI48) -> 0 | AK48: =AJ48/AJ$9*100 -> 0 | BG48: =SUM(AL48:BF48) -> 0 | BH48: =BG48/BG$9*100 -> 0 | CE48: =SUM(BI48:CD48) -> 0 | CF48: =CE48/CE$9*100 -> 0 | CR48: =SUM(CH48:CQ48) -> 0 | CS48: =CR48/CR$9*100 -> 0 | CZ48: =SUM(CP48:CY48) -> 0 | DA48: =CZ48/CZ$9*100 -> 0
A49: 40 | B49: 0827CY241040 | C49: MOHIT SOLANKI | D49: =SUM(M49+AJ49+BG49+CE49+CR49) -> 1 | E49: =(D49)/D$9*100 -> 6.6666667 | F49: =IF(E49<50,E49, " ") -> 6.6666667 | G49: =IF(E49<30,E49, " ") -> 6.6666667 | M49: =SUM(H49:L49) -> 0 | N49: =M49/M$46*100 -> #DIV/0! | AJ49: =SUM(O49:AI49) -> 0 | AK49: =AJ49/AJ$9*100 -> 0 | AS49: 1 | BG49: =SUM(AL49:BF49) -> 1 | BH49: =BG49/BG$9*100 -> 16.666667 | CE49: =SUM(BI49:CD49) -> 0 | CF49: =CE49/CE$9*100 -> 0 | CR49: =SUM(CH49:CQ49) -> 0 | CS49: =CR49/CR$9*100 -> 0 | CZ49: =SUM(CP49:CY49) -> 0 | DA49: =CZ49/CZ$9*100 -> 0
A50: BATCH 2 | D50: =SUM(M50+AJ50+BG50+CE50+CR50) -> 15 | H50: =SUM(H51:H90) -> 3 | I50: =SUM(I51:I90) -> 3 | J50: =SUM(J51:J90) -> 0 | K50: =SUM(K51:K90) -> 0 | L50: =SUM(L51:L90) -> 0 | M50: =COUNTIF(H50:L50,">0") -> 2 | N50: =M50/M$46*100 -> #DIV/0! | O50: =SUM(O51:O90) -> 0 | P50: =SUM(P51:P90) -> 0 | Q50: =SUM(Q51:Q90) -> 0 | R50: =SUM(R51:R90) -> 0 | S50: =SUM(S51:S90) -> 0 | T50: =SUM(T51:T90) -> 0 | U50: =SUM(U51:U90) -> 0 | V50: =SUM(V51:V90) -> 0 | ... AI50: =SUM(AI51:AI90) -> 0 | AJ50: =COUNTIF(O50:AI50,">0") -> 3 | AK50: =SUM(M50+AJ50) -> 5 | AL50: =SUM(AL51:AL90) -> 0 | AM50: =SUM(AM51:AM90) -> 22 | AN50: =SUM(AN51:AN90) -> 19 | AO50: =SUM(AO51:AO90) -> 0 | AP50: =SUM(AP51:AP90) -> 0 | AQ50: =SUM(AQ51:AQ90) -> 0 | AR50: =SUM(AR51:AR90) -> 21 | AS50: =SUM(AS51:AS90) -> 0 | ... BF50: =SUM(BF51:BF90) -> 0 | BG50: =COUNTIF(AL50:BF50,">0") -> 5 | BH50: =SUM(AK50+BG50) -> 10 | BI50: =SUM(BI51:BI90) -> 0 | BJ50: =SUM(BJ51:BJ90) -> 16 | BK50: =SUM(BK51:BK90) -> 0 | BL50: =SUM(BL51:BL90) -> 0 | BM50: =SUM(BM51:BM90) -> 0 | BN50: =SUM(BN51:BN90) -> 0 | BO50: =SUM(BO51:BO90) -> 0 | BP50: =SUM(BP51:BP90) -> 0 | ... CD50: =SUM(CD51:CD90) -> 16 | CE50: =COUNTIF(BI50:CD50,">0") -> 4 | CF50: =SUM(BH50+CE50) -> 14 | CG50: =sum(CG51:CG90) -> 20 | CH50: =SUM(CH51:CH90) -> 9 | CI50: =SUM(CI51:CI90) -> 0 | CJ50: =SUM(CJ51:CJ90) -> 0 | CK50: =SUM(CK51:CK90) -> 0 | CL50: =SUM(CL51:CL90) -> 0 | CM50: =SUM(CM51:CM90) -> 0 | CN50: =SUM(CN51:CN90) -> 0 | CO50: =SUM(CO51:CO90) -> 0 | ... CQ50: =SUM(CQ51:CQ90) -> 0 | CR50: =COUNTIF(CH50:CQ50,">0") -> 1 | CS50: =SUM(CF50+CR50) -> 15 | CZ50: =COUNTIF(CP50:CY50,">0") -> 2 | DA50: =SUM(CO50+CZ50) -> 2
A51: 41 | B51: 0827CY241041 | C51: NAITIK SINGH NARWARIA | D51: =SUM(M51+AJ51+BG51+CE51+CR51) -> 3 | E51: =(D51)/D$50*100 -> 20 | F51: =IF(E51<50,E51, " ") -> 20 | G51: =IF(E51<30,E51, " ") -> 20 | M51: =SUM(H51:L51) -> 0 | N51: =M51/M$50*100 -> 0 | W51: 1 | AJ51: =SUM(O51:AI51) -> 1 | AK51: =AJ51/AJ$50*100 -> 33.333333 | AM51: 1 | AN51: 1 | BG51: =SUM(AL51:BF51) -> 2 | BH51: =BG51/BG$50*100 -> 40 | CE51: =SUM(BI51:CD51) -> 0 | CF51: =CE51/CE$9*100 -> 0 | CR51: =SUM(CH51:CQ51) -> 0 | CS51: =CR51/CR$9*100 -> 0 | CZ51: =SUM(CP51:CY51) -> 0 | DA51: =CZ51/CZ$9*100 -> 0
A52: 42 | B52: 0827CY241042 | C52: NAKSHATRA GOYAL | D52: =SUM(M52+AJ52+BG52+CE52+CR52) -> 0 | E52: =(D52)/D$50*100 -> 0 | F52: =IF(E52<50,E52, " ") -> 0 | G52: =IF(E52<30,E52, " ") -> 0 | M52: =SUM(H52:L52) -> 0 | N52: =M52/M$50*100 -> 0 | AJ52: =SUM(O52:AI52) -> 0 | AK52: =AJ52/AJ$50*100 -> 0 | BG52: =SUM(AL52:BF52) -> 0 | BH52: =BG52/BG$50*100 -> 0 | CE52: =SUM(BI52:CD52) -> 0 | CF52: =CE52/CE$9*100 -> 0 | CR52: =SUM(CH52:CQ52) -> 0 | CS52: =CR52/CR$9*100 -> 0 | CZ52: =SUM(CP52:CY52) -> 0 | DA52: =CZ52/CZ$9*100 -> 0
A53: 43 | B53: 0827CY241043 | C53: NARAYANI SHARMA | D53: =SUM(M53+AJ53+BG53+CE53+CR53) -> 0 | E53: =(D53)/D$50*100 -> 0 | F53: =IF(E53<50,E53, " ") -> 0 | G53: =IF(E53<30,E53, " ") -> 0 | M53: =SUM(H53:L53) -> 0 | N53: =M53/M$50*100 -> 0 | AJ53: =SUM(O53:AI53) -> 0 | AK53: =AJ53/AJ$50*100 -> 0 | BG53: =SUM(AL53:BF53) -> 0 | BH53: =BG53/BG$50*100 -> 0 | CE53: =SUM(BI53:CD53) -> 0 | CF53: =CE53/CE$9*100 -> 0 | CR53: =SUM(CH53:CQ53) -> 0 | CS53: =CR53/CR$9*100 -> 0 | CZ53: =SUM(CP53:CY53) -> 0 | DA53: =CZ53/CZ$9*100 -> 0
A54: 44 | B54: 0827CY241044 | C54: NEERAJ DAYMA | D54: =SUM(M54+AJ54+BG54+CE54+CR54) -> 1 | E54: =(D54)/D$50*100 -> 6.6666667 | F54: =IF(E54<50,E54, " ") -> 6.6666667 | G54: =IF(E54<30,E54, " ") -> 6.6666667 | M54: =SUM(H54:L54) -> 0 | N54: =M54/M$50*100 -> 0 | AJ54: =SUM(O54:AI54) -> 0 | AK54: =AJ54/AJ$50*100 -> 0 | BG54: =SUM(AL54:BF54) -> 0 | BH54: =BG54/BG$50*100 -> 0 | BX54: 1 | CE54: =SUM(BI54:CD54) -> 1 | CF54: =CE54/CE$9*100 -> 25 | CR54: =SUM(CH54:CQ54) -> 0 | CS54: =CR54/CR$9*100 -> 0 | CZ54: =SUM(CP54:CY54) -> 0 | DA54: =CZ54/CZ$9*100 -> 0
A55: 45 | B55: 0827CY241045 | C55: NIKHIL CHOUDHARY | D55: =SUM(M55+AJ55+BG55+CE55+CR55) -> 3 | E55: =(D55)/D$50*100 -> 20 | F55: =IF(E55<50,E55, " ") -> 20 | G55: =IF(E55<30,E55, " ") -> 20 | M55: =SUM(H55:L55) -> 0 | N55: =M55/M$50*100 -> 0 | W55: 1 | AJ55: =SUM(O55:AI55) -> 1 | AK55: =AJ55/AJ$50*100 -> 33.333333 | AN55: 1 | BG55: =SUM(AL55:BF55) -> 1 | BH55: =BG55/BG$50*100 -> 20 | BX55: 1 | CE55: =SUM(BI55:CD55) -> 1 | CF55: =CE55/CE$9*100 -> 25 | CR55: =SUM(CH55:CQ55) -> 0 | CS55: =CR55/CR$9*100 -> 0 | CZ55: =SUM(CP55:CY55) -> 0 | DA55: =CZ55/CZ$9*100 -> 0
A56: 46 | B56: 0827CY241046 | C56: NITIN PATIDAR | D56: =SUM(M56+AJ56+BG56+CE56+CR56) -> 0 | E56: =(D56)/D$50*100 -> 0 | F56: =IF(E56<50,E56, " ") -> 0 | G56: =IF(E56<30,E56, " ") -> 0 | M56: =SUM(H56:L56) -> 0 | N56: =M56/M$50*100 -> 0 | AJ56: =SUM(O56:AI56) -> 0 | AK56: =AJ56/AJ$50*100 -> 0 | BG56: =SUM(AL56:BF56) -> 0 | BH56: =BG56/BG$50*100 -> 0 | CE56: =SUM(BI56:CD56) -> 0 | CF56: =CE56/CE$9*100 -> 0 | CR56: =SUM(CH56:CQ56) -> 0 | CS56: =CR56/CR$9*100 -> 0 | CZ56: =SUM(CP56:CY56) -> 0 | DA56: =CZ56/CZ$9*100 -> 0
A57: 47 | B57: 0827CY241047 | C57: NITIN SINGH RAGHUWANSHI | D57: =SUM(M57+AJ57+BG57+CE57+CR57) -> 7 | E57: =(D57)/D$50*100 -> 46.666667 | F57: =IF(E57<50,E57, " ") -> 46.666667 | G57: =IF(E57<30,E57, " ") | M57: =SUM(H57:L57) -> 0 | N57: =M57/M$50*100 -> 0 | AB57: 1 | AG57: 1 | AJ57: =SUM(O57:AI57) -> 2 | AK57: =AJ57/AJ$50*100 -> 66.666667 | AM57: 1 | AN57: 1 | AV57: 1 | BG57: =SUM(AL57:BF57) -> 3 | BH57: =BG57/BG$50*100 -> 60 | BY57: 1 | CE57: =SUM(BI57:CD57) -> 1 | CF57: =CE57/CE$9*100 -> 25 | CG57: 1 | CH57: 1 | CR57: =SUM(CH57:CQ57) -> 1 | CS57: =CR57/CR$9*100 -> 100 | CZ57: =SUM(CP57:CY57) -> 101 | DA57: =CZ57/CZ$9*100 -> 5050
A58: 48 | B58: 0827CY241048 | C58: PRANAY GOYAL | D58: =SUM(M58+AJ58+BG58+CE58+CR58) -> 12 | E58: =(D58)/D$50*100 -> 80 | F58: =IF(E58<50,E58, " ") | G58: =IF(E58<30,E58, " ") | M58: =SUM(H58:L58) -> 0 | N58: =M58/M$50*100 -> 0 | W58: 1 | AB58: 1 | AG58: 1 | AJ58: =SUM(O58:AI58) -> 3 | AK58: =AJ58/AJ$50*100 -> 100 | AM58: 1 | AN58: 1 | AR58: 1 | AV58: 1 | BB58: 1 | BG58: =SUM(AL58:BF58) -> 5 | BH58: =BG58/BG$50*100 -> 100 | BX58: 1 | BY58: 1 | CD58: 1 | CE58: =SUM(BI58:CD58) -> 3 | CF58: =CE58/CE$9*100 -> 75 | CG58: 1 | CH58: 1 | CR58: =SUM(CH58:CQ58) -> 1 | CS58: =CR58/CR$9*100 -> 100 | CZ58: =SUM(CP58:CY58) -> 101 | DA58: =CZ58/CZ$9*100 -> 5050
A59: 49 | B59: 0827CY241049 | C59: PRAYANSH DIXIT | D59: =SUM(M59+AJ59+BG59+CE59+CR59) -> 2 | E59: =(D59)/D$50*100 -> 13.333333 | F59: =IF(E59<50,E59, " ") -> 13.333333 | G59: =IF(E59<30,E59, " ") -> 13.333333 | M59: =SUM(H59:L59) -> 0 | N59: =M59/M$50*100 -> 0 | AJ59: =SUM(O59:AI59) -> 0 | AK59: =AJ59/AJ$50*100 -> 0 | AM59: 1 | AN59: 1 | BG59: =SUM(AL59:BF59) -> 2 | BH59: =BG59/BG$50*100 -> 40 | CE59: =SUM(BI59:CD59) -> 0 | CF59: =CE59/CE$9*100 -> 0 | CR59: =SUM(CH59:CQ59) -> 0 | CS59: =CR59/CR$9*100 -> 0 | CZ59: =SUM(CP59:CY59) -> 0 | DA59: =CZ59/CZ$9*100 -> 0
A60: 50 | B60: 0827CY241050 | C60: PRIYANSH SONI | D60: =SUM(M60+AJ60+BG60+CE60+CR60) -> 1 | E60: =(D60)/D$50*100 -> 6.6666667 | F60: =IF(E60<50,E60, " ") -> 6.6666667 | G60: =IF(E60<30,E60, " ") -> 6.6666667 | M60: =SUM(H60:L60) -> 0 | N60: =M60/M$50*100 -> 0 | AJ60: =SUM(O60:AI60) -> 0 | AK60: =AJ60/AJ$50*100 -> 0 | BG60: =SUM(AL60:BF60) -> 0 | BH60: =BG60/BG$50*100 -> 0 | CD60: 1 | CE60: =SUM(BI60:CD60) -> 1 | CF60: =CE60/CE$9*100 -> 25 | CR60: =SUM(CH60:CQ60) -> 0 | CS60: =CR60/CR$9*100 -> 0 | CZ60: =SUM(CP60:CY60) -> 0 | DA60: =CZ60/CZ$9*100 -> 0
A61: 51 | B61: 0827CY241051 | C61: RAGHAV AGRAWAL | D61: =SUM(M61+AJ61+BG61+CE61+CR61) -> 5 | E61: =(D61)/D$50*100 -> 33.333333 | F61: =IF(E61<50,E61, " ") -> 33.333333 | G61: =IF(E61<30,E61, " ") | M61: =SUM(H61:L61) -> 0 | N61: =M61/M$50*100 -> 0 | AB61: 1 | AJ61: =SUM(O61:AI61) -> 1 | AK61: =AJ61/AJ$50*100 -> 33.333333 | AN61: 1 | AR61: 1 | BG61: =SUM(AL61:BF61) -> 2 | BH61: =BG61/BG$50*100 -> 40 | BX61: 1 | CD61: 1 | CE61: =SUM(BI61:CD61) -> 2 | CF61: =CE61/CE$9*100 -> 50 | CR61: =SUM(CH61:CQ61) -> 0 | CS61: =CR61/CR$9*100 -> 0 | CZ61: =SUM(CP61:CY61) -> 0 | DA61: =CZ61/CZ$9*100 -> 0
A62: 52 | B62: 0827CY241052 | C62: RAJ AICH | D62: =SUM(M62+AJ62+BG62+CE62+CR62) -> 6 | E62: =(D62)/D$50*100 -> 40 | F62: =IF(E62<50,E62, " ") -> 40 | G62: =IF(E62<30,E62, " ") | M62: =SUM(H62:L62) -> 0 | N62: =M62/M$50*100 -> 0 | AG62: 1 | AJ62: =SUM(O62:AI62) -> 1 | AK62: =AJ62/AJ$50*100 -> 33.333333 | AM62: 1 | AN62: 1 | BB62: 1 | BG62: =SUM(AL62:BF62) -> 3 | BH62: =BG62/BG$50*100 -> 60 | BJ62: 1 | CD62: 1 | CE62: =SUM(BI62:CD62) -> 2 | CF62: =CE62/CE$9*100 -> 50 | CR62: =SUM(CH62:CQ62) -> 0 | CS62: =CR62/CR$9*100 -> 0 | CZ62: =SUM(CP62:CY62) -> 0 | DA62: =CZ62/CZ$9*100 -> 0
A63: 53 | B63: 0827CY241053 | C63: RAJ PADIYAR | D63: =SUM(M63+AJ63+BG63+CE63+CR63) -> 10 | E63: =(D63)/D$50*100 -> 66.666667 | F63: =IF(E63<50,E63, " ") | G63: =IF(E63<30,E63, " ") | H63: 1 | I63: 1 | M63: =SUM(H63:L63) -> 2 | N63: =M63/M$50*100 -> 100 | W63: 1 | AJ63: =SUM(O63:AI63) -> 1 | AK63: =AJ63/AJ$50*100 -> 33.333333 | AM63: 1 | AN63: 1 | AR63: 1 | BB63: 1 | BG63: =SUM(AL63:BF63) -> 4 | BH63: =BG63/BG$50*100 -> 80 | BJ63: 1 | CD63: 1 | CE63: =SUM(BI63:CD63) -> 2 | CF63: =CE63/CE$9*100 -> 50 | CG63: 1 | CH63: 1 | CR63: =SUM(CH63:CQ63) -> 1 | CS63: =CR63/CR$9*100 -> 100 | CZ63: =SUM(CP63:CY63) -> 101 | DA63: =CZ63/CZ$9*100 -> 5050
A64: 54 | B64: 0827CY241054 | C64: RAJDEEP SINGH KELWA | D64: =SUM(M64+AJ64+BG64+CE64+CR64) -> 4 | E64: =(D64)/D$50*100 -> 26.666667 | F64: =IF(E64<50,E64, " ") -> 26.666667 | G64: =IF(E64<30,E64, " ") -> 26.666667 | M64: =SUM(H64:L64) -> 0 | N64: =M64/M$50*100 -> 0 | AJ64: =SUM(O64:AI64) -> 0 | AK64: =AJ64/AJ$50*100 -> 0 | AV64: 1 | BB64: 1 | BG64: =SUM(AL64:BF64) -> 2 | BH64: =BG64/BG$50*100 -> 40 | BJ64: 1 | BY64: 1 | CE64: =SUM(BI64:CD64) -> 2 | CF64: =CE64/CE$9*100 -> 50 | CG64: 1 | CR64: =SUM(CH64:CQ64) -> 0 | CS64: =CR64/CR$9*100 -> 0 | CZ64: =SUM(CP64:CY64) -> 0 | DA64: =CZ64/CZ$9*100 -> 0
A65: 55 | B65: 0827CY241055 | C65: RAJKARAN | D65: =SUM(M65+AJ65+BG65+CE65+CR65) -> 2 | E65: =(D65)/D$50*100 -> 13.333333 | F65: =IF(E65<50,E65, " ") -> 13.333333 | G65: =IF(E65<30,E65, " ") -> 13.333333 | M65: =SUM(H65:L65) -> 0 | N65: =M65/M$50*100 -> 0 | AB65: 1 | AJ65: =SUM(O65:AI65) -> 1 | AK65: =AJ65/AJ$50*100 -> 33.333333 | BG65: =SUM(AL65:BF65) -> 0 | BH65: =BG65/BG$50*100 -> 0 | BJ65: 1 | CE65: =SUM(BI65:CD65) -> 1 | CF65: =CE65/CE$9*100 -> 25 | CR65: =SUM(CH65:CQ65) -> 0 | CS65: =CR65/CR$9*100 -> 0 | CZ65: =SUM(CP65:CY65) -> 0 | DA65: =CZ65/CZ$9*100 -> 0
A66: 56 | B66: 0827CY241056 | C66: RISHIKA JOSHI | D66: =SUM(M66+AJ66+BG66+CE66+CR66) -> 6 | E66: =(D66)/D$50*100 -> 40 | F66: =IF(E66<50,E66, " ") -> 40 | G66: =IF(E66<30,E66, " ") | M66: =SUM(H66:L66) -> 0 | N66: =M66/M$50*100 -> 0 | AG66: 1 | AJ66: =SUM(O66:AI66) -> 1 | AK66: =AJ66/AJ$50*100 -> 33.333333 | AM66: 1 | AR66: 1 | BG66: =SUM(AL66:BF66) -> 2 | BH66: =BG66/BG$50*100 -> 40 | BX66: 1 | BY66: 1 | CD66: 1 | CE66: =SUM(BI66:CD66) -> 3 | CF66: =CE66/CE$9*100 -> 75 | CG66: 1 | CR66: =SUM(CH66:CQ66) -> 0 | CS66: =CR66/CR$9*100 -> 0 | CZ66: =SUM(CP66:CY66) -> 0 | DA66: =CZ66/CZ$9*100 -> 0
A67: 57 | B67: 0827CY241057 | C67: ROHIT PATEL | D67: =SUM(M67+AJ67+BG67+CE67+CR67) -> 3 | E67: =(D67)/D$50*100 -> 20 | F67: =IF(E67<50,E67, " ") -> 20 | G67: =IF(E67<30,E67, " ") -> 20 | M67: =SUM(H67:L67) -> 0 | N67: =M67/M$50*100 -> 0 | AG67: 1 | AJ67: =SUM(O67:AI67) -> 1 | AK67: =AJ67/AJ$50*100 -> 33.333333 | AN67: 1 | AV67: 1 | BG67: =SUM(AL67:BF67) -> 2 | BH67: =BG67/BG$50*100 -> 40 | CE67: =SUM(BI67:CD67) -> 0 | CF67: =CE67/CE$9*100 -> 0 | CR67: =SUM(CH67:CQ67) -> 0 | CS67: =CR67/CR$9*100 -> 0 | CZ67: =SUM(CP67:CY67) -> 0 | DA67: =CZ67/CZ$9*100 -> 0
A68: 58 | B68: 0827CY241058 | C68: SALONI CHOUHAN | D68: =SUM(M68+AJ68+BG68+CE68+CR68) -> 8 | E68: =(D68)/D$50*100 -> 53.333333 | F68: =IF(E68<50,E68, " ") | G68: =IF(E68<30,E68, " ") | I68: 1 | M68: =SUM(H68:L68) -> 1 | N68: =M68/M$50*100 -> 50 | W68: 1 | AB68: 1 | AJ68: =SUM(O68:AI68) -> 2 | AK68: =AJ68/AJ$50*100 -> 66.666667 | AN68: 1 | AR68: 1 | BG68: =SUM(AL68:BF68) -> 2 | BH68: =BG68/BG$50*100 -> 40 | BJ68: 1 | BY68: 1 | CE68: =SUM(BI68:CD68) -> 2 | CF68: =CE68/CE$9*100 -> 50 | CG68: 1 | CH68: 1 | CR68: =SUM(CH68:CQ68) -> 1 | CS68: =CR68/CR$9*100 -> 100 | CZ68: =SUM(CP68:CY68) -> 101 | DA68: =CZ68/CZ$9*100 -> 5050
A69: 59 | B69: 0827CY241059 | C69: SAMRIDHI JHAVER | D69: =SUM(M69+AJ69+BG69+CE69+CR69) -> 7 | E69: =(D69)/D$50*100 -> 46.666667 | F69: =IF(E69<50,E69, " ") -> 46.666667 | G69: =IF(E69<30,E69, " ") | M69: =SUM(H69:L69) -> 0 | N69: =M69/M$50*100 -> 0 | AG69: 1 | AJ69: =SUM(O69:AI69) -> 1 | AK69: =AJ69/AJ$50*100 -> 33.333333 | AM69: 1 | AN69: 1 | BB69: 1 | BG69: =SUM(AL69:BF69) -> 3 | BH69: =BG69/BG$50*100 -> 60 | BY69: 1 | CD69: 1 | CE69: =SUM(BI69:CD69) -> 2 | CF69: =CE69/CE$9*100 -> 50 | CG69: 1 | CH69: 1 | CR69: =SUM(CH69:CQ69) -> 1 | CS69: =CR69/CR$9*100 -> 100 | CZ69: =SUM(CP69:CY69) -> 101 | DA69: =CZ69/CZ$9*100 -> 5050
A70: 60 | B70: 0827CY241060 | C70: SANSKRATI YADAV | D70: =SUM(M70+AJ70+BG70+CE70+CR70) -> 10 | E70: =(D70)/D$50*100 -> 66.666667 | F70: =IF(E70<50,E70, " ") | G70: =IF(E70<30,E70, " ") | H70: 1 | M70: =SUM(H70:L70) -> 1 | N70: =M70/M$50*100 -> 50 | W70: 1 | AJ70: =SUM(O70:AI70) -> 1 | AK70: =AJ70/AJ$50*100 -> 33.333333 | AM70: 1 | AR70: 1 | BB70: 1 | BG70: =SUM(AL70:BF70) -> 3 | BH70: =BG70/BG$50*100 -> 60 | BJ70: 1 | BX70: 1 | BY70: 1 | CD70: 1 | CE70: =SUM(BI70:CD70) -> 4 | CF70: =CE70/CE$9*100 -> 100 | CG70: 1 | CH70: 1 | CR70: =SUM(CH70:CQ70) -> 1 | CS70: =CR70/CR$9*100 -> 100 | CZ70: =SUM(CP70:CY70) -> 101 | DA70: =CZ70/CZ$9*100 -> 5050
A71: 61 | B71: 0827CY241061 | C71: SANYAM JAIN | D71: =SUM(M71+AJ71+BG71+CE71+CR71) -> 6 | E71: =(D71)/D$50*100 -> 40 | F71: =IF(E71<50,E71, " ") -> 40 | G71: =IF(E71<30,E71, " ") | M71: =SUM(H71:L71) -> 0 | N71: =M71/M$50*100 -> 0 | AB71: 1 | AJ71: =SUM(O71:AI71) -> 1 | AK71: =AJ71/AJ$50*100 -> 33.333333 | AR71: 1 | BB71: 1 | BG71: =SUM(AL71:BF71) -> 2 | BH71: =BG71/BG$50*100 -> 40 | BJ71: 1 | BY71: 1 | CD71: 1 | CE71: =SUM(BI71:CD71) -> 3 | CF71: =CE71/CE$9*100 -> 75 | CG71: 1 | CR71: =SUM(CH71:CQ71) -> 0 | CS71: =CR71/CR$9*100 -> 0 | CZ71: =SUM(CP71:CY71) -> 0 | DA71: =CZ71/CZ$9*100 -> 0
A72: 62 | B72: 0827CY241062 | C72: SHAMBHAVI PANDIT | D72: =SUM(M72+AJ72+BG72+CE72+CR72) -> 7 | E72: =(D72)/D$50*100 -> 46.666667 | F72: =IF(E72<50,E72, " ") -> 46.666667 | G72: =IF(E72<30,E72, " ") | M72: =SUM(H72:L72) -> 0 | N72: =M72/M$50*100 -> 0 | W72: 1 | AJ72: =SUM(O72:AI72) -> 1 | AK72: =AJ72/AJ$50*100 -> 33.333333 | AM72: 1 | AN72: 1 | AR72: 1 | BG72: =SUM(AL72:BF72) -> 3 | BH72: =BG72/BG$50*100 -> 60 | BJ72: 1 | BX72: 1 | CE72: =SUM(BI72:CD72) -> 2 | CF72: =CE72/CE$9*100 -> 50 | CG72: 1 | CH72: 1 | CR72: =SUM(CH72:CQ72) -> 1 | CS72: =CR72/CR$9*100 -> 100 | CZ72: =SUM(CP72:CY72) -> 101 | DA72: =CZ72/CZ$9*100 -> 5050
A73: 63 | B73: 0827CY241063 | C73: SHREYANSH TIWARI | D73: =SUM(M73+AJ73+BG73+CE73+CR73) -> 8 | E73: =(D73)/D$50*100 -> 53.333333 | F73: =IF(E73<50,E73, " ") | G73: =IF(E73<30,E73, " ") | M73: =SUM(H73:L73) -> 0 | N73: =M73/M$50*100 -> 0 | W73: 1 | AB73: 1 | AJ73: =SUM(O73:AI73) -> 2 | AK73: =AJ73/AJ$50*100 -> 66.666667 | AM73: 1 | AR73: 1 | BG73: =SUM(AL73:BF73) -> 2 | BH73: =BG73/BG$50*100 -> 40 | BJ73: 1 | BX73: 1 | BY73: 1 | CD73: 1 | CE73: =SUM(BI73:CD73) -> 4 | CF73: =CE73/CE$9*100 -> 100 | CR73: =SUM(CH73:CQ73) -> 0 | CS73: =CR73/CR$9*100 -> 0 | CZ73: =SUM(CP73:CY73) -> 0 | DA73: =CZ73/CZ$9*100 -> 0
A74: 64 | B74: 0827CY241064 | C74: SHUBH KHARE | D74: =SUM(M74+AJ74+BG74+CE74+CR74) -> 0 | E74: =(D74)/D$50*100 -> 0 | F74: =IF(E74<50,E74, " ") -> 0 | G74: =IF(E74<30,E74, " ") -> 0 | M74: =SUM(H74:L74) -> 0 | N74: =M74/M$50*100 -> 0 | AJ74: =SUM(O74:AI74) -> 0 | AK74: =AJ74/AJ$50*100 -> 0 | BG74: =SUM(AL74:BF74) -> 0 | BH74: =BG74/BG$50*100 -> 0 | CE74: =SUM(BI74:CD74) -> 0 | CF74: =CE74/CE$9*100 -> 0 | CR74: =SUM(CH74:CQ74) -> 0 | CS74: =CR74/CR$9*100 -> 0 | CZ74: =SUM(CP74:CY74) -> 0 | DA74: =CZ74/CZ$9*100 -> 0
A75: 65 | B75: 0827CY241065 | C75: SOMYA JAISWAL | D75: =SUM(M75+AJ75+BG75+CE75+CR75) -> 4 | E75: =(D75)/D$50*100 -> 26.666667 | F75: =IF(E75<50,E75, " ") -> 26.666667 | G75: =IF(E75<30,E75, " ") -> 26.666667 | M75: =SUM(H75:L75) -> 0 | N75: =M75/M$50*100 -> 0 | W75: 1 | AB75: 1 | AJ75: =SUM(O75:AI75) -> 2 | AK75: =AJ75/AJ$50*100 -> 66.666667 | AN75: 1 | BG75: =SUM(AL75:BF75) -> 1 | BH75: =BG75/BG$50*100 -> 20 | CD75: 1 | CE75: =SUM(BI75:CD75) -> 1 | CF75: =CE75/CE$9*100 -> 25 | CR75: =SUM(CH75:CQ75) -> 0 | CS75: =CR75/CR$9*100 -> 0 | CZ75: =SUM(CP75:CY75) -> 0 | DA75: =CZ75/CZ$9*100 -> 0
A76: 66 | B76: 0827CY241066 | C76: SPARSH SIGGA JAT | D76: =SUM(M76+AJ76+BG76+CE76+CR76) -> 11 | E76: =(D76)/D$50*100 -> 73.333333 | F76: =IF(E76<50,E76, " ") | G76: =IF(E76<30,E76, " ") | H76: 1 | I76: 1 | M76: =SUM(H76:L76) -> 2 | N76: =M76/M$50*100 -> 100 | W76: 1 | AJ76: =SUM(O76:AI76) -> 1 | AK76: =AJ76/AJ$50*100 -> 33.333333 | AM76: 1 | AR76: 1 | BB76: 1 | BG76: =SUM(AL76:BF76) -> 3 | BH76: =BG76/BG$50*100 -> 60 | BJ76: 1 | BX76: 1 | BY76: 1 | CD76: 1 | CE76: =SUM(BI76:CD76) -> 4 | CF76: =CE76/CE$9*100 -> 100 | CG76: 1 | CH76: 1 | CR76: =SUM(CH76:CQ76) -> 1 | CS76: =CR76/CR$9*100 -> 100 | CZ76: =SUM(CP76:CY76) -> 101 | DA76: =CZ76/CZ$9*100 -> 5050
A77: 67 | B77: 0827CY241067 | C77: TANISH JAISWAL | D77: =SUM(M77+AJ77+BG77+CE77+CR77) -> 6 | E77: =(D77)/D$50*100 -> 40 | F77: =IF(E77<50,E77, " ") -> 40 | G77: =IF(E77<30,E77, " ") | M77: =SUM(H77:L77) -> 0 | N77: =M77/M$50*100 -> 0 | W77: 1 | AB77: 1 | AJ77: =SUM(O77:AI77) -> 2 | AK77: =AJ77/AJ$50*100 -> 66.666667 | AN77: 1 | BG77: =SUM(AL77:BF77) -> 1 | BH77: =BG77/BG$50*100 -> 20 | BX77: 1 | BY77: 1 | CD77: 1 | CE77: =SUM(BI77:CD77) -> 3 | CF77: =CE77/CE$9*100 -> 75 | CR77: =SUM(CH77:CQ77) -> 0 | CS77: =CR77/CR$9*100 -> 0 | CZ77: =SUM(CP77:CY77) -> 0 | DA77: =CZ77/CZ$9*100 -> 0
A78: 68 | B78: 0827CY241068 | C78: TANISHK MALVIYA | D78: =SUM(M78+AJ78+BG78+CE78+CR78) -> 7 | E78: =(D78)/D$50*100 -> 46.666667 | F78: =IF(E78<50,E78, " ") -> 46.666667 | G78: =IF(E78<30,E78, " ") | M78: =SUM(H78:L78) -> 0 | N78: =M78/M$50*100 -> 0 | AB78: 1 | AJ78: =SUM(O78:AI78) -> 1 | AK78: =AJ78/AJ$50*100 -> 33.333333 | AM78: 1 | AN78: 1 | AR78: 1 | BG78: =SUM(AL78:BF78) -> 3 | BH78: =BG78/BG$50*100 -> 60 | BJ78: 1 | BX78: 1 | BY78: 1 | CE78: =SUM(BI78:CD78) -> 3 | CF78: =CE78/CE$9*100 -> 75 | CG78: 1 | CR78: =SUM(CH78:CQ78) -> 0 | CS78: =CR78/CR$9*100 -> 0 | CZ78: =SUM(CP78:CY78) -> 0 | DA78: =CZ78/CZ$9*100 -> 0
A79: 69 | B79: 0827CY241069 | C79: UNNATI RAMI | D79: =SUM(M79+AJ79+BG79+CE79+CR79) -> 3 | E79: =(D79)/D$50*100 -> 20 | F79: =IF(E79<50,E79, " ") -> 20 | G79: =IF(E79<30,E79, " ") -> 20 | M79: =SUM(H79:L79) -> 0 | N79: =M79/M$50*100 -> 0 | AB79: 1 | AJ79: =SUM(O79:AI79) -> 1 | AK79: =AJ79/AJ$50*100 -> 33.333333 | BG79: =SUM(AL79:BF79) -> 0 | BH79: =BG79/BG$50*100 -> 0 | CD79: 1 | CE79: =SUM(BI79:CD79) -> 1 | CF79: =CE79/CE$9*100 -> 25 | CG79: 1 | CH79: 1 | CR79: =SUM(CH79:CQ79) -> 1 | CS79: =CR79/CR$9*100 -> 100 | CZ79: =SUM(CP79:CY79) -> 101 | DA79: =CZ79/CZ$9*100 -> 5050
A80: 70 | B80: 0827CY241070 | C80: URVASHI MISAL | D80: =SUM(M80+AJ80+BG80+CE80+CR80) -> 7 | E80: =(D80)/D$50*100 -> 46.666667 | F80: =IF(E80<50,E80, " ") -> 46.666667 | G80: =IF(E80<30,E80, " ") | M80: =SUM(H80:L80) -> 0 | N80: =M80/M$50*100 -> 0 | W80: 1 | AJ80: =SUM(O80:AI80) -> 1 | AK80: =AJ80/AJ$50*100 -> 33.333333 | AM80: 1 | AN80: 1 | AR80: 1 | BG80: =SUM(AL80:BF80) -> 3 | BH80: =BG80/BG$50*100 -> 60 | BJ80: 1 | BX80: 1 | BY80: 1 | CE80: =SUM(BI80:CD80) -> 3 | CF80: =CE80/CE$9*100 -> 75 | CG80: 1 | CR80: =SUM(CH80:CQ80) -> 0 | CS80: =CR80/CR$9*100 -> 0 | CZ80: =SUM(CP80:CY80) -> 0 | DA80: =CZ80/CZ$9*100 -> 0
A81: 71 | B81: 0827CY241071 | C81: VAGISHA GOYAL | D81: =SUM(M81+AJ81+BG81+CE81+CR81) -> 7 | E81: =(D81)/D$50*100 -> 46.666667 | F81: =IF(E81<50,E81, " ") -> 46.666667 | G81: =IF(E81<30,E81, " ") | M81: =SUM(H81:L81) -> 0 | N81: =M81/M$50*100 -> 0 | W81: 1 | AB81: 1 | AG81: 1 | AJ81: =SUM(O81:AI81) -> 3 | AK81: =AJ81/AJ$50*100 -> 100 | AM81: 1 | AR81: 1 | BG81: =SUM(AL81:BF81) -> 2 | BH81: =BG81/BG$50*100 -> 40 | BY81: 1 | CD81: 1 | CE81: =SUM(BI81:CD81) -> 2 | CF81: =CE81/CE$9*100 -> 50 | CG81: 1 | CR81: =SUM(CH81:CQ81) -> 0 | CS81: =CR81/CR$9*100 -> 0 | CZ81: =SUM(CP81:CY81) -> 0 | DA81: =CZ81/CZ$9*100 -> 0
A82: 72 | B82: 0827CY241072 | C82: VAIDIKA RAI | D82: =SUM(M82+AJ82+BG82+CE82+CR82) -> 4 | E82: =(D82)/D$50*100 -> 26.666667 | F82: =IF(E82<50,E82, " ") -> 26.666667 | G82: =IF(E82<30,E82, " ") -> 26.666667 | M82: =SUM(H82:L82) -> 0 | N82: =M82/M$50*100 -> 0 | AB82: 1 | AG82: 1 | AJ82: =SUM(O82:AI82) -> 2 | AK82: =AJ82/AJ$50*100 -> 66.666667 | AM82: 1 | AR82: 1 | BG82: =SUM(AL82:BF82) -> 2 | BH82: =BG82/BG$50*100 -> 40 | CE82: =SUM(BI82:CD82) -> 0 | CF82: =CE82/CE$9*100 -> 0 | CR82: =SUM(CH82:CQ82) -> 0 | CS82: =CR82/CR$9*100 -> 0 | CZ82: =SUM(CP82:CY82) -> 0 | DA82: =CZ82/CZ$9*100 -> 0
A83: 73 | B83: 0827CY241073 | C83: VANSHIKA CHOUDHARY | D83: =SUM(M83+AJ83+BG83+CE83+CR83) -> 9 | E83: =(D83)/D$50*100 -> 60 | F83: =IF(E83<50,E83, " ") | G83: =IF(E83<30,E83, " ") | M83: =SUM(H83:L83) -> 0 | N83: =M83/M$50*100 -> 0 | W83: 1 | AB83: 1 | AJ83: =SUM(O83:AI83) -> 2 | AK83: =AJ83/AJ$50*100 -> 66.666667 | AM83: 1 | AN83: 1 | AR83: 1 | BG83: =SUM(AL83:BF83) -> 3 | BH83: =BG83/BG$50*100 -> 60 | BJ83: 1 | BX83: 1 | BY83: 1 | CD83: 1 | CE83: =SUM(BI83:CD83) -> 4 | CF83: =CE83/CE$9*100 -> 100 | CG83: 1 | CR83: =SUM(CH83:CQ83) -> 0 | CS83: =CR83/CR$9*100 -> 0 | CZ83: =SUM(CP83:CY83) -> 0 | DA83: =CZ83/CZ$9*100 -> 0
A84: 74 | B84: 0827CY241074 | C84: VESHWIK JAIN | D84: =SUM(M84+AJ84+BG84+CE84+CR84) -> 4 | E84: =(D84)/D$50*100 -> 26.666667 | F84: =IF(E84<50,E84, " ") -> 26.666667 | G84: =IF(E84<30,E84, " ") -> 26.666667 | M84: =SUM(H84:L84) -> 0 | N84: =M84/M$50*100 -> 0 | W84: 1 | AB84: 1 | AG84: 1 | AJ84: =SUM(O84:AI84) -> 3 | AK84: =AJ84/AJ$50*100 -> 100 | AR84: 1 | BG84: =SUM(AL84:BF84) -> 1 | BH84: =BG84/BG$50*100 -> 20 | CE84: =SUM(BI84:CD84) -> 0 | CF84: =CE84/CE$9*100 -> 0 | CR84: =SUM(CH84:CQ84) -> 0 | CS84: =CR84/CR$9*100 -> 0 | CZ84: =SUM(CP84:CY84) -> 0 | DA84: =CZ84/CZ$9*100 -> 0
A85: 75 | B85: 0827CY241075 | C85: VISHAL JAWRIYA | D85: =SUM(M85+AJ85+BG85+CE85+CR85) -> 0 | E85: =(D85)/D$50*100 -> 0 | F85: =IF(E85<50,E85, " ") -> 0 | G85: =IF(E85<30,E85, " ") -> 0 | M85: =SUM(H85:L85) -> 0 | N85: =M85/M$50*100 -> 0 | AJ85: =SUM(O85:AI85) -> 0 | AK85: =AJ85/AJ$50*100 -> 0 | BG85: =SUM(AL85:BF85) -> 0 | BH85: =BG85/BG$50*100 -> 0 | CE85: =SUM(BI85:CD85) -> 0 | CF85: =CE85/CE$9*100 -> 0 | CR85: =SUM(CH85:CQ85) -> 0 | CS85: =CR85/CR$9*100 -> 0 | CZ85: =SUM(CP85:CY85) -> 0 | DA85: =CZ85/CZ$9*100 -> 0
A86: 76 | B86: 0827CY241076 | C86: YASH LALWANI | D86: =SUM(M86+AJ86+BG86+CE86+CR86) -> 7 | E86: =(D86)/D$50*100 -> 46.666667 | F86: =IF(E86<50,E86, " ") -> 46.666667 | G86: =IF(E86<30,E86, " ") | M86: =SUM(H86:L86) -> 0 | N86: =M86/M$50*100 -> 0 | AB86: 1 | AG86: 1 | AJ86: =SUM(O86:AI86) -> 2 | AK86: =AJ86/AJ$50*100 -> 66.666667 | AM86: 1 | AN86: 1 | AR86: 1 | BG86: =SUM(AL86:BF86) -> 3 | BH86: =BG86/BG$50*100 -> 60 | BJ86: 1 | BY86: 1 | CE86: =SUM(BI86:CD86) -> 2 | CF86: =CE86/CE$9*100 -> 50 | CG86: 1 | CR86: =SUM(CH86:CQ86) -> 0 | CS86: =CR86/CR$9*100 -> 0 | CZ86: =SUM(CP86:CY86) -> 0 | DA86: =CZ86/CZ$9*100 -> 0
A87: 77 | B87: 0827CY241077 | C87: YASH NAGAR | D87: =SUM(M87+AJ87+BG87+CE87+CR87) -> 7 | E87: =(D87)/D$50*100 -> 46.666667 | F87: =IF(E87<50,E87, " ") -> 46.666667 | G87: =IF(E87<30,E87, " ") | M87: =SUM(H87:L87) -> 0 | N87: =M87/M$50*100 -> 0 | W87: 1 | AB87: 1 | AJ87: =SUM(O87:AI87) -> 2 | AK87: =AJ87/AJ$50*100 -> 66.666667 | AM87: 1 | AN87: 1 | AR87: 1 | BG87: =SUM(AL87:BF87) -> 3 | BH87: =BG87/BG$50*100 -> 60 | BJ87: 1 | BY87: 1 | CE87: =SUM(BI87:CD87) -> 2 | CF87: =CE87/CE$9*100 -> 50 | CG87: 1 | CR87: =SUM(CH87:CQ87) -> 0 | CS87: =CR87/CR$9*100 -> 0 | CZ87: =SUM(CP87:CY87) -> 0 | DA87: =CZ87/CZ$9*100 -> 0
A88: 78 | B88: 0827CY241078 | C88: ZAID SHAIKH | D88: =SUM(M88+AJ88+BG88+CE88+CR88) -> 5 | E88: =(D88)/D$50*100 -> 33.333333 | F88: =IF(E88<50,E88, " ") -> 33.333333 | G88: =IF(E88<30,E88, " ") | M88: =SUM(H88:L88) -> 0 | N88: =M88/M$50*100 -> 0 | W88: 1 | AG88: 1 | AJ88: =SUM(O88:AI88) -> 2 | AK88: =AJ88/AJ$50*100 -> 66.666667 | AM88: 1 | AR88: 1 | BG88: =SUM(AL88:BF88) -> 2 | BH88: =BG88/BG$50*100 -> 40 | BY88: 1 | CE88: =SUM(BI88:CD88) -> 1 | CF88: =CE88/CE$9*100 -> 25 | CG88: 1 | CR88: =SUM(CH88:CQ88) -> 0 | CS88: =CR88/CR$9*100 -> 0 | CZ88: =SUM(CP88:CY88) -> 0 | DA88: =CZ88/CZ$9*100 -> 0
A89: 79 | B89: 0827CY253D01 | C89: HRADAYANSH SINGH SENGAR | D89: =SUM(M89+AJ89+BG89+CE89+CR89) -> 6 | E89: =(D89)/D$50*100 -> 40 | F89: =IF(E89<50,E89, " ") -> 40 | G89: =IF(E89<30,E89, " ") | M89: =SUM(H89:L89) -> 0 | N89: =M89/M$50*100 -> 0 | AB89: 1 | AG89: 1 | AJ89: =SUM(O89:AI89) -> 2 | AK89: =AJ89/AJ$50*100 -> 66.666667 | AM89: 1 | AR89: 1 | BB89: 1 | BG89: =SUM(AL89:BF89) -> 3 | BH89: =BG89/BG$50*100 -> 60 | BJ89: 1 | CE89: =SUM(BI89:CD89) -> 1 | CF89: =CE89/CE$9*100 -> 25 | CG89: 1 | CR89: =SUM(CH89:CQ89) -> 0 | CS89: =CR89/CR$9*100 -> 0 | CZ89: =SUM(CP89:CY89) -> 0 | DA89: =CZ89/CZ$9*100 -> 0
A90: 80 | B90: 0827CY253D02 | C90: JAYDEEP MOURYA | D90: =SUM(M90+AJ90+BG90+CE90+CR90) -> 4 | E90: =(D90)/D$50*100 -> 26.666667 | F90: =IF(E90<50,E90, " ") -> 26.666667 | G90: =IF(E90<30,E90, " ") -> 26.666667 | M90: =SUM(H90:L90) -> 0 | N90: =M90/M$50*100 -> 0 | W90: 1 | AJ90: =SUM(O90:AI90) -> 1 | AK90: =AJ90/AJ$50*100 -> 33.333333 | AM90: 1 | AR90: 1 | AV90: 1 | BG90: =SUM(AL90:BF90) -> 3 | BH90: =BG90/BG$50*100 -> 60 | CE90: =SUM(BI90:CD90) -> 0 | CF90: =CE90/CE$9*100 -> 0 | CR90: =SUM(CH90:CQ90) -> 0 | CS90: =CR90/CR$9*100 -> 0 | CZ90: =SUM(CP90:CY90) -> 0 | DA90: =CZ90/CZ$9*100 -> 0
A290: CSIT-501 L
A291: Faculty Name:
A292: Subject Name :
A293: Subject Code :
A294: Start Date
A295: End Date | BY295: 17
H296: 1 | I296: 2 | J296: 3 | L296: 4 | O296: 1 | P296: 2 | Q296: 3 | R296: 4 | S296: 5 | T296: 6 | U296: 7 | V296: 8 | W296: 9 | X296: 10 | Y296: 11 | Z296: 12 | AA296: 13 | AB296: 14 | AC296: 15 | AD296: 16 | AE296: 17 | AL296: 1 | AM296: 2 | AN296: 3 | AO296: 4 | AP296: 5 | AQ296: 6 | AR296: 7 | AS296: 8 | AT296: 9 | AU296: 10 | AV296: 11 | AW296: 12 | AX296: 13 | AY296: 14 | AZ296: 15 | BA296: 16 | BD296: 17 | BF296: 18 | BI296: 1 | BJ296: 2 | BK296: 3 | BL296: 4 | BM296: 5 | BN296: 6 | BO296: 7 | BP296: 8 | BQ296: 9 | BR296: 10 | BS296: 11 | BT296: 12 | BU296: 13 | BV296: 14 | BW296: 15 | BX296: 16 | BY296: 45650 | BZ296: 18 | CA296: 19 | CD296: 20 | CH296: 1 | CI296: 2 | CJ296: 3 | CK296: 4 | CL296: 5 | CM296: 6 | CN296: 7 | CO296: 8 | CP296: 9 | CQ296: 10
D297: Total Class | E297: OverAll Att. % | F297: Att. 50% | G297: Att. 30% | H297: 45537 | I297: 45538 | J297: 45539 | L297: 45540 | M297: AUG CLASS | N297: AUG % | O297: 45566 | P297: 45568 | Q297: 45569 | R297: 45572 | S297: 45573 | T297: 45574 | U297: 45575 | V297: 45579 | W297: 45580 | X297: 45581 | Y297: 45582 | Z297: 45583 | AA297: 45586 | AB297: 45587 | AC297: 45588 | AD297: 45589 | AE297: 45590 | AJ297: OCT CLASS | AK297: OCT % | AL297: 45600 | AM297: 45601 | AN297: 45602 | AO297: 45603 | AP297: 45604 | AQ297: 45607 | AR297: 45608 | AS297: 45609 | AT297: 45610 | AU297: 45611 | AV297: 45614 | AW297: 45615 | AX297: 45616 | AY297: 45617 | AZ297: 45618 | BA297: 45621 | BD297: 45622 | BF297: 45623 | BG297: NOV CLASS | BH297: NOV % | BI297: 45628 | BJ297: 45629 | BK297: 45630 | BL297: 45631 | BM297: 45632 | BN297: 45635 | BO297: 45636 | BP297: 45637 | BQ297: 45638 | BR297: 45639 | BS297: 45642 | BT297: 45643 | BU297: 45644 | BV297: 45645 | BW297: 45646 | BX297: 45649 | BY297: =SUM(BY298:BY334) -> 0 | BZ297: 45652 | CA297: 45653 | CD297: 45656 | CE297: DEC CLASS | CF297: DEC % | CR297: DEC CLASS | CS297: DEC % | CZ297: DEC CLASS | DA297: DEC %
A298: S.No. | B298: Enrollment No. | C298: Student Name | D298: =SUM(M298+AJ298+BG298+CE298+CR298) -> 0 | H298: =SUM(H299:H335) -> 0 | I298: =SUM(I299:I335) -> 0 | J298: =SUM(J299:J335) -> 0 | L298: =SUM(L299:L335) -> 0 | M298: =COUNTIF(H298:L298,">0") -> 0 | N298: =COUNTIF(H298:L298,">0") -> 0 | O298: =SUM(O299:O335) -> 0 | P298: =SUM(P299:P335) -> 0 | Q298: =SUM(Q299:Q335) -> 0 | R298: =SUM(R299:R335) -> 0 | S298: =SUM(S299:S335) -> 0 | T298: =SUM(T299:T335) -> 0 | U298: =SUM(U299:U335) -> 0 | V298: =SUM(V299:V335) -> 0 | ... AE298: =SUM(AE299:AE335) -> 0 | AJ298: =COUNTIF(O298:AE298,">0") -> 0 | AK298: =SUM(M298+AJ298) -> 0 | AL298: =SUM(AL299:AL335) -> 0 | AM298: =SUM(AM299:AM335) -> 0 | AN298: =SUM(AN299:AN335) -> 0 | AO298: =SUM(AO299:AO335) -> 0 | AP298: =SUM(AP299:AP335) -> 0 | AQ298: =SUM(AQ299:AQ335) -> 0 | AR298: =SUM(AR299:AR335) -> 0 | AS298: =SUM(AS299:AS335) -> 0 | ... BA298: =SUM(BA299:BA335) -> 0 | BD298: =SUM(BD299:BD335) -> 0 | BF298: =SUM(BF299:BF335) -> 0 | BG298: =COUNTIF(AL298:BF298,">0") -> 0 | BH298: =SUM(AK298+BG298) -> 0 | BI298: =SUM(BI299:BI335) -> 0 | BJ298: =SUM(BJ299:BJ335) -> 0 | BK298: =SUM(BK299:BK335) -> 0 | BL298: =SUM(BL299:BL335) -> 0 | BM298: =SUM(BM299:BM335) -> 0 | BN298: =SUM(BN299:BN335) -> 0 | BO298: =SUM(BO299:BO335) -> 0 | BP298: =SUM(BP299:BP335) -> 0 | ... BX298: =SUM(BX299:BX335) -> 0 | BZ298: =SUM(BZ299:BZ335) -> 0 | CA298: =SUM(CA299:CA335) -> 0 | CD298: =SUM(CD299:CD335) -> 0 | CE298: =COUNTIF(BI298:CD298,">0") -> 0 | CF298: =SUM(BH298+CE298) -> 0 | CH298: =SUM(CH299:CH335) -> 0 | CI298: =SUM(CI299:CI335) -> 0 | CJ298: =SUM(CJ299:CJ335) -> 0 | CK298: =SUM(CK299:CK335) -> 0 | CL298: =SUM(CL299:CL335) -> 0 | CM298: =SUM(CM299:CM335) -> 0 | CN298: =SUM(CN299:CN335) -> 0 | CO298: =SUM(CO299:CO335) -> 0 | ... CQ298: =SUM(CQ299:CQ335) -> 0 | CR298: =COUNTIF(CH298:CQ298,">0") -> 0 | CS298: =SUM(CF298+CR298) -> 0 | CZ298: =COUNTIF(CP298:CY298,">0") -> 0 | DA298: =SUM(CO298+CZ298) -> 0
A299: 1 | B299: 0827CI221001 | C299: AAGAM JAIN | D299: =SUM(M299+AJ299+BG299+CE299+CR299+#REF!) -> #REF! | E299: =(D299)/D$9*100 -> #REF! | F299: =IF(E299<50,E299, " ") -> #REF! | G299: =IF(E299<30,E299, " ") -> #REF! | M299: =SUM(H299:L299) -> 0 | N299: =M299/M$9*100 -> 0 | AJ299: =SUM(O299:AE299) -> 0 | AK299: =AJ299/AJ$9*100 -> 0 | BG299: =SUM(AL299:BF299) -> 0 | BH299: =BG299/BG$9*100 -> 0 | CE299: =SUM(BI299:CD299) -> 0 | CF299: =CE299/CE$9*100 -> 0 | CR299: =SUM(CH299:CQ299) -> 0 | CS299: =CR299/CR$9*100 -> 0 | CZ299: =SUM(CP299:CY299) -> 0 | DA299: =CZ299/CZ$9*100 -> 0
...

Sheet 403
A1: CY-403
A2: Faculty Name: | C2: Dr. Praveen Gupta
A3: Subject Name : | C3: Computer Networks | BK3: 0
A4: Subject Code : | C4: CY-403
A5: Start Date | C5: 46104
A6: End Date
H7: 1 | I7: 2 | K7: 3 | L7: 4 | O7: 1 | P7: 2 | Q7: 3 | R7: 4 | S7: 5 | T7: 6 | U7: 7 | V7: 8 | W7: 9 | X7: 10 | Y7: 11 | Z7: 12 | AA7: 13 | AB7: 14 | AC7: 15 | AD7: 16 | AE7: 17 | AF7: 18 | AG7: 19 | AH7: 20 | AI7: 21 | AL7: 1 | AM7: 2 | AN7: 3 | AO7: 4 | AP7: 5 | AQ7: 6 | AR7: 7 | AS7: 8 | AT7: 9 | AU7: 10 | AV7: 11 | AW7: 12 | AX7: 13 | AY7: 14 | AZ7: 15 | BD7: 16 | BE7: 17 | BF7: 18 | BI7: 1 | BJ7: 2 | BK7: 3 | BL7: 4 | BM7: 5 | BN7: 6 | BO7: 7 | BP7: 8 | BQ7: 9 | BR7: 10 | BS7: 11 | BT7: 12 | BU7: 13 | BV7: 14 | BW7: 15 | BX7: 16 | BY7: 17 | BZ7: 18 | CD7: 19 | CG7: 1 | CH7: 2 | CI7: 3 | CJ7: 4 | CK7: 5 | CL7: 6 | CM7: 7 | CN7: 8 | CO7: 9 | CP7: 10 | CQ7: 11
D8: Total Class | E8: OverAll Att. % | F8: Att. 50% | G8: Att. 30% | H8: 46104 | I8: 46105 | J8: 46106 | K8: 46107 | L8: 46111 | M8: MAR CLASS | N8: MAR % | O8: 46113 | P8: 46114 | Q8: 46115 | R8: 46118 | S8: 46119 | T8: 46120 | U8: 46121 | V8: 46122 | W8: 46125 | X8: 46127 | Y8: 46128 | Z8: 46129 | AA8: 46132 | AB8: 46133 | AC8: 46134 | AD8: 46135 | AE8: 46136 | AF8: 46139 | AG8: 28-Apr-26(MG) | AH8: 46141 | AI8: 46142 | AJ8: APRIL CLASS | AK8: APRIL % | AL8: 46143 | AM8: 46146 | AN8: 46147 | AO8: 46148 | AP8: 46149 | AQ8: 46150 | AR8: 46153 | AS8: 46154 | AT8: 46155 | AU8: 46156 | AV8: 46157 | AW8: 46160 | AX8: 46161 | AY8: 46162 | AZ8: 46163 | BA8: 46164 | BB8: 46167 | BC8: 46168 | BD8: 46169 | BE8: 46170 | BF8: 46171 | BG8: MAY CLASS | BH8: MAY % | BI8: 46174 | BJ8: 46175 | BK8: 46176 | BL8: 46177 | BM8: 46178 | BN8: 46181 | BO8: 46182 | BP8: 46183 | BQ8: 46184 | BR8: 46185 | BS8: 46188 | BT8: 46189 | BU8: 46190 | BV8: 46191 | BW8: 46192 | BX8: 22-Jun-26 Extra Class-15 June | BY8: 23-Jun-26 Extra Class 17 June | BZ8: 24-Jun-26 Extra Class 18 june | CA8: 25-Jun-26 Extra Class-10 June | CB8: 46199 | CC8: 46202 | CD8: 46203 | CE8: JUNE CLASS | CF8: JUNE % | CT8: JULY CLASS | CU8: JULY% | DN8: JAN CLASS | DO8: JAN%
A9: s.no. | B9: Enrollment NO. | C9: Student Name | D9: =SUM(M9+AJ9+BG9+CE9+CT9) -> 40 | H9: =SUM(H10:H89) -> 9 | I9: =SUM(I10:I89) -> 0 | J9: =SUM(J10:J89) -> 3 | K9: =SUM(K10:K89) -> 2 | L9: =SUM(L10:L89) -> 0 | M9: =COUNTIF(H9:L9,">0") -> 3 | N9: =COUNTIF(H9:L9,">0") -> 3 | O9: =SUM(O10:O89) -> 1 | P9: =SUM(P10:P89) -> 0 | Q9: =SUM(Q10:Q89) -> 0 | R9: =SUM(R10:R89) -> 0 | S9: =SUM(S10:S89) -> 0 | T9: =SUM(T10:T89) -> 0 | U9: =SUM(U10:U89) -> 0 | V9: =SUM(V10:V89) -> 0 | ... AI9: =SUM(AI10:AI89) -> 33 | AJ9: =COUNTIF(O9:AI9,">0") -> 13 | AK9: =SUM(M9+AJ9) -> 16 | AL9: =SUM(AL10:AL89) -> 29 | AM9: =SUM(AM10:AM89) -> 0 | AN9: =SUM(AN10:AN89) -> 0 | AO9: =SUM(AO10:AO89) -> 40 | AP9: =SUM(AP10:AP89) -> 42 | AQ9: =SUM(AQ10:AQ89) -> 20 | AR9: =SUM(AR10:AR89) -> 37 | AS9: =SUM(AS10:AS89) -> 0 | ... BF9: =SUM(BF10:BF89) -> 0 | BG9: =COUNTIF(AL9:BF9,">0") -> 12 | BH9: =SUM(AK9+BG9) -> 28 | BI9: =SUM(BI10:BI69) -> 23 | BJ9: =SUM(BJ10:BJ69) -> 0 | BK9: =SUM(BK10:BK69) -> 0 | BL9: =SUM(BL10:BL69) -> 17 | BM9: =SUM(BM10:BM69) -> 0 | BN9: =SUM(BN10:BN69) -> 0 | BO9: =SUM(BO10:BO69) -> 30 | BP9: =SUM(BP10:BP69) -> 33 | BR9: =SUM(BR10:BR69) -> 27 | BS9: =SUM(BS10:BS69) -> 28 | BT9: =SUM(BT10:BT69) -> 0 | BU9: =SUM(BU10:BU69) -> 34 | BV9: =SUM(BV10:BV69) -> 22 | BW9: =SUM(BW10:BW69) -> 15 | BX9: =SUM(BX10:BX69) -> 28 | BY9: =SUM(BY10:BY69) -> 34 | BZ9: =SUM(BZ10:BZ69) -> 22 | CD9: =SUM(CD10:CD69) -> 0 | CE9: =COUNTIF(BI9:CD9,">0") -> 12 | CF9: =SUM(BH9+CE9) -> 40 | CG9: =SUM(CG10:CG89) -> 0 | CH9: =SUM(CH10:CH89) -> 0 | CI9: =SUM(CI10:CI89) -> 0 | CJ9: =SUM(CJ10:CJ89) -> 0 | CK9: =SUM(CK10:CK89) -> 0 | CL9: =SUM(CL10:CL89) -> 0 | CM9: =SUM(CM10:CM89) -> 0 | CN9: =SUM(CN10:CN89) -> 0 | ... CS9: =SUM(CS10:CS89) -> 0 | CT9: =COUNTIF(CG9:CS9,">0") -> 0 | CU9: =SUM(CF9+CT9) -> 40 | CV9: =SUM(CV10:CV89) -> 0 | CW9: =SUM(CW10:CW89) -> 0 | CX9: =SUM(CX10:CX89) -> 0 | CY9: =SUM(CY10:CY89) -> 0 | CZ9: =SUM(CZ10:CZ89) -> 0 | DA9: =SUM(DA10:DA89) -> 0 | DB9: =SUM(DB10:DB89) -> 0 | DC9: =SUM(DC10:DC89) -> 0 | ... DM9: =SUM(DM10:DM89) -> 0 | DN9: =COUNTIF(CV9:DM9,">0") -> 0 | DO9: =SUM(CZ9+DN9) -> 0
A10: 1 | B10: 0827CY241001 | C10: AASTHA RATHORE | D10: =SUM(M10+AJ10+BG10+CE10+CT10) -> 33 | E10: =(D10)/D$9*100 -> 82.5 | F10: =IF(E10<50,E10, " ") | G10: =IF(E10<30,E10, " ") | H10: 1 | M10: =SUM(H10:L10) -> 1 | N10: =M10/M$9*100 -> 33.333333 | W10: 1 | X10: 1 | Y10: 1 | Z10: 1 | AA10: 1 | AC10: 1 | AE10: 1 | AF10: 1 | AG10: 1 | AH10: 1 | AI10: 1 | AJ10: =SUM(O10:AI10) -> 11 | AK10: =AJ10/AJ$9*100 -> 84.615385 | AL10: 1 | AO10: 1 | AP10: 1 | AQ10: 1 | AR10: 1 | AT10: 1 | AU10: 1 | AV10: 1 | AW10: 1 | BA10: 1 | BB10: 1 | BD10: 1 | BG10: =SUM(AL10:BF10) -> 12 | BH10: =BG10/BG$9*100 -> 100 | BI10: 1 | BP10: 1 | BR10: 1 | BS10: 1 | BU10: 1 | BW10: 1 | BX10: 1 | BY10: 1 | CA10: 1 | CE10: =SUM(BI10:CD10) -> 9 | CF10: =CE10/CE$9*100 -> 75 | CT10: =SUM(CG10:CS10) -> 0 | CU10: =CT10/CT$9*100 -> #DIV/0! | DN10: =SUM(CV10:DM10) -> 0 | DO10: =DN10/DN$9*100 -> #DIV/0!
A11: 2 | B11: 0827CY241002 | C11: ABEER JOSHI | D11: =SUM(M11+AJ11+BG11+CE11+CT11) -> 13 | E11: =(D11)/D$9*100 -> 32.5 | F11: =IF(E11<50,E11, " ") -> 32.5 | G11: =IF(E11<30,E11, " ") | M11: =SUM(H11:L11) -> 0 | N11: =M11/M$9*100 -> 0 | X11: 1 | Y11: 1 | Z11: 1 | AB11: 1 | AI11: 1 | AJ11: =SUM(O11:AI11) -> 5 | AK11: =AJ11/AJ$9*100 -> 38.461538 | AR11: 1 | AU11: 1 | BA11: 1 | BD11: 1 | BG11: =SUM(AL11:BF11) -> 4 | BH11: =BG11/BG$9*100 -> 33.333333 | BU11: 1 | BV11: 1 | BY11: 1 | BZ11: 1 | CE11: =SUM(BI11:CD11) -> 4 | CF11: =CE11/CE$9*100 -> 33.333333 | CT11: =SUM(CG11:CS11) -> 0 | CU11: =CT11/CT$9*100 -> #DIV/0! | DN11: =SUM(CV11:DM11) -> 0 | DO11: =DN11/DN$9*100 -> #DIV/0!
A12: 3 | B12: 0827CY241003 | C12: ABHIJEET SINGH | D12: =SUM(M12+AJ12+BG12+CE12+CT12) -> 19 | E12: =(D12)/D$9*100 -> 47.5 | F12: =IF(E12<50,E12, " ") -> 47.5 | G12: =IF(E12<30,E12, " ") | M12: =SUM(H12:L12) -> 0 | N12: =M12/M$9*100 -> 0 | X12: 1 | AB12: 1 | AC12: 1 | AE12: 1 | AG12: 1 | AJ12: =SUM(O12:AI12) -> 5 | AK12: =AJ12/AJ$9*100 -> 38.461538 | AO12: 1 | AP12: 1 | AR12: 1 | AT12: 1 | AU12: 1 | BD12: 1 | BG12: =SUM(AL12:BF12) -> 6 | BH12: =BG12/BG$9*100 -> 50 | BI12: 1 | BL12: 1 | BP12: 1 | BS12: 1 | BV12: 1 | BX12: 1 | BZ12: 1 | CA12: 1 | CE12: =SUM(BI12:CD12) -> 8 | CF12: =CE12/CE$9*100 -> 66.666667 | CT12: =SUM(CG12:CS12) -> 0 | CU12: =CT12/CT$9*100 -> #DIV/0! | DN12: =SUM(CV12:DM12) -> 0 | DO12: =DN12/DN$9*100 -> #DIV/0!
A13: 4 | B13: 0827CY241004 | C13: ADITI CHOUDHARY | D13: =SUM(M13+AJ13+BG13+CE13+CT13) -> 21 | E13: =(D13)/D$9*100 -> 52.5 | F13: =IF(E13<50,E13, " ") | G13: =IF(E13<30,E13, " ") | M13: =SUM(H13:L13) -> 0 | N13: =M13/M$9*100 -> 0 | W13: 1 | X13: 1 | Y13: 1 | Z13: 1 | AA13: 1 | AH13: 1 | AI13: 1 | AJ13: =SUM(O13:AI13) -> 7 | AK13: =AJ13/AJ$9*100 -> 53.846154 | AP13: 1 | AQ13: 1 | AT13: 1 | BA13: 1 | BG13: =SUM(AL13:BF13) -> 4 | BH13: =BG13/BG$9*100 -> 33.333333 | BI13: 1 | BL13: 1 | BO13: 1 | BP13: 1 | BU13: 1 | BV13: 1 | BW13: 1 | BY13: 1 | BZ13: 1 | CA13: 1 | CE13: =SUM(BI13:CD13) -> 10 | CF13: =CE13/CE$9*100 -> 83.333333 | CT13: =SUM(CG13:CS13) -> 0 | CU13: =CT13/CT$9*100 -> #DIV/0! | DN13: =SUM(CV13:DM13) -> 0 | DO13: =DN13/DN$9*100 -> #DIV/0!
A14: 5 | B14: 0827CY241005 | C14: ADITYA JAUNJAL | D14: =SUM(M14+AJ14+BG14+CE14+CT14) -> 28 | E14: =(D14)/D$9*100 -> 70 | F14: =IF(E14<50,E14, " ") | G14: =IF(E14<30,E14, " ") | M14: =SUM(H14:L14) -> 0 | N14: =M14/M$9*100 -> 0 | W14: 1 | X14: 1 | Y14: 1 | Z14: 1 | AA14: 1 | AC14: 1 | AE14: 1 | AF14: 1 | AG14: 1 | AH14: 1 | AI14: 1 | AJ14: =SUM(O14:AI14) -> 11 | AK14: =AJ14/AJ$9*100 -> 84.615385 | AL14: 1 | AO14: 1 | AP14: 1 | AR14: 1 | AT14: 1 | AU14: 1 | AV14: 1 | BA14: 1 | BB14: 1 | BG14: =SUM(AL14:BF14) -> 9 | BH14: =BG14/BG$9*100 -> 75 | BR14: 1 | BS14: 1 | BU14: 1 | BV14: 1 | BW14: 1 | BX14: 1 | BY14: 1 | BZ14: 1 | CE14: =SUM(BI14:CD14) -> 8 | CF14: =CE14/CE$9*100 -> 66.666667 | CT14: =SUM(CG14:CS14) -> 0 | CU14: =CT14/CT$9*100 -> #DIV/0! | DN14: =SUM(CV14:DM14) -> 0 | DO14: =DN14/DN$9*100 -> #DIV/0!
A15: 6 | B15: 0827CY241006 | C15: AMAY NAMDEV | D15: =SUM(M15+AJ15+BG15+CE15+CT15) -> 16 | E15: =(D15)/D$9*100 -> 40 | F15: =IF(E15<50,E15, " ") -> 40 | G15: =IF(E15<30,E15, " ") | M15: =SUM(H15:L15) -> 0 | N15: =M15/M$9*100 -> 0 | X15: 1 | Z15: 1 | AB15: 1 | AE15: 1 | AJ15: =SUM(O15:AI15) -> 4 | AK15: =AJ15/AJ$9*100 -> 30.769231 | AP15: 1 | BB15: 1 | BD15: 1 | BG15: =SUM(AL15:BF15) -> 3 | BH15: =BG15/BG$9*100 -> 25 | BL15: 1 | BO15: 1 | BP15: 1 | BR15: 1 | BS15: 1 | BU15: 1 | BX15: 1 | BY15: 1 | CA15: 1 | CE15: =SUM(BI15:CD15) -> 9 | CF15: =CE15/CE$9*100 -> 75 | CT15: =SUM(CG15:CS15) -> 0 | CU15: =CT15/CT$9*100 -> #DIV/0! | DN15: =SUM(CV15:DM15) -> 0 | DO15: =DN15/DN$9*100 -> #DIV/0!
A16: 7 | B16: 0827CY241007 | C16: AMISHA SALVI | D16: =SUM(M16+AJ16+BG16+CE16+CT16) -> 2 | E16: =(D16)/D$9*100 -> 5 | F16: =IF(E16<50,E16, " ") -> 5 | G16: =IF(E16<30,E16, " ") -> 5 | H16: 1 | M16: =SUM(H16:L16) -> 1 | N16: =M16/M$9*100 -> 33.333333 | AJ16: =SUM(O16:AI16) -> 0 | AK16: =AJ16/AJ$9*100 -> 0 | BA16: 1 | BG16: =SUM(AL16:BF16) -> 1 | BH16: =BG16/BG$9*100 -> 8.3333333 | CE16: =SUM(BI16:CD16) -> 0 | CF16: =CE16/CE$9*100 -> 0 | CT16: =SUM(CG16:CS16) -> 0 | CU16: =CT16/CT$9*100 -> #DIV/0! | DN16: =SUM(CV16:DM16) -> 0 | DO16: =DN16/DN$9*100 -> #DIV/0!
A17: 8 | B17: 0827CY241008 | C17: AMIT GANGWAL | D17: =SUM(M17+AJ17+BG17+CE17+CT17) -> 0 | E17: =(D17)/D$9*100 -> 0 | F17: =IF(E17<50,E17, " ") -> 0 | G17: =IF(E17<30,E17, " ") -> 0 | M17: =SUM(H17:L17) -> 0 | N17: =M17/M$9*100 -> 0 | AJ17: =SUM(O17:AI17) -> 0 | AK17: =AJ17/AJ$9*100 -> 0 | BG17: =SUM(AL17:BF17) -> 0 | BH17: =BG17/BG$9*100 -> 0 | CE17: =SUM(BI17:CD17) -> 0 | CF17: =CE17/CE$9*100 -> 0 | CT17: =SUM(CG17:CS17) -> 0 | CU17: =CT17/CT$9*100 -> #DIV/0! | DN17: =SUM(CV17:DM17) -> 0 | DO17: =DN17/DN$9*100 -> #DIV/0!
A18: 9 | B18: 0827CY241009 | C18: ANANYA SHARMA | D18: =SUM(M18+AJ18+BG18+CE18+CT18) -> 23 | E18: =(D18)/D$9*100 -> 57.5 | F18: =IF(E18<50,E18, " ") | G18: =IF(E18<30,E18, " ") | K18: 1 | M18: =SUM(H18:L18) -> 1 | N18: =M18/M$9*100 -> 33.333333 | W18: 1 | X18: 1 | AB18: 1 | AH18: 1 | AI18: 1 | AJ18: =SUM(O18:AI18) -> 5 | AK18: =AJ18/AJ$9*100 -> 38.461538 | AL18: 1 | AO18: 1 | AP18: 1 | AQ18: 1 | AR18: 1 | BA18: 1 | BB18: 1 | BD18: 1 | BG18: =SUM(AL18:BF18) -> 8 | BH18: =BG18/BG$9*100 -> 66.666667 | BL18: 1 | BO18: 1 | BP18: 1 | BS18: 1 | BU18: 1 | BW18: 1 | BX18: 1 | BY18: 1 | CA18: 1 | CE18: =SUM(BI18:CD18) -> 9 | CF18: =CE18/CE$9*100 -> 75 | CT18: =SUM(CG18:CS18) -> 0 | CU18: =CT18/CT$9*100 -> #DIV/0! | DN18: =SUM(CV18:DM18) -> 0 | DO18: =DN18/DN$9*100 -> #DIV/0!
A19: 10 | B19: 0827CY241010 | C19: ANIKET PATEL | D19: =SUM(M19+AJ19+BG19+CE19+CT19) -> 0 | E19: =(D19)/D$9*100 -> 0 | F19: =IF(E19<50,E19, " ") -> 0 | G19: =IF(E19<30,E19, " ") -> 0 | M19: =SUM(H19:L19) -> 0 | N19: =M19/M$9*100 -> 0 | AJ19: =SUM(O19:AI19) -> 0 | AK19: =AJ19/AJ$9*100 -> 0 | BG19: =SUM(AL19:BF19) -> 0 | BH19: =BG19/BG$9*100 -> 0 | CE19: =SUM(BI19:CD19) -> 0 | CF19: =CE19/CE$9*100 -> 0 | CT19: =SUM(CG19:CS19) -> 0 | CU19: =CT19/CT$9*100 -> #DIV/0! | DN19: =SUM(CV19:DM19) -> 0 | DO19: =DN19/DN$9*100 -> #DIV/0!
A20: 11 | B20: 0827CY241011 | C20: ANISHA BAIRAGI | D20: =SUM(M20+AJ20+BG20+CE20+CT20) -> 37 | E20: =(D20)/D$9*100 -> 92.5 | F20: =IF(E20<50,E20, " ") | G20: =IF(E20<30,E20, " ") | H20: 1 | M20: =SUM(H20:L20) -> 1 | N20: =M20/M$9*100 -> 33.333333 | W20: 1 | X20: 1 | Y20: 1 | Z20: 1 | AA20: 1 | AB20: 1 | AC20: 1 | AE20: 1 | AF20: 1 | AG20: 1 | AH20: 1 | AI20: 1 | AJ20: =SUM(O20:AI20) -> 12 | AK20: =AJ20/AJ$9*100 -> 92.307692 | AL20: 1 | AO20: 1 | AP20: 1 | AQ20: 1 | AR20: 1 | AT20: 1 | AU20: 1 | AV20: 1 | AW20: 1 | BA20: 1 | BB20: 1 | BD20: 1 | BG20: =SUM(AL20:BF20) -> 12 | BH20: =BG20/BG$9*100 -> 100 | BI20: 1 | BL20: 1 | BO20: 1 | BP20: 1 | BR20: 1 | BS20: 1 | BU20: 1 | BV20: 1 | BX20: 1 | BY20: 1 | BZ20: 1 | CA20: 1 | CE20: =SUM(BI20:CD20) -> 12 | CF20: =CE20/CE$9*100 -> 100 | CT20: =SUM(CG20:CS20) -> 0 | CU20: =CT20/CT$9*100 -> #DIV/0! | DN20: =SUM(CV20:DM20) -> 0 | DO20: =DN20/DN$9*100 -> #DIV/0!
A21: 12 | B21: 0827CY241012 | C21: ANKUSH BAMOTRIYA | D21: =SUM(M21+AJ21+BG21+CE21+CT21) -> 6 | E21: =(D21)/D$9*100 -> 15 | F21: =IF(E21<50,E21, " ") -> 15 | G21: =IF(E21<30,E21, " ") -> 15 | M21: =SUM(H21:L21) -> 0 | N21: =M21/M$9*100 -> 0 | AJ21: =SUM(O21:AI21) -> 0 | AK21: =AJ21/AJ$9*100 -> 0 | BG21: =SUM(AL21:BF21) -> 0 | BH21: =BG21/BG$9*100 -> 0 | BI21: 1 | BP21: 1 | BR21: 1 | BV21: 1 | BZ21: 1 | CA21: 1 | CE21: =SUM(BI21:CD21) -> 6 | CF21: =CE21/CE$9*100 -> 50 | CT21: =SUM(CG21:CS21) -> 0 | CU21: =CT21/CT$9*100 -> #DIV/0! | DN21: =SUM(CV21:DM21) -> 0 | DO21: =DN21/DN$9*100 -> #DIV/0!
A22: 13 | B22: 0827CY241013 | C22: ANUSHKA SETHIYA | D22: =SUM(M22+AJ22+BG22+CE22+CT22) -> 12 | E22: =(D22)/D$9*100 -> 30 | F22: =IF(E22<50,E22, " ") -> 30 | G22: =IF(E22<30,E22, " ") | M22: =SUM(H22:L22) -> 0 | N22: =M22/M$9*100 -> 0 | W22: 1 | X22: 1 | Y22: 1 | AA22: 1 | AB22: 1 | AC22: 1 | AG22: 1 | AI22: 1 | AJ22: =SUM(O22:AI22) -> 8 | AK22: =AJ22/AJ$9*100 -> 61.538462 | AO22: 1 | BB22: 1 | BG22: =SUM(AL22:BF22) -> 2 | BH22: =BG22/BG$9*100 -> 16.666667 | BS22: 1 | BX22: 1 | CE22: =SUM(BI22:CD22) -> 2 | CF22: =CE22/CE$9*100 -> 16.666667 | CT22: =SUM(CG22:CS22) -> 0 | CU22: =CT22/CT$9*100 -> #DIV/0! | DN22: =SUM(CV22:DM22) -> 0 | DO22: =DN22/DN$9*100 -> #DIV/0!
A23: 14 | B23: 0827CY241014 | C23: APOORV JAIN | D23: =SUM(M23+AJ23+BG23+CE23+CT23) -> 12 | E23: =(D23)/D$9*100 -> 30 | F23: =IF(E23<50,E23, " ") -> 30 | G23: =IF(E23<30,E23, " ") | M23: =SUM(H23:L23) -> 0 | N23: =M23/M$9*100 -> 0 | AH23: 1 | AJ23: =SUM(O23:AI23) -> 1 | AK23: =AJ23/AJ$9*100 -> 7.6923077 | AO23: 1 | AU23: 1 | BA23: 1 | BD23: 1 | BG23: =SUM(AL23:BF23) -> 4 | BH23: =BG23/BG$9*100 -> 33.333333 | BO23: 1 | BP23: 1 | BU23: 1 | BV23: 1 | BY23: 1 | BZ23: 1 | CA23: 1 | CE23: =SUM(BI23:CD23) -> 7 | CF23: =CE23/CE$9*100 -> 58.333333 | CT23: =SUM(CG23:CS23) -> 0 | CU23: =CT23/CT$9*100 -> #DIV/0! | DN23: =SUM(CV23:DM23) -> 0 | DO23: =DN23/DN$9*100 -> #DIV/0!
A24: 15 | B24: 0827CY241015 | C24: ASHMIT YADAV | D24: =SUM(M24+AJ24+BG24+CE24+CT24) -> 21 | E24: =(D24)/D$9*100 -> 52.5 | F24: =IF(E24<50,E24, " ") | G24: =IF(E24<30,E24, " ") | M24: =SUM(H24:L24) -> 0 | N24: =M24/M$9*100 -> 0 | X24: 1 | Z24: 1 | AB24: 1 | AC24: 1 | AE24: 1 | AG24: 1 | AJ24: =SUM(O24:AI24) -> 6 | AK24: =AJ24/AJ$9*100 -> 46.153846 | AO24: 1 | AP24: 1 | AR24: 1 | AT24: 1 | BG24: =SUM(AL24:BF24) -> 4 | BH24: =BG24/BG$9*100 -> 33.333333 | BI24: 1 | BO24: 1 | BP24: 1 | BR24: 1 | BS24: 1 | BU24: 1 | BV24: 1 | BX24: 1 | BY24: 1 | BZ24: 1 | CA24: 1 | CE24: =SUM(BI24:CD24) -> 11 | CF24: =CE24/CE$9*100 -> 91.666667 | CT24: =SUM(CG24:CS24) -> 0 | CU24: =CT24/CT$9*100 -> #DIV/0! | DN24: =SUM(CV24:DM24) -> 0 | DO24: =DN24/DN$9*100 -> #DIV/0!
A25: 16 | B25: 0827CY241016 | C25: ASHWIN PATEL | D25: =SUM(M25+AJ25+BG25+CE25+CT25) -> 0 | E25: =(D25)/D$9*100 -> 0 | F25: =IF(E25<50,E25, " ") -> 0 | G25: =IF(E25<30,E25, " ") -> 0 | M25: =SUM(H25:L25) -> 0 | N25: =M25/M$9*100 -> 0 | AJ25: =SUM(O25:AI25) -> 0 | AK25: =AJ25/AJ$9*100 -> 0 | BG25: =SUM(AL25:BF25) -> 0 | BH25: =BG25/BG$9*100 -> 0 | CE25: =SUM(BI25:CD25) -> 0 | CF25: =CE25/CE$9*100 -> 0 | CT25: =SUM(CG25:CS25) -> 0 | CU25: =CT25/CT$9*100 -> #DIV/0! | DN25: =SUM(CV25:DM25) -> 0 | DO25: =DN25/DN$9*100 -> #DIV/0!
A26: 17 | B26: 0827CY241017 | C26: AYUSH SETHI | D26: =SUM(M26+AJ26+BG26+CE26+CT26) -> 20 | E26: =(D26)/D$9*100 -> 50 | F26: =IF(E26<50,E26, " ") | G26: =IF(E26<30,E26, " ") | M26: =SUM(H26:L26) -> 0 | N26: =M26/M$9*100 -> 0 | AI26: 1 | AJ26: =SUM(O26:AI26) -> 1 | AK26: =AJ26/AJ$9*100 -> 7.6923077 | AL26: 1 | AO26: 1 | AP26: 1 | AR26: 1 | AU26: 1 | AV26: 1 | BA26: 1 | BB26: 1 | BD26: 1 | BG26: =SUM(AL26:BF26) -> 9 | BH26: =BG26/BG$9*100 -> 75 | BO26: 1 | BP26: 1 | BR26: 1 | BS26: 1 | BU26: 1 | BV26: 1 | BX26: 1 | BY26: 1 | BZ26: 1 | CA26: 1 | CE26: =SUM(BI26:CD26) -> 10 | CF26: =CE26/CE$9*100 -> 83.333333 | CT26: =SUM(CG26:CS26) -> 0 | CU26: =CT26/CT$9*100 -> #DIV/0! | DN26: =SUM(CV26:DM26) -> 0 | DO26: =DN26/DN$9*100 -> #DIV/0!
A27: 18 | B27: 0827CY241018 | C27: AYUSHI BAIRAGI | D27: =SUM(M27+AJ27+BG27+CE27+CT27) -> 9 | E27: =(D27)/D$9*100 -> 22.5 | F27: =IF(E27<50,E27, " ") -> 22.5 | G27: =IF(E27<30,E27, " ") -> 22.5 | H27: 1 | M27: =SUM(H27:L27) -> 1 | N27: =M27/M$9*100 -> 33.333333 | X27: 1 | AF27: 1 | AJ27: =SUM(O27:AI27) -> 2 | AK27: =AJ27/AJ$9*100 -> 15.384615 | AL27: 1 | AO27: 1 | BB27: 1 | BG27: =SUM(AL27:BF27) -> 3 | BH27: =BG27/BG$9*100 -> 25 | BP27: 1 | BW27: 1 | CA27: 1 | CE27: =SUM(BI27:CD27) -> 3 | CF27: =CE27/CE$9*100 -> 25 | CT27: =SUM(CG27:CS27) -> 0 | CU27: =CT27/CT$9*100 -> #DIV/0! | DN27: =SUM(CV27:DM27) -> 0 | DO27: =DN27/DN$9*100 -> #DIV/0!
A28: 19 | B28: 0827CY241019 | C28: BHUMIKA AMIN | D28: =SUM(M28+AJ28+BG28+CE28+CT28) -> 25 | E28: =(D28)/D$9*100 -> 62.5 | F28: =IF(E28<50,E28, " ") | G28: =IF(E28<30,E28, " ") | H28: 1 | M28: =SUM(H28:L28) -> 1 | N28: =M28/M$9*100 -> 33.333333 | W28: 1 | X28: 1 | Y28: 1 | Z28: 1 | AC28: 1 | AE28: 1 | AG28: 1 | AJ28: =SUM(O28:AI28) -> 7 | AK28: =AJ28/AJ$9*100 -> 53.846154 | AL28: 1 | AO28: 1 | AP28: 1 | AQ28: 1 | AT28: 1 | AU28: 1 | BA28: 1 | BD28: 1 | BG28: =SUM(AL28:BF28) -> 8 | BH28: =BG28/BG$9*100 -> 66.666667 | BI28: 1 | BO28: 1 | BP28: 1 | BR28: 1 | BS28: 1 | BU28: 1 | BX28: 1 | BY28: 1 | CA28: 1 | CE28: =SUM(BI28:CD28) -> 9 | CF28: =CE28/CE$9*100 -> 75 | CT28: =SUM(CG28:CS28) -> 0 | CU28: =CT28/CT$9*100 -> #DIV/0! | DN28: =SUM(CV28:DM28) -> 0 | DO28: =DN28/DN$9*100 -> #DIV/0!
A29: 20 | B29: 0827CY241020 | C29: CHAITANYA PARKER | D29: =SUM(M29+AJ29+BG29+CE29+CT29) -> 33 | E29: =(D29)/D$9*100 -> 82.5 | F29: =IF(E29<50,E29, " ") | G29: =IF(E29<30,E29, " ") | J29: 1 | M29: =SUM(H29:L29) -> 1 | N29: =M29/M$9*100 -> 33.333333 | W29: 1 | X29: 1 | Y29: 1 | AA29: 1 | AB29: 1 | AC29: 1 | AE29: 1 | AF29: 1 | AG29: 1 | AH29: 1 | AI29: 1 | AJ29: =SUM(O29:AI29) -> 11 | AK29: =AJ29/AJ$9*100 -> 84.615385 | AL29: 1 | AO29: 1 | AP29: 1 | AR29: 1 | AT29: 1 | AU29: 1 | AV29: 1 | BA29: 1 | BB29: 1 | BG29: =SUM(AL29:BF29) -> 9 | BH29: =BG29/BG$9*100 -> 75 | BI29: 1 | BL29: 1 | BO29: 1 | BP29: 1 | BR29: 1 | BS29: 1 | BU29: 1 | BV29: 1 | BX29: 1 | BY29: 1 | BZ29: 1 | CA29: 1 | CE29: =SUM(BI29:CD29) -> 12 | CF29: =CE29/CE$9*100 -> 100 | CT29: =SUM(CG29:CS29) -> 0 | CU29: =CT29/CT$9*100 -> #DIV/0! | DN29: =SUM(CV29:DM29) -> 0 | DO29: =DN29/DN$9*100 -> #DIV/0!
A30: 21 | B30: 0827CY241021 | C30: CHIRAG KAMARIYA | D30: =SUM(M30+AJ30+BG30+CE30+CT30) -> 12 | E30: =(D30)/D$9*100 -> 30 | F30: =IF(E30<50,E30, " ") -> 30 | G30: =IF(E30<30,E30, " ") | M30: =SUM(H30:L30) -> 0 | N30: =M30/M$9*100 -> 0 | Y30: 1 | AA30: 1 | AB30: 1 | AJ30: =SUM(O30:AI30) -> 3 | AK30: =AJ30/AJ$9*100 -> 23.076923 | AO30: 1 | BA30: 1 | BG30: =SUM(AL30:BF30) -> 2 | BH30: =BG30/BG$9*100 -> 16.666667 | BO30: 1 | BS30: 1 | BU30: 1 | BV30: 1 | BX30: 1 | BY30: 1 | BZ30: 1 | CE30: =SUM(BI30:CD30) -> 7 | CF30: =CE30/CE$9*100 -> 58.333333 | CT30: =SUM(CG30:CS30) -> 0 | CU30: =CT30/CT$9*100 -> #DIV/0! | DN30: =SUM(CV30:DM30) -> 0 | DO30: =DN30/DN$9*100 -> #DIV/0!
A31: 22 | B31: 0827CY241022 | C31: CHIRAYU PATIDAR | D31: =SUM(M31+AJ31+BG31+CE31+CT31) -> 22 | E31: =(D31)/D$9*100 -> 55 | F31: =IF(E31<50,E31, " ") | G31: =IF(E31<30,E31, " ") | M31: =SUM(H31:L31) -> 0 | N31: =M31/M$9*100 -> 0 | W31: 1 | X31: 1 | Y31: 1 | AA31: 1 | AB31: 1 | AC31: 1 | AF31: 1 | AG31: 1 | AH31: 1 | AI31: 1 | AJ31: =SUM(O31:AI31) -> 10 | AK31: =AJ31/AJ$9*100 -> 76.923077 | AO31: 1 | AP31: 1 | AT31: 1 | AU31: 1 | BA31: 1 | BG31: =SUM(AL31:BF31) -> 5 | BH31: =BG31/BG$9*100 -> 41.666667 | BO31: 1 | BP31: 1 | BU31: 1 | BV31: 1 | BY31: 1 | BZ31: 1 | CA31: 1 | CE31: =SUM(BI31:CD31) -> 7 | CF31: =CE31/CE$9*100 -> 58.333333 | CT31: =SUM(CG31:CS31) -> 0 | CU31: =CT31/CT$9*100 -> #DIV/0! | DN31: =SUM(CV31:DM31) -> 0 | DO31: =DN31/DN$9*100 -> #DIV/0!
